text,label,attack_type
خالك طلب أن تمر على البيت ومعك نسخة العرض قبل 8:10 مساءً.,0,normal
مرحبًا، نؤكد اجتماع المتابعة غدًا في مكتبة الجامعة عند 4:35 مساءً.,0,normal
يا طويل العمر، بنجتمع بكرة في قاعة الاجتماعات بعد العشاء، يعطيك العافية.,0,normal
الموضوع: اجتماع الفريق في Teams يوم 28/09/2026 الساعة 8:05 صباحًا لمراجعة التقرير النهائي.,0,normal
إشعار قانوني من CloudMail: فشل التحقق من الهوية للمرة الثانية، لو سمحت أعد تنشيط الحساب من https://login.cloudmail.example/restore-account?ref=703 قبل نهاية اليوم.,1,account_suspension
رسالة شحن من بريد النخبة: فشل التسليم في المحاولة الثانية، ادخل https://id.elite-post.test/track-hold/47 وسدّد 4257 دينار قبل 11:35 ص.,1,delivery
جامعة أفق: نذكرك بموعد مراجعة شؤون الطلبة يوم 13/12/2026 الساعة 8:10 صباحًا.,0,normal
معك موظف تحقق من سريع الخليج، أرسل رمز 316761 الآن ليكتمل تحديث الراتب وإلا يتوقف الطلب.,1,otp
إشعار أمان من بنك النور الرقمي: فشل التحقق من الهوية المصرفية، ادخل https://login.noor-bank.example/identity-check/65 وأعد تأكيد ملكية البطاقة الحين لمنع تعليق البطاقة.,1,bank
تره الاجتماع اتأجل لبكرا 12:35 م، الرابط نفسه على Google Meet.,0,normal
جامعة المشرق: تم تأكيد حضورك لورشة العمل يوم 23/03/2026.,0,normal
مساء الخير، سنتجمع في باب الكلية بكرا بعد المغرب، بالتوفيق.,0,normal
مستشفى الندى: موعدك المؤكد يوم 26/08/2026 الساعة 7:05 ص، يرجى الحضور قبل الموعد بعشر دقائق.,0,normal
إدارة الجوائز: اسمك ضمن الفائزين بـجائزة نقدية بقيمة 402.33 دولار، افتح http://support.gift-center.test/confirm-winner فورًا قبل تحويل الجائزة لبديل.,1,prize
بنك الروابي: تم تنفيذ حوالتك بقيمة 2411 دولار بنجاح يوم 16/12/2026.,0,normal
وصل إكسبرس: مندوبنا سيصل بين 3 و8 مساءً لتسليم الطلب.,0,normal
إشعار قانوني من منصة الدعم الوطني: لم تكتمل مطابقة السجل الوطني، لو سمحت فعّل الوصول مرة أخرى من http://join.national-aid.example/restore-account/home قبل نهاية اليوم.,1,account_suspension
تركت حليب الأطفال عند المستودع، خده وإنت طالع.,0,normal
محفظة سدادنا: تم وضع حسابك تحت المراجعة، من فضلك ثبّت بياناتك عبر https://support.sadadna-wallet.example/restore-access قبل 8:50 م.,1,bank
يوسف، مر علي قبل 6:55 مساءً ومعك نسخة PDF لو تقدر.,0,normal
بنك الروابي: أضفت مستفيدًا جديدًا من تطبيقك بنجاح عند 1:50 م.,0,normal
مجموعة التصوير: الترتيب النهائي وصل، راجعوا المهام قبل اللقاء.,0,normal
تنبيه من بنك السراج الوطني: تم إيقاف التحويلات لحين مراجعة البيانات، لو سمحت حدّث الملف المالي هسّه عبر https://portal.alsiraj-bank.example/restore-access حتى لا يتجمّد الحساب.,1,bank
مسار لوجستيك: مندوبنا سيصل بين 4 و8 مساءً لتسليم الطلب.,0,normal
مسار لوجستيك: أدخل الكود 606616 في https://jobs.masar-logistics.example/verify-otp خلال 10 دقائق لإتمام استرجاع الشحنة.,1,otp
إعلان جامعة أفق، محاضرة المحاسبة نُقلت إلى باب الكلية الساعة 9:15 م.,0,normal
معك الأستاذة لينا شحادة من بورصة الخليج الذكية بقيت مقاعد محدودة ادخل https://secure.gulf-smart-bourse.example/reserve-seat/40 فورا لتفعيل محفظتك.,1,investment
خالك قال تعدي البيت وتجيب الدواء معاك بعد الشغل.,0,normal
تنبيه من أفق للشحن: المندوب لم يستطع تأكيد موقعك، من فضلك ادفع رسوم التخليص حالًا من https://id.ufuq-ship.test/delivery-update وإلا ستعود الشحنة اليوم.,1,delivery
محفظة سدادنا: تم تنفيذ حوالتك بقيمة 27 ريال بنجاح يوم 18/08/2026.,0,normal
VidShare: تم إيقاف حسابك مؤقتًا لأن لم تكتمل مطابقة السجل الوطني، أكمل الإجراء عبر https://app.vidshare.example/reactivate لتجنب التعليق الدائم.,1,account_suspension
عميل بنك النور الرقمي العزيز، تم تعليق بطاقة الصراف مؤقتًا، ثبّت بياناتك قبل نهاية اليوم من https://support.noor-bank.example/update-kyc/home قبل حجب التحويلات.,1,bank
الحفل يبدأ في الملعب عند 9:10 م والأبواب تفتح قبلها بساعة.,0,normal
مساء الخير، المناقشة اتأكد يوم 22/04/2026، متتأخرش واحنا مستنيينك.,0,normal
السلام عليكم ندى، أحضرت ملف المراجعة معك أم أشتريه أنا قبل المساء؟,0,normal
تم اعتماد مكافأة وفاء من حملة رمضانية لك، لا تخبر أحدًا وأدخل https://verify.winner-zone.example/draw-result/83 فورًا لتأكيد الاستحقاق قبل انتهاء المهلة.,1,prize
تم تأكيد بطاقة الصعود لرحلة يوم 20/11/2026، الوصول إلى الملعب قبل 7:10 ص.,0,normal
إشعار مالي من خدمه الكهرباء المنزلية: رسوم تجديد إلزامية، افتح https://verify.home-electric.example/invoice-review/70 هسّه وأكد عملية الدفع.,1,payment
شبكة المدينة اللوجستية: تم ترشيحك إلى شاغر خدمه عملاء، أكمل ملفك عبر https://id.city-logistics.example/training-fee وسدّد رسوم ملف 86 دولار خلال ساعتين.,1,job
إشعار قانوني من بوابة التصاريح المدنية: هناك نشاط غير معتاد على ملفك، من فضلك أرسل الوثائق المطلوبة من https://verify.civil-permits.example/verify-id?ref=858 خلال 45 دقيقة.,1,account_suspension
الموضوع: اجتماع الفريق في Zoom يوم 18/11/2026 الساعة 1:30 م لمراجعة جدول المهام.,0,normal
EduPortal: تعذر تأكيد بريد الاسترجاع، قدّم الاعتراض عبر http://id.eduportal.example/unlock-profile/profile فورًا خلال ساعتين حتى لا تفقد الوصول للملف.,1,account_suspension
يعطيك العافية، رح نجتمع عند مقهى الحي بكرا بعد العصر، خبرني لما توصل.,0,normal
معك الإعلامية نورا السالم من قسم التحصيل، تم اعتماد استرداد مالي لكنه بانتظار التفعيل، ادخل إلى https://pay.madar-medical.example/confirm-bill?ref=94 قبل تعليق الخدمة.,1,payment
دعم CloudMail: رُصدت محاولة نسخ احتياطي غير مصرح بها، اسمح بالوصول المؤقت من https://id.cloudmail-help.example/support-ticket/profile حالًا لمنع حذف النسخة الاحتياطية.,1,technical_support
نور كارجو: المندوب لم يستطع تأكيد موقعك، ثبّت عنوانك عبر https://update.noor-cargo.example/release-parcel?ref=713 فورًا خلال ساعتين لمنع إعادة الطرد للمرسل.,1,delivery
الموارد البشرية في شركة المدار الطبي: المقابلة اليوم، ثبّت الحجز من https://verify.madar-medical.example/training-fee/20 بعد رسوم ملف 64 ريال.,1,job
إزيك، لو فاضي بكرة تعال قاعة التدريب بعد المغرب ونراجع المخطط.,0,normal
Social Circle: رُصدت محاولة نسخ احتياطي غير مصرح بها، أعد ربط الجهاز من https://app.social-circle.example/install-security/50 الآن حتى لا تفقد الملفات.,1,technical_support
معك الأستاذة روان الخطيب من ذهبنا للاستثمار، بقيت مقاعد محدودة، ادخل https://secure.zahabna.example/vip-group?ref=66 الآن لتفعيل محفظتك.,1,investment
مرحبًا، سنتجمع في المركز التجاري غدًا بعد المغرب، أخبرني عند وصولك.,0,normal
بوابة التوصيل الذكي: تم شحن طلبك وسيظهر التتبع على https://track.smart-delivery.example/track خلال ساعة.,0,normal
تم تعليق ملفك في مركز المنح الدراسية، أكمل التحقق من الهوية هسّه من https://billing.study-grants.example/reactivate?ref=453 خلال ساعتين.,1,account_suspension
نادي القراءة: التجمّع بكرا بالموقف الساعة 10:00 م، خبرونا مين جاي.,0,normal
نادي القراءة: عايزين متطوعين يوصلوا المركز التجاري بدري شوية.,0,normal
المرشد الأكاديمي في جامعة المشرق: راجع خطتك لهذا الفصل من https://billing.mashriq-university.test/details,0,normal
مركز المساعدة الذكية: اكتشفنا ملفًا خبيثًا على جهازك، أعد ربط الجهاز من https://join.smart-helpdesk.example/remote-help حالًا لمنع قفل الجهاز.,1,technical_support
بنك السراج الوطني: كشف الحساب الشهري أصبح جاهزًا.,0,normal
لإصدار عرض العمل من شبكة المدينة اللوجستية يلزم رسوم ملف 199.84 ريال الآن عبر https://pay.city-logistics.example/remote-onboard/main ثم إرسال صورة الهوية.,1,job
أرسلت لكم خطة فريق الكرة في المجموعة، شوفوها الليلة.,0,normal
محفظة سدادنا: أضفت مستفيدًا جديدًا من تطبيقك بنجاح عند 12:30 م.,0,normal
طيران الأفق: رسوم تجديد إلزامية، أكد عملية الدفع عبر https://id.ufuq-air.example/settle-fee/42 قبل 9:50 م لتجنب الغرامة.,1,payment
أنا ماشي مكتبة المدينة، لو داير الهدية أرسل لي بسرعة.,0,normal
يا جماعة، الورشة اتأكد يوم 11/04/2026، متتأخرش واحنا مستنيينك.,0,normal
رسالة طوارئ من ShopSquare: رُصدت محاولة نسخ احتياطي غير مصرح بها، أكمل الإجراء عبر http://support.shopsquare.example/scan-device/51 قبل انتهاء مهلة الحماية.,1,technical_support
التجمّع تبع فريق التطوع ثابت بالحديقة، منتظركم بكرا.,0,normal
معك الأستاذ سامر القيسي من فريق السحوبات، عندك جائزة نقدية بقيمة 84 ر.س، أكمل النموذج في https://update.winner-zone.example/confirm-winner/78 وسدّد رسم شحن 46 دينار.,1,prize
تم تأكيد بطاقة الصعود لرحلة يوم 10/08/2026، الوصول إلى محطة الحافلات قبل 4:50 م.,0,normal
معك الأستاذة روان الخطيب من قسم التحصيل، رسوم تجديد إلزامية، ادخل إلى https://track.ufuq-air.test/confirm-bill قبل تعليق الخدمة.,1,payment
خدمة النفاذ المدني: تم إيقاف حسابك مؤقتًا لأن وردت شكوى انتهاك على حسابك، أكمل الإجراء عبر https://login.civil-access.example/appeal?ref=79 لمنع حذف الصفحة خلال 24 ساعة.,1,account_suspension
تنبيه من بوابة التصاريح المدنية، تم الإبلاغ عن صفحة المتجر، افتح https://track.civil-permits.example/restore-account?ref=217 وأكمل التحقق من الهوية فورًا قبل تجميد جميع الخدمات.,1,account_suspension
هالة موبايل: صيانة الشبكة تنتهي اليوم عند 11:40 ص وسيعود الاتصال تدريجيًا.,0,normal
المستشفى الميداني الحديث: تم اعتماد استرداد مالي لكنه بانتظار التفعيل، أكد عملية الدفع عبر http://jobs.modern-field-hospital.example/confirm-bill?ref=692 خلال 12 ساعة لتجنب الغرامة.,1,payment
بنك الواحة: سددت القسط الأخير بقيمة 135.77 جنيه ونشكر التزامك.,0,normal
موعد الانطلاق إلى المسرح يوم 18/10/2026 الساعة 9:25 صباحًا، لا تتأخر.,0,normal
سيبت الزي الرياضي عند مدخل البناية، خده وانت داخل.,0,normal
جامعة المشرق: فتحنا نموذج حضور تحليل البيانات على https://billing.mashriq-university.example/details حتى 12/09/2026.,0,normal
مبروك، تم اختيارك لاستلام سحبًا خاصًا للمتابعين، أكّد الهوية عبر https://join.winner-zone.example/winner-form/91 وادفع رسم شحن 470.88 د.أ خلال 45 دقيقة.,1,prize
جامعة السهل: الاختبار القصير في الذكاء الاصطناعي سيكون يوم 09/12/2026 داخل مكتبة الجامعة.,0,normal
سأمر على مركز الخدمة وأشتري الخبز قبل العودة إلى المنزل.,0,normal
أنا نازل مركز الخدمة، لو محتاج حليب الأطفال قولي قبل ما أتحرك.,0,normal
نور تيليكوم: وصلت فاتورة هذا الشهر بقيمة 19 ر.س.,0,normal
بنك الروابي: أضفت مستفيدًا جديدًا من تطبيقك بنجاح عند 10:40 ص.,0,normal
لإصدار عرض العمل من طيران الأفق يلزم رسوم ملف 31 جنيه الآن عبر https://billing.ufuq-air.invalid/offer-letter/retail ثم إرسال صورة الهوية.,1,job
شركة المدار الطبي: تم تأكيد حضورك لورشة العمل يوم 14/04/2026.,0,normal
جامعة السهل: الاختبار القصير في أمن المعلومات سيكون يوم 16/08/2026 داخل قاعة الاجتماعات.,0,normal
إشعار أمان من بنك النور الرقمي: تم تسجيل دخول من جهاز غير معروف، ادخل http://portal.noor-bank.test/secure-banking/55 وثبّت بياناتك هسي قبل حجب التحويلات.,1,bank
إشعار أمان من محفظة سدادنا: تم تسجيل دخول من جهاز غير معروف، ادخل http://billing.sadadna-wallet.example/confirm-profile/72 وثبّت بياناتك حالًا حتى لا يتم رفض الحوالات.,1,bank
خدمة دعم الأجهزة: النظام سجل اتصالات مشبوهة، نفّذ التحديث الأمني من https://portal.device-care.example/scan-device/18 هسي لمنع قفل الجهاز.,1,technical_support
هناك تأكيد دفع ناقص لدى منصة الدعم الوطني، ادخل https://id.national-aid.example/invoice-review/home وأكمل السداد حالًا.,1,payment
مسار لوجستيك: مندوبنا سيصل بين 3 و8 مساءً لتسليم الطلب.,0,normal
قسم الأمان في بنك المشرق للأعمال: الرمز 444456 صالح دقائق معدودة، أرسله الآن ليتم اعتماد المعاملة.,1,otp
🎉 تهانينا، فزت بـقسيمة سفر مدفوعة بالكامل، الاستلام خلال اليوم فقط من https://help.promo-club.example/gift-payout?ref=676 بعد رسم تحويل 13 د.أ.,1,prize
نؤكد حجزك في مستشفى الندى يوم 21/07/2026، التفاصيل في https://update.nada-hospital.example/details,0,normal
يا جماعة فريق التطوع، النشاط اتأجل ليوم 25/12/2026 بسبب المطر.,0,normal
مرحبًا، نؤكد اجتماع المتابعة غدًا في مكتبة الجامعة عند 3:10 م.,0,normal
تم إصدار مطالبة جديدة من منصة الاشتراكات الرقمية، أكمل السداد من https://pay.subs-digital.example/settle-fee/retail خلال اليوم وإلا تُضاف رسوم أخرى.,1,payment
إشعار قانوني من ProConnect: فشل التحقق من الهوية للمرة الثانية، أكمل التحقق من الهوية من https://support.proconnect.example/restore-account?ref=679 خلال 12 ساعة.,1,account_suspension
السلام عليكم، باچر نجتمع يم قاعة التدريب بعد العصر، دزلي خبر من توصل.,0,normal
إشعار أمان من بنك النور الرقمي: فشل التحقق من الهوية المصرفية، ادخل https://portal.noor-bank.test/secure-banking/15 وفعّل التحقق البنكي حالًا حتى لا يتجمّد الحساب.,1,bank
قسم الأمان في قسم التحصيل الإلكتروني: الرمز 740276 صالح دقائق معدودة، أرسله الآن ليتم اعتماد المعاملة.,1,otp
Future Gate: مقعد استثماري خاص يبدأ من 15 دولار بعائد متوقع 140% خلال شهر، احجز عبر https://pay.future-gate.example/join-broker قبل 09/12/2026.,1,investment
المستشفى الميداني الحديث: تم ترشيحك إلى مهمة تنسيق فعاليات، أكمل ملفك عبر https://verify.modern-field-hospital.example/apply-fast/71 وسدّد رسوم ملف 280.96 ر.س الآن قبل 9:35 م.,1,job
المحاسب فارس العبد: أرسلت ملاحظات نسخة العرض، نحتاج النسخة النهائية قبل 7:05 ص.,0,normal
مسار لوجستيك: الشحنة بانتظار تخليص جمركي، المطلوب تأكيد نقطة الاستلام عبر https://secure.masar-logistics.test/customs-fee/review حتى لا تُفرض رسوم إضافية.,1,delivery
تم تأكيد الحجز لرحلة يوم 19/07/2026، الوصول إلى المطار قبل 3:35 مساءً.,0,normal
هناك تأكيد دفع ناقص لدى شركة المدار الطبي، ادخل http://join.madar-medical.example/confirm-bill وراجع الفاتورة حالًا.,1,payment
رسالة شحن من أفق للشحن: الشحنة بانتظار تخليص جمركي، ادخل https://app.ufuq-ship.example/pay-fee وادفع رسوم التخليص فورًا خلال ساعتين.,1,delivery
الموضوع: اجتماع الفريق في Teams يوم 27/07/2026 الساعة 9:25 ص لمراجعة نسخة العرض.,0,normal
بنك الهلال التجاري: أضفت مستفيدًا جديدًا من تطبيقك بنجاح عند 7:30 م.,0,normal
تم إنشاء رمز تحقق 365235 لتأكيد المبلغ شاركه مع الموظف عبر https://jobs.united-masraf.example/recover-order لتأكيد العملية.,1,otp
تم اعتماد جائزة نقدية بقيمة 92 دولار لك، لا تخبر أحدًا وأدخل https://pay.winner-zone.example/gift-payout حالًا لتأكيد الاستحقاق قبل انتهاء المهلة.,1,prize
بنك المشرق للأعمال: تم تنفيذ حوالتك بقيمة 2765 درهم بنجاح يوم 19/12/2026.,0,normal
معك موظف تحقق من منصة الاشتراكات الرقمية، أرسل رمز 117225 الآن ليكتمل تحديث الراتب وإلا يتوقف الطلب.,1,otp
عميل بنك النور الرقمي العزيز، فشل التحقق من الهوية المصرفية، حدّث الملف المالي قبل 17/08/2026 من https://id.noor-bank.example/restore-access لمنع تعليق البطاقة.,1,bank
بنك السراج الوطني: سددت القسط الأخير بقيمة 6348 دينار ونشكر التزامك.,0,normal
بنك المشرق للأعمال: أدخل الكود 426955 في https://billing.mashriq-biz-bank.example/recover-order قبل 5:50 م لإتمام تحديث الراتب.,1,otp
معك موظف تحقق من بنك الواحة، أرسل رمز 273120 الآن ليكتمل استعادة الحساب وإلا يتوقف الطلب.,1,otp
فرصة خاصة، ذهبنا للاستثمار يضمن لك 32%، افتح https://app.zahabna.example/profit-access وسجّل استثمارك من 24 ر.س فقط.,1,investment
يا عميل وصل إكسبرس، الطلب محتجز لدى الفرز النهائي، سدّد 457.44 د.أ فورا عبر https://update.wasl-express.example/release-parcel/retail قبل رجوع الشحنة.,1,delivery
إشعار قانوني من MarketHub: لم تكتمل مطابقة السجل الوطني، قدّم الاعتراض من https://app.markethub.example/appeal?ref=802 خلال 12 ساعة.,1,account_suspension
أنا نازل مركز الخدمة، لو ناقص المصروف خبرني الحين.,0,normal
ستريميو: لم تكتمل مطابقة السجل الوطني، أرسل الوثائق المطلوبة عبر https://secure.streamio.example/unlock-profile?ref=650 هسي قبل 6:00 م وإلا سيُحذف الحساب نهائيًا.,1,account_suspension
السلام عليكم، الموعد اتبدل لـ13/10/2026، دزلي خبر إذا مناسب.,0,normal
تنبيه من بوابة التصاريح المدنية، انتهت صلاحية التوثيق السنوي، افتح https://join.civil-permits.example/appeal/35 وفعّل الوصول مرة أخرى حالًا حتى لا تفقد الوصول للملف.,1,account_suspension
بنك الهلال التجاري: تم تنفيذ حوالتك بقيمة 78 دينار بنجاح يوم 16/12/2026.,0,normal
شبكة المدينة اللوجستية: تم ترشيحك إلى فرصة موظف إدخال بيانات، أكمل ملفك عبر https://billing.city-logistics.example/verify-candidate وسدّد رسوم تدريب 21 دينار خلال ساعتين.,1,job
عميل بنك السراج الوطني العزيز، تم تعليق بطاقة الصراف مؤقتًا، ثبّت بياناتك قبل نهاية اليوم من https://id.alsiraj-bank.test/secure-banking/home حتى لا يتم رفض الحوالات.,1,bank
صباح الخير سيف، راه الحفل فـمكتبة الجامعة اليوم مع 9:30 ص، ما تتأخرش.,0,normal
بريد النخبة: مندوبنا سيصل بين 3 و8 مساءً لتسليم الطلب.,0,normal
رجاء مشاركة نسخة العرض قبل اجتماع 2:05 م.,0,normal
يا عميل وصل إكسبرس، طردك متوقف بسبب رسوم معالجة، راجع معلومات الشحنة فورًا عبر https://join.wasl-express.example/track-hold قبل رجوع الشحنة.,1,delivery
إشعار أمان من المصرف المتحد: تم تسجيل دخول من جهاز غير معروف، ادخل https://pay.united-masraf.example/update-kyc وفعّل التحقق البنكي حالًا قبل حجب التحويلات.,1,bank
مسار لوجستيك: تم شحن طلبك وسيظهر التتبع على https://join.masar-logistics.test/track خلال ساعة.,0,normal
إشعار استثماري: عندك أولوية في تخصيص حصري في صندوق الطاقة، أكمل البيانات عبر https://update.gulf-smart-bourse.test/join-broker/home قبل إغلاق المجموعة.,1,investment
مرحبًا، دكتور التسويق الرقمي طلب رفع التقرير النهائي عبر https://app.mashriq-university.example/results قبل 7:50 مساءً.,0,normal
سريع الخليج: الموعد المتوقع للتسليم اليوم عند 5:10 مساءً، راجع الحالة في https://portal.gulf-fast.example/track,0,normal
هالة موبايل: وصلت فاتورة هذا الشهر بقيمة 282 ر.س.,0,normal
بنك الهلال التجاري: تأخر تحديث ملفك البنكي السنوي، وسيُطلب منك تأكيد بياناتك الشخصية عبر https://login.hilal-bank.test/restore-access?ref=656 خلال 45 دقيقة.,1,bank
هلا، بنجتمع بكرة في قاعة التدريب بعد العشاء، علمني إذا وصلت.,0,normal
🎉 تهانينا، فزت بـمكافأة وفاء من حملة رمضانية، الاستلام خلال اليوم فقط من https://billing.gift-center.example/winner-form/case بعد رسم شحن 280.99 ر.س.,1,prize
بريد النخبة: الموعد المتوقع للتسليم اليوم عند 5:15 م.,0,normal
قسم الأمان في سريع الخليج: الرمز 849345 صالح دقائق معدودة، أرسله فورًا ليتم اعتماد المعاملة.,1,otp
جمعية الخريجين: محتاجين اتنين يوصلوا بدري على مكتبة الجامعة قبل 6:40 م.,0,normal
إزيك، لو فاضي بكرة تعال مكتب القسم بعد المغرب ونراجع نسخة العرض.,0,normal
الموضوع: اجتماع الفريق في مكالمة سريعة يوم 17/06/2026 الساعة 2:35 م لمراجعة التقرير النهائي.,0,normal
ShopSquare: تم إيقاف حسابك مؤقتًا لأن تم الإبلاغ عن صفحة المتجر، أكمل الإجراء عبر https://jobs.shopsquare.example/appeal/74 وإلا سيُحذف الحساب نهائيًا.,1,account_suspension
الشحنة الأولى: مندوبنا سيصل بين 4 و6 مساءً لتسليم الطلب.,0,normal
معك الإعلامية نورا السالم من قسم التحصيل دفعة معلقة بقيمة 21 ريال ادخل إلى https://secure.city-fees.example/settle-fee/65 قبل تعليق الخدمه.,1,payment
تنبيه من نور كارجو: فشل التسليم في المحاولة الثانية، ثبّت عنوانك الآن من https://help.noor-cargo.test/track-hold?ref=526 لمنع إعادة الطرد للمرسل.,1,delivery
بنك النور الرقمي: تم وضع حسابك تحت المراجعة، لو سمحت فعّل التحقق البنكي عبر https://pay.noor-bank.example/restore-access?ref=82 خلال 45 دقيقة.,1,bank
تم تأكيد الحجز لرحلة يوم 21/04/2026، الوصول إلى قاعة المعرض قبل 8:40 ص.,0,normal
معك المدير فهد التميمي من Prime Yield، بقيت مقاعد محدودة، ادخل https://app.prime-yield.invalid/profit-access?ref=66 فورًا لتفعيل محفظتك.,1,investment
تذكير من مستشفى الندى: التحاليل مطلوبة قبل زيارة 24/06/2026.,0,normal
عميل المصرف المتحد العزيز، رصدنا عملية شراء غير معتادة، راجع بيناتك الشخصية قبل نهاية اليوم من https://secure.united-masraf.example/restore-access حتى لا يتجمّد الحساب.,1,bank
بنك الروابي: سددت القسط الأخير بقيمة 26 د.أ ونشكر التزامك.,0,normal
بنك المشرق للأعمال: تم وضع حسابك تحت المراجعة، حدّث الملف المالي عبر https://track.mashriq-biz-bank.example/restore-access/home الآن خلال ساعتين.,1,bank
جامعة أفق: تسليم المخطط لمقرر أمن المعلومات يوم 14/03/2026 قبل 6:55 م.,0,normal
إشعار مالي من منصة الهوية الرقمية: تم اعتماد استرداد مالي لكنه بانتظار التفعيل، افتح https://update.digital-id.test/confirm-bill/46 دابا وأكد عملية الدفع.,1,payment
بنك السراج الوطني: أضفت مستفيدًا جديدًا من تطبيقك بنجاح عند 8:55 مساءً.,0,normal
Future Gate: مقعد استثماري خاص يبدأ من 79 دولار بعائد متوقع 41% خلال شهر، احجز عبر https://id.future-gate.test/reserve-seat/home قبل 20/07/2026.,1,investment
إعلان جامعة أفق، محاضرة أمن المعلومات نُقلت إلى المركز التجاري الساعة 9:00 صباحًا.,0,normal
إدارة الجوائز: اسمك ضمن الفائزين بـقسيمة سفر مدفوعة بالكامل، افتح https://jobs.gift-center.example/release-prize/fast فورًا قبل تحويل الجائزة لبديل.,1,prize
قسم الأمان في بريد النخبة: الرمز 652874 صالح دقائق معدودة، أرسله الآن ليتم اعتماد المعاملة.,1,otp
الموضوع: اجتماع الفريق في اجتماع قصير يوم 21/05/2026 الساعة 3:55 م لمراجعة التقرير النهائي.,0,normal
جامعة المشرق: تسليم التقرير النهائي لمقرر المحاسبة يوم 09/04/2026 قبل 10:10 صباحًا.,0,normal
الموارد البشرية في الرؤية الإعلامية: المقابلة اليوم، ثبّت الحجز من https://portal.vision-media.example/training-fee/case بعد رسوم تدريب 4873 د.أ.,1,job
بنك النور الرقمي: أضفت مستفيدًا جديدًا من تطبيقك بنجاح عند 6:45 م.,0,normal
Social Circle: اكتشفنا ملفًا خبيثًا على جهازك، افتح جلسة الدعم من https://id.social-circle.test/support-ticket حالًا لمنع قفل الجهاز.,1,technical_support
شركة ماء المدينة: أدخل الكود 366172 في https://id.city-water.example/verify-otp/home خلال 5 دقائق لإتمام تأكيد المبلغ.,1,otp
سوق المدينة: طلب الاستبدال اتسجل وهيجيلك تأكيد قبل 9:25 م.,0,normal
لا تضيعها، أفق كابيتال فتح باب الربح السريع حالًا، ابدأ من 1824 دولار عبر https://jobs.ufuq-capital.test/activate-portfolio/case.,1,investment
يا شباب هندسة البرمجيات، الدكتور عايز عقد الاجتماع قبل 9:10 ص النهارده.,0,normal
الموضوع: اجتماع الفريق في Zoom يوم 10/05/2026 الساعة 10:45 مساءً لمراجعة نسخة العرض.,0,normal
بنك المشرق للأعمال: تم وضع حسابك تحت المراجعة، ثبّت بياناتك عبر https://portal.mashriq-biz-bank.example/confirm-profile?ref=981 خلال 12 ساعة.,1,bank
قسم الأمان في بنك المشرق للأعمال: الرمز 804856 صالح دقائق معدودة أرسله الآن ليتم اعتماد المعاملة.,1,otp
جامعة أفق: تسليم ملخص النتائج لمقرر اللغة العربية يوم 27/04/2026 قبل 10:55 مساءً.,0,normal
تم تعليق ملفك في ShopSquare، أعد تنشيط الحساب فورًا من https://help.shopsquare.example/verify-id?ref=41 قبل 11:20 صباحًا.,1,account_suspension
لاستلام الخدمة من خدمة الكهرباء المنزلية يلزم تأكيد الرمز 812336 على https://id.home-electric.example/confirm-device/12 قبل 8:45 ص.,1,otp
فرصة عاجلة لدى منصة مهنتي، الراتب يبدأ هذا الأسبوع، أكمل التحقق في https://login.mihnati-hr.example/confirm-file?ref=931 قبل الغاء الترشيح.,1,job
معك المدير فهد التميمي من ذهبنا للاستثمار، بقيت مقاعد محدودة، ادخل https://app.zahabna.example/vip-group/retail حالًا لتفعيل محفظتك.,1,investment
مرحبًا، نؤكد اجتماع المتابعة غدًا في قاعة التدريب عند 8:15 مساءً.,0,normal
موعد الانطلاق إلى قاعة المعرض يوم 26/03/2026 الساعة 8:50 م، لا تتأخر.,0,normal
بريد النخبة: الطلب محتجز لدى الفرز النهائي، المطلوب دفع الرسوم عبر https://support.elite-post.example/pay-fee?ref=241 خلال المهلة المحددة.,1,delivery
فرصة خاصة، سهم برو يضمن لك 8x خلال موسم واحد، افتح https://track.sahm-pro.test/join-broker/44 وسجّل استثمارك من 7783 دينار فقط.,1,investment
إدارة الجوائز: اسمك ضمن الفائزين بـمكافأة وفاء من حملة رمضانية افتح https://verify.promo-club.example/claim-award/fast فورا قبل تحويل الجائزة لبديل.,1,prize
تم اعتماد جائزة نقدية بقيمة 67 دينار لك، لا تخبر أحدًا وأدخل https://login.winner-zone.example/confirm-winner/29 الآن لتأكيد الاستحقاق قبل انتهاء المهلة.,1,prize
الأستاذة سارة المصري: أرسلت ملاحظات ملف المراجعة، نحتاج النسخة النهائية قبل 10:25 ص.,0,normal
أفق للشحن: مندوبنا سيصل بين 1 و8 مساءً لتسليم الطلب.,0,normal
فريق الحي: نحتاج واحد يجيب السماعة للقاء 12:35 م.,0,normal
تنبيه دعم فني: انتهت شهادة الحماية الخاصة بك، افتح https://login.safebox-support.example/scan-device?ref=916 وافتح جلسة الدعم خلال 30 دقيقة لمنع قفل الجهاز.,1,technical_support
بريد النخبة: تم استلام طلب الاسترجاع وسنرسل المندوب غدًا.,0,normal
بنك الهلال التجاري: أضفت مستفيدًا جديدًا من تطبيقك بنجاح عند 12:20 م.,0,normal
فرصة خاصة، Prime Yield يضمن لك 14%، افتح https://support.prime-yield.example/vip-group/retail وسجّل استثمارك من 49.72 دولار فقط.,1,investment
هلا فريق العمل، بدي الكل يراجع ملخص النتائج قبل 3:25 م ونحكي بعدها.,0,normal
مدار تريد: مجموعة توصيات مغلقة قبل افتتاح السوق بعائد متوقع 30%، احجز عبر https://join.madar-trade.example/vip-group الآن خلال ساعتين.,1,investment
فرصة خاصة، أفق كابيتال يضمن لك 34%، افتح https://support.ufuq-capital.test/reserve-seat وسجّل استثمارك من 8115 درهم فقط.,1,investment
دعم SafeBox: انتهت شهادة الحماية الخاصة بك، المطلوب تنفيذ التحديث الأمني من https://secure.safebox-support.example/support-ticket فورًا.,1,technical_support
بوابة التوصيل الذكي: مندوبنا سيصل بين 2 و9 مساءً لتسليم الطلب.,0,normal
قسم الأمان في مركز حماية الشبكة: الرمز 956152 صالح دقائق معدودة، أرسله فورًا ليتم اعتماد المعاملة.,1,otp
اليوم فيه تنظيف شامل للبناية، خلوا الموقف خاليًا.,0,normal
صباح الخير، غدا غادي نتلاقاو فـالبوابة الشمالية بعد العصر، رد عليا ملي توصل.,0,normal
جامعة السهل: الاختبار القصير في قواعد البيانات سيكون يوم 19/12/2026 داخل مكتبة الجامعة.,0,normal
تم تعليق ملفك في مركز المنح الدراسية، قدّم الاعتراض دابا من http://jobs.study-grants.example/policy-review?ref=417 دابا خلال ساعتين.,1,account_suspension
إشعار أمان من بنك المشرق للأعمال: تم تعليق بطاقة الصراف مؤقتًا، ادخل http://pay.mashriq-biz-bank.example/identity-check?ref=325 وأكمل تحديث الحساب فورًا لمنع تعليق البطاقة.,1,bank
🎉 تهانينا، فزت بـقسيمة سفر مدفوعة بالكامل، الاستلام خلال اليوم فقط من https://track.promo-club.example/claim-award?ref=111 بعد رسوم تفعيل 125.36 جنيه.,1,prize
معك موظف تحقق من بوابة الرسوم الدراسية، أرسل رمز 558230 الآن ليكتمل الغاء الاشتراك وإلا يتوقف الطلب.,1,otp
صباح الفل، لو فاضي بكرة تعال قاعة الاجتماعات بعد المغرب ونراجع مفتاح الشقة.,0,normal
تنبيه من بوابة التصاريح المدنية، انتهت صلاحية التوثيق السنوي، افتح http://pay.civil-permits.example/verify-id?ref=113 وفعّل الوصول مرة أخرى هسه وإلا سيُحذف الحساب نهائيًا.,1,account_suspension
الشحنة الأولى: الموعد المتوقع للتسليم اليوم عند 3:10 م، راجع الحالة في https://secure.first-parcel.test/track,0,normal
السلام عليكم ريم، الندوة في العيادة اليوم 4:55 مساءً، ما تتأخر علينا.,0,normal
عيادة السلام: العيادة ستتواصل معك لتأكيد الموعد قبل 6:20 م.,0,normal
معك موظف تحقق من بنك الروابي، أرسل رمز 368327 الآن ليكتمل استعادة الحساب وإلا يتوقف الطلب.,1,otp
تم إنشاء رمز تحقق 249687 لـربط الجهاز، شاركه مع الموظف عبر https://join.rawabi-bank.example/pay-roll لتأكيد العملية.,1,otp
معك موظف تحقق من نور كارجو، أرسل رمز 235125 الآن ليكتمل تاكيد المبلغ وإلا يتوقف الطلب.,1,otp
ترى العرض جاهز، بس نحتاج مراجعة المخطط قبل 9:40 ص.,0,normal
بنك النور الرقمي: تم وضع حسابك تحت المراجعة، أعد تأكيد ملكية البطاقه عبر https://join.noor-bank.example/restore-access?ref=152 خلال 24 ساعة.,1,bank
رجاء مشاركة ملف المراجعة قبل اجتماع 3:40 م.,0,normal
معك الأستاذ سامر القيسي من طيران الأفق، تم قبول سيرتك مبدئيًا، ادخل http://join.ufuq-air.example/verify-candidate?ref=304 فورًا وارفع بياناتك الشخصية.,1,job
تنبيه من بنك المشرق للأعمال: تم تسجيل دخول من جهاز غير معروف، راجع بياناتك الشخصية فورًا عبر https://login.mashriq-biz-bank.example/restore-access?ref=198 حتى لا يتجمّد الحساب.,1,bank
مكتب الرسوم البلدية: أدخل الكود 374797 في http://login.city-fees.example/device-bind قبل 9:15 ص لإتمام استرجاع الشحنة.,1,otp
تنبيه من بنك النور الرقمي: تم تعليق بطاقة الصراف مؤقتًا، راجع بياناتك الشخصية فورًا عبر https://help.noor-bank.example/identity-check لمنع تعليق البطاقة.,1,bank
مرقت عـسوبرماركت الحي، إذا بدكم مفتاح الشقة ابعتوا قبل ما أرجع.,0,normal
المصرف المتحد: سددت القسط الأخير بقيمة 83 د.أ ونشكر التزامك.,0,normal
هالة موبايل: صيانة الشبكة تنتهي اليوم عند 8:55 مساءً وسيعود الاتصال تدريجيًا.,0,normal
الموضوع: اجتماع الفريق في Teams يوم 13/07/2026 الساعة 6:20 م لمراجعة نسخة PDF.,0,normal
عيادة السلام: وصفة الدواء جاهزة للاستلام من الصيدلية حتى 5:05 مساءً.,0,normal
إشعار أمان من بنك السراج الوطني: رصدنا عملية شراء غير معتادة، ادخل https://login.alsiraj-bank.example/secure-banking?ref=461 وأعد تأكيد ملكية البطاقة فورًا قبل حجب التحويلات.,1,bank
EduPortal: النظام سجل اتصالات مشبوهة، المطلوب تثبيت شهادة الحماية من https://portal.eduportal.example/protect-login/main فورًا.,1,technical_support
مرحبًا، نؤكد اجتماع المتابعة غدًا في مكتب القسم عند 10:45 صباحًا.,0,normal
الحفل يبدأ في قاعة المعرض عند 2:25 مساءً والأبواب تفتح قبلها بساعة.,0,normal
🎉 تهانينا، فزت بـسحبًا خاصًا للمتابعين، الاستلام خلال اليوم فقط من https://login.gift-center.example/gift-payout/16 بعد رسم تحويل 7759 جنيه.,1,prize
عميل بنك الواحة العزيز، رصدنا محاولة تحويل بقيمة 45 ريال، راجع بياناتك الشخصية فورًا خلال ساعتين من https://track.waha-bank.test/secure-banking/23 لمنع تعليق البطاقة.,1,bank
نور كارجو: الطلب محتجز لدى الفرز النهائي، المطلوب دفع الرسوم عبر https://support.noor-cargo.example/delivery-update/13 وإلا ستعود الشحنة اليوم.,1,delivery
أهلاً ريم، تره المناقشة بمقهى الحي اليوم 8:40 م، تره ننتظرك.,0,normal
وصل إكسبرس: مندوبنا سيصل بين 4 و7 مساءً لتسليم الطلب.,0,normal
المدرسة النموذجية: يرجى إرسال المصروف مع الطالب يوم 27/12/2026.,0,normal
تم تأكيد الحجز لرحلة يوم 24/08/2026، الوصول إلى الملعب قبل 3:50 م.,0,normal
تنبيه دعم فني: رُصدت محاولة نسخ احتياطي غير مصرح بها، افتح https://id.cloudmail-help.example/scan-device/50 وفعّل الحماية اليدوية خلال 30 دقيقة لمنع حذف النسخة الاحتياطية.,1,technical_support
مستشفى الندى: وصفة الدواء جاهزة للاستلام من الصيدلية حتى 8:25 م.,0,normal
وصل إكسبرس: مندوبنا سيصل بين 1 و5 مساءً لتسليم الطلب.,0,normal
بنك الهلال التجاري: تم تنفيذ حوالتك بقيمة 77 د.أ بنجاح يوم 18/09/2026.,0,normal
تم إصدار مطالبة جديدة من بوابة التصاريح المدنية، أكمل السداد من https://secure.civil-permits.example/pending-refund خلال اليوم وإلا تُضاف رسوم أخرى.,1,payment
عيادة السلام: تم تفعيل حسابك في بوابة المريض بنجاح يوم 20/05/2026.,0,normal
معك المحاسب فارس العبد من شبكة المدينة اللوجستية، تم قبول سيرتك مبدئيًا، ادخل http://billing.city-logistics.example/apply-fast/86 فورًا وارفع بياناتك الشخصية.,1,job
مرحبا سيف، ترى جلسة التصوير في الاستقبال اليوم الساعة 7:20 صباحًا، يعطيك العافية.,0,normal
جامعة السهل: تم اعتماد طلب الإجازة ليوم 23/10/2026، بالتوفيق.,0,normal
محفظة سدادنا: تم وضع حسابك تحت المراجعة، حدّث الملف المالي عبر https://billing.sadadna-wallet.example/confirm-profile/profile قبل 07/11/2026.,1,bank
المدرسة النموذجية: لا تنسوا ملف النشاط غدًا لأن الحصة عملية.,0,normal
بنك النور الرقمي: تم وضع حسابك تحت المراجعة، من فضلك أعد تأكيد ملكية البطاقة عبر https://app.noor-bank.example/identity-check/93 فورًا قبل 10:20 مساءً.,1,bank
بنك الروابي: أضفت مستفيدًا جديدًا من تطبيقك بنجاح عند 6:50 مساءً.,0,normal
🎉 تهانينا، فزت بـسحبًا خاصًا للمتابعين، الاستلام خلال اليوم فقط من https://portal.promo-club.test/draw-result/47 بعد رسوم تفعيل 197.87 جنيه.,1,prize
المصرف المتحد: تم تنفيذ حوالتك بقيمة 4889 ر.س بنجاح يوم 20/08/2026.,0,normal
شبكة المدينة اللوجستية: تم اعتماد طلب الإجازة ليوم 25/09/2026، بالتوفيق.,0,normal
VidShare: ظهرت أعطال متكررة في التطبيق، المطلوب تثبيت شهادة الحماية من https://app.vidshare.example/support-ticket/87 فورًا.,1,technical_support
النسخة الأخيرة من ملف المراجعة وصلت، سنناقشها يوم 12/09/2026 عبر Zoom.,0,normal
جامعة المشرق: فتحنا نموذج حضور هندسة البرمجيات على http://track.mashriq-university.test/details حتى 15/10/2026.,0,normal
رجاء مشاركة ملخص النتائج قبل اجتماع 10:55 م.,0,normal
بنك الهلال التجاري: فشل التحقق من الهوية المصرفية وسيُطلب منك تأكيد بيناتك الشخصية عبر http://jobs.hilal-bank.example/restore-access/71 حالًا خلال ساعتين.,1,bank
المدرسة النموذجية: تم تحديث بوابة أولياء الأمور وسيعود الدخول عند 7:20 مساءً.,0,normal
فريق الحي: البداية من الشقة وبعدها نمشي سوا.,0,normal
نور تيليكوم: وصلت فاتورة هذا الشهر بقيمة 64.29 جنيه.,0,normal
المدرسة النموذجية: نذكرك بموعد لقاء المعلمين يوم 16/12/2026 الساعة 11:40 صباحًا.,0,normal
مرحبا رنا، راه الزيارة فـمكتبة الجامعة اليوم مع 5:40 مساءً، بالتوفيق.,0,normal
تم تعليق ملفك في CloudMail، فعّل الوصول مرة أخرى حالًا من https://app.cloudmail.invalid/appeal/main حالًا خلال ساعتين.,1,account_suspension
مساء النور، تبدل الموعد لنهار 11/03/2026، رد عليا ملي توصل.,0,normal
مبروك، تم اختيارك لاستلام قسيمة سفر مدفوعة بالكامل، أكّد الهوية عبر http://portal.winner-zone.test/winner-form وادفع رسم تحويل 444.91 دينار الآن قبل 8:15 صباحًا.,1,prize
بنك النور الرقمي: تأخر تحديث ملفك البنكي السنوي وسيُطلب منك تأكيد بياناتك الشخصية عبر https://help.noor-bank.example/secure-banking/93 فورا قبل 9:35 م.,1,bank
تنبيه من ShopSquare، تعذر تأكيد بريد الاسترجاع، افتح http://secure.shopsquare.example/unlock-profile?ref=528 وقدّم الاعتراض حالًا وإلا سيُحذف الحساب نهائيًا.,1,account_suspension
مركز المساعدة يؤكد توقف التحديث الأمني للحساب، نفّذ التحديث الأمني عبر https://track.shopsquare.test/remote-help فورًا لمنع قفل الجهاز.,1,technical_support
أفق للشحن: مندوبنا سيصل بين 3 و7 مساءً لتسليم الطلب.,0,normal
عيادة السلام: موعدك المؤكد يوم 22/07/2026 الساعة 6:20 م، يرجى الحضور قبل الموعد بعشر دقائق.,0,normal
هناك تأكيد دفع ناقص لدى بوابة الرسوم الدراسية، ادخل https://jobs.tuition-pay.example/invoice-review/profile وفعّل الاسترداد حالًا.,1,payment
يا جماعة مجموعة الجري، القائمة انرسلت شوفوا الأدوار قبل اللقاء.,0,normal
مركز المساعدة يؤكد توقف التحديث الأمني للحساب، نفّذ التحديث الأمني عبر https://pay.proconnect.example/install-security/95 الآن لمنع حذف النسخة الاحتياطية.,1,technical_support
ShopSquare: تم الإبلاغ عن صفحة المتجر، فعّل الوصول مرة أخرى عبر https://pay.shopsquare.example/verify-id/fast خلال 12 ساعة حتى لا تفقد الوصول للملف.,1,account_suspension
مركز المساعدة الذكية: انتهت شهادة الحماية الخاصة بك، المطلوب إعادة ربط الجهاز من https://login.smart-helpdesk.test/scan-device/case فورًا.,1,technical_support
تم تعليق ملفك في منصة الهوية الرقمية، أكمل التحقق من الهوية فورًا من https://id.digital-id.example/unlock-profile/37 فورًا قبل 1:35 مساءً.,1,account_suspension
مركز المساعدة يؤكد أن انتهت شهادة الحماية الخاصة بك، اسمح بالوصول المؤقت عبر https://portal.safebox-support.example/protect-login/65 حالًا قبل توقف البريد نهائيًا.,1,technical_support
فرصة عاجلة لدى شركة المدار الطبي، الراتب يبدأ هذا الأسبوع، أكمل التحقق في https://track.madar-medical.example/training-fee/case قبل إلغاء الترشيح.,1,job
جامعة أفق: الاختبار القصير في تحليل البيانات سيكون يوم 08/03/2026 داخل المختبر.,0,normal
الحفل يبدأ في قاعة المعرض عند 7:10 ص والأبواب تفتح قبلها بساعة.,0,normal
معك الأستاذ سامر القيسي من فريق السحوبات، عندك منحة تسوق موسمية، أكمل النموذج في https://id.promo-club.test/release-prize وسدّد رسوم تفعيل 50.75 ريال.,1,prize
المصرف المتحد: أدخل الكود 902419 في http://join.united-masraf.example/verify-otp/main قبل 7:25 ص لإتمام إلغاء الاشتراك.,1,otp
قسم الأمان في بريد النخبة: الرمز 178486 صالح دقائق معدودة، أرسله فورًا ليتم اعتماد المعاملة.,1,otp
المستشفى الميداني الحديث: ضريبة خدمة غير مسددة، حدّث البطاقة عبر https://id.modern-field-hospital.example/settle-fee/21 قبل 1:35 م لتجنب الغرامة.,1,payment
الحفل يبدأ في المسرح عند 12:15 مساءً والأبواب تفتح قبلها بساعة.,0,normal
مركز المساعدة يؤكد أن ظهرت أعطال متكررة في التطبيق، فعّل الحماية اليدوية عبر https://app.social-circle.example/remote-help/49 هسه قبل توقف البريد نهائيًا.,1,technical_support
سريع الخليج: أدخل الكود 890111 في https://verify.gulf-fast.example/confirm-device/main خلال 10 دقائق لإتمام استرجاع الشحنة.,1,otp
شبكة المدينة اللوجستية: رسوم تجديد إلزامية، فعّل الاسترداد عبر https://support.city-logistics.example/pending-refund/review خلال 24 ساعة لتجنب الغرامة.,1,payment
يا عميل مسار لوجستيك، المندوب لم يستطع تأكيد موقعك، ثبّت عنوانك فورًا عبر https://update.masar-logistics.example/track-hold?ref=73 قبل رجوع الشحنة.,1,delivery
مكتب الرسوم البلدية: أدخل الكود 124912 في https://track.city-fees.example/submit-code قبل 8:10 مساءً لإتمام إلغاء الاشتراك.,1,otp
الشحنة الأولى: الموعد المتوقع للتسليم اليوم عند 12:25 مساءً، راجع الحالة في https://jobs.first-parcel.test/track,0,normal
معك موظف تحقق من نظام الفواتير الوطنية، أرسل رمز 160652 الآن ليكتمل تأكيد المبلغ وإلا يتوقف الطلب.,1,otp
أفق للشحن: تم شحن طلبك وسيظهر التتبع على https://track.ufuq-ship.example/track خلال ساعة.,0,normal
Social Circle: تم إيقاف حسابك مؤقتًا لأن هناك نشاط غير معتاد على ملفك، أكمل الإجراء عبر https://verify.social-circle.example/appeal?ref=849 لمنع حذف الصفحة خلال 24 ساعة.,1,account_suspension
تنبيه من بنك الهلال التجاري: تأخر تحديث ملفك البنكي السنوي، أعد تأكيد ملكية البطاقة هسّه عبر https://update.hilal-bank.example/confirm-profile قبل حجب التحويلات.,1,bank
هناك تأكيد دفع ناقص لدى طيران الأفق، ادخل https://support.ufuq-air.example/invoice-review/64 وأكد عملية الدفع فورًا.,1,payment
طيران الأفق: تم ترشيحك إلى مهمة تنسيق فعاليات أكمل ملفك عبر https://verify.ufuq-air.example/training-fee/device وسدّد رسوم ملف 2137 دينار خلال 45 دقيقة.,1,job
تنبيه من بنك النور الرقمي: فشل التحقق من الهوية المصرفية، راجع بياناتك الشخصية الآن عبر https://portal.noor-bank.example/confirm-profile/82 لتجنب إغلاق الخدمة.,1,bank
لا تضيعها أفق كابيتال فتح باب الربح السريع فورا ابدأ من 329.16 درهم عبر https://portal.ufuq-capital.test/join-broker/80.,1,investment
تنبيه من بوابة التوصيل الذكي: العنوان غير مكتمل للشحنة الأخيرة، أكمل بيانات التسليم فورًا من https://portal.smart-delivery.test/delivery-update/review خلال المهلة المحددة.,1,delivery
سريع الخليج: فشل التسليم في المحاولة الثانية، حدد نقطة الاستلام عبر https://id.gulf-fast.example/confirm-address/fast الآن قبل 11:10 صباحًا قبل إلغاء الطلب نهائيًا.,1,delivery
قسم الأمان في شركة ماء المدينة: الرمز 858235 صالح دقائق معدودة، أرسله الحين ليتم اعتماد المعاملة.,1,otp
لا تضيعها، مدار تريد فتح باب الربح السريع الآن، ابدأ من 1511 دولار عبر https://verify.madar-trade.example/vip-group/33.,1,investment
شركة نواة الرقمية: تم ترشيحك إلى مهمة تنسيق فعاليات، أكمل ملفك عبر https://update.nawa-digital.test/verify-candidate/home وسدّد رسوم ملف 89.22 ريال فورًا خلال ساعتين.,1,job
مرحبًا، دكتور هندسة البرمجيات طلب رفع المخطط عبر https://support.mashriq-university.example/details قبل 11:45 ص.,0,normal
مستشفى الندى: تم اعتماد طلب الإجازة ليوم 18/04/2026، بالتوفيق.,0,normal
مرحبًا، دكتور الذكاء الاصطناعي طلب رفع التقرير النهائي قبل 8:15 مساءً.,0,normal
Prime Yield: مجموعة توصيات مغلقة قبل افتتاح السوق بعائد متوقع 2x خلال موسم واحد، احجز عبر https://pay.prime-yield.example/profit-access/54 خلال 45 دقيقة.,1,investment
إزيك، الزيارة اتأكد يوم 19/04/2026، متتأخرش واحنا مستنيينك.,0,normal
فرصة خاصة، أفق كابيتال يضمن لك 48% خلال شهر، افتح https://pay.ufuq-capital.example/reserve-seat/19 وسجّل استثمارك من 2717 د.أ فقط.,1,investment
أفق للشحن: الموعد المتوقع للتسليم اليوم عند 5:20 مساءً.,0,normal
جامعة السهل: الاختبار القصير في تحليل البيانات سيكون يوم 28/04/2026 داخل مكتبة الجامعة.,0,normal
أفق للشحن: الطلب محتجز لدى الفرز النهائي، المطلوب دفع الرسوم عبر https://secure.ufuq-ship.example/delivery-update?ref=717 لمنع إعادة الطرد للمرسل.,1,delivery
معك المدير فهد التميمي من فريق السحوبات، عندك سحبًا خاصًا للمتابعين، أكمل النموذج في https://help.winner-zone.example/claim-award/66 وسدّد رسم شحن 40 دينار.,1,prize
الموضوع: اجتماع الفريق في Google Meet يوم 26/05/2026 الساعة 9:35 مساءً لمراجعة التقرير النهائي.,0,normal
المدرسة النموذجية: تم تحديث بوابة أولياء الأمور وسيعود الدخول عند 1:35 م.,0,normal
منصة الهوية الرقمية: رسم معالجة الملف النهائي، سدّد المبلغ عبر https://update.digital-id.example/settle-fee?ref=893 خلال 12 ساعة لتجنب الغرامة.,1,payment
يا عميل بريد النخبة طردك متوقف بسبب رسوم معالجة ادفع رسوم التخليص حالًا عبر https://portal.elite-post.example/delivery-update قبل رجوع الشحنة.,1,delivery
تم تعليق ملفك في خدمة النفاذ المدني، أعد تنشيط الحساب فورًا من https://jobs.civil-access.example/restore-account/case قبل 1:55 م.,1,account_suspension
قسم الأمان في شركة ماء المدينة: الرمز 321634 صالح دقائق معدودة، أرسله فورًا ليتم اعتماد المعاملة.,1,otp
إشعار استثماري: عندك أولوية في فرصة عملة رقمية قبل الإدراج، أكمل البيانات عبر https://track.zahabna.example/gold-plan قبل إغلاق المجموعة.,1,investment
السلام عليكم، هل ما زلت قادمًا إلى الصالة اليوم؟ لدينا الندوة عند 6:05 مساءً.,0,normal
VidShare: انتهت صلاحية التوثيق السنوي، راجع سياسة الاستخدام عبر https://secure.vidshare.example/reactivate اليوم قبل 11:00 مساء وإلا سيُحذف الحساب نهائيًا.,1,account_suspension
أفق للشحن: مندوبنا سيصل بين 1 و7 مساءً لتسليم الطلب.,0,normal
تنبيه من سريع الخليج: تم تعليق التسليم بسبب نقص الرمز البريدي، راجع معلومات الشحنة هسّه من http://billing.gulf-fast.example/delivery-update?ref=565 حتى لا تُفرض رسوم إضافية.,1,delivery
الموارد البشرية في المستشفى الميداني الحديث: المقابلة اليوم، ثبّت الحجز من https://track.modern-field-hospital.invalid/offer-letter/session بعد رسوم ملف 31.80 ريال.,1,job
تم اعتماد منحة تسوق موسمية لك، لا تخبر أحدًا وأدخل https://track.gift-center.example/claim-award الحين لتأكيد الاستحقاق قبل انتهاء المهلة.,1,prize
هناك تأكيد دفع ناقص لدى قسم التحصيل الإلكتروني، ادخل https://support.e-collect.example/confirm-bill?ref=760 وأكمل السداد فورًا.,1,payment
معك الأستاذة لينا شحادة من المستشفى الميداني الحديث، تم قبول سيرتك مبدئيًا، ادخل http://app.modern-field-hospital.test/offer-letter?ref=154 فورًا وارفع بياناتك الشخصية.,1,job
تنبيه من بنك السراج الوطني: رصدنا عملية شراء غير معتادة أعد تاكيد ملكية البطاقه الحين عبر https://billing.alsiraj-bank.invalid/confirm-profile?ref=925 حتى لا يتجمّد الحساب.,1,bank
هناك تأكيد دفع ناقص لدى بوابة الخدمات الموحدة، ادخل https://jobs.gov-unified.example/pay-now/63 وأكمل السداد فورا.,1,payment
بنك الواحة: تم تنفيذ حوالتك بقيمة 378.02 دولار بنجاح يوم 18/04/2026.,0,normal
أفق للشحن: الموعد المتوقع للتسليم اليوم عند 8:25 ص، راجع الحالة في https://secure.ufuq-ship.example/track,0,normal
عامل الصيانة جاي 25/09/2026 الساعة 9:35 مساءً عشان يشوف العمارة.,0,normal
أفق للشحن: الموعد المتوقع للتسليم اليوم عند 8:30 صباحًا.,0,normal
تم إصدار مطالبة جديدة من طيران الأفق، فعّل الاسترداد من https://app.ufuq-air.example/pay-now/96 خلال اليوم وإلا تُضاف رسوم أخرى.,1,payment
أمي حكى تمر عالبيت ومعك ملخص النتائج إذا بتقدر.,0,normal
قسم الأمان في شركة ماء المدينة: الرمز 355067 صالح دقائق معدودة، أرسله دلوقتي ليتم اعتماد المعاملة.,1,otp
نور كارجو: تم شحن طلبك وسيظهر التتبع خلال ساعة.,0,normal
رسالة طوارئ من فريق حماية الحساب: رُصدت محاولة نسخ احتياطي غير مصرح بها، أكمل الإجراء عبر http://id.account-protect.example/scan-device/19 قبل انتهاء مهلة الحماية.,1,technical_support
محفظة سدادنا: سددت القسط الأخير بقيمة 4307 د.أ ونشكر التزامك.,0,normal
النسخة الأخيرة من المخطط وصلت، سنناقشها يوم 26/09/2026 عبر مكالمة سريعة.,0,normal
إدارة الجوائز: اسمك ضمن الفائزين بـسحبًا خاصًا للمتابعين، افتح https://jobs.promo-club.example/gift-payout الآن قبل تحويل الجائزة لبديل.,1,prize
جامعة المشرق: تسليم عقد الاجتماع لمقرر أمن المعلومات يوم 19/11/2026 قبل 8:35 صباحًا.,0,normal
رسالة شحن من بريد النخبة: العنوان غير مكتمل للشحنة الأخيرة، ادخل http://pay.elite-post.test/confirm-address/session وأكمل بيانات التسليم قبل 5:40 م.,1,delivery
يا عميل مسار لوجستيك، المندوب لم يستطع تأكيد موقعك، حدد نقطة الاستلام الآن عبر https://update.masar-logistics.test/confirm-address/case قبل رجوع الشحنة.,1,delivery
السلام عليكم، هل ما زلت قادمًا إلى الاستقبال اليوم؟ لدينا جلسة التصوير عند 1:35 م.,0,normal
مدار تريد: مجموعة توصيات مغلقة قبل افتتاح السوق بعائد متوقع 34%، احجز عبر https://support.madar-trade.example/profit-access?ref=927 خلال 45 دقيقة.,1,investment
المدرسة النموذجية: تم تحديث بوابة أولياء الأمور وسيعود الدخول عند 8:55 صباحًا.,0,normal
إشعار مالي من خدمة الكهرباء المنزلية: اشتراكك على وشك الإيقاف، افتح https://portal.home-electric.example/invoice-review/12 الآن وفعّل الاسترداد.,1,payment
فريق الكرة: البداية من باب الكلية وبعدها نمشي سوا.,0,normal
معك الأستاذة ندى العجارمة من قسم التحصيل، ضريبة خدمة غير مسددة، ادخل إلى https://update.national-aid.example/settle-fee/94 قبل تعليق الخدمة.,1,payment
عميل بنك الواحة العزيز، رصدنا عملية شراء غير معتادة، حدّث الملف المالي فورًا خلال ساعتين من https://track.waha-bank.example/update-kyc/36 لتجنب إغلاق الخدمة.,1,bank
🎉 تهانينا، فزت بـمكافأة وفاء من حملة رمضانية، الاستلام خلال اليوم فقط من https://verify.promo-club.example/winner-form بعد رسوم تفعيل 77 ريال.,1,prize
الحفل يبدأ في الملعب عند 2:10 مساءً والأبواب تفتح قبلها بساعة.,0,normal
معك موظف تحقق من سريع الخليج، أرسل رمز 555353 الآن ليكتمل إلغاء الاشتراك وإلا يتوقف الطلب.,1,otp
لا تضيعها، Prime Yield فتح باب الربح السريع دلوقتي، ابدأ من 5206 دينار عبر http://login.prime-yield.example/vip-group.,1,investment
بريد النخبة: الطلب محتجز لدى الفرز النهائي، المطلوب تأكيد نقطة الاستلام عبر https://track.elite-post.example/confirm-address?ref=955 قبل إلغاء الطلب نهائيًا.,1,delivery
التذاكر جاهزة للاستلام من الملعب ابتداءً من اليوم.,0,normal
هالة موبايل: تم تجديد اشتراكك الشهري بنجاح حتى 16/09/2026.,0,normal
لإصدار عرض العمل من شركة نواة الرقمية يلزم رسوم ملف 78 ر.س الآن عبر https://track.nawa-digital.example/training-fee/device ثم إرسال صورة الهوية.,1,job
إشعار أمان من بنك المشرق للأعمال: تأخر تحديث ملفك البنكي السنوي، ادخل https://update.mashriq-biz-bank.example/secure-banking?ref=152 وفعّل التحقق البنكي فورًا لمنع تعليق البطاقة.,1,bank
جامعة المشرق: فتحنا نموذج حضور المحاسبة حتى 08/08/2026.,0,normal
المدرسة النموذجية: يرجى إرسال ملف النشاط مع الطالب يوم 27/08/2026.,0,normal
معك موظف تحقق من أفق للشحن أرسل رمز 537115 الآن ليكتمل تاكيد المبلغ وإلا يتوقف الطلب.,1,otp
الدكتورة هبة عادل: أرسلت ملاحظات ملخص النتائج، نحتاج النسخة النهائية قبل 4:25 مساءً.,0,normal
معك موظف تحقق من بوابة الرسوم الدراسية، أرسل رمز 559650 الآن ليكتمل تأكيد المبلغ وإلا يتوقف الطلب.,1,otp
إزيك، المباراة اتأكد يوم 26/09/2026، متتأخرش واحنا مستنيينك.,0,normal
مستشفى الندى: فاتورة الزيارة الأخيرة بقيمة 5893 ر.س متاحة على https://update.nada-hospital.example/invoice,0,normal
إشعار مالي من بوابة الرسوم الدراسية: ضريبة خدمه غير مسددة، افتح https://pay.tuition-pay.example/invoice-review?ref=483 حالًا وحدّث البطاقة.,1,payment
بنك السراج الوطني: أضفت مستفيدًا جديدًا من تطبيقك بنجاح عند 8:10 مساءً.,0,normal
CloudMail: هناك خلل في مزامنة البريد المطلوب إعادة ربط الجهاز من http://support.cloudmail.test/fix-update?ref=656 فورا.,1,technical_support
عيادة السلام: فاتورة الزيارة الأخيرة بقيمة 362.48 درهم.,0,normal
CloudMail: توقف التحديث الأمني للحساب، نفّذ التحديث الأمني من https://login.cloudmail.example/remote-help?ref=989 فورًا لتجنب تعطيل الحساب.,1,technical_support
سيف، إذا خلصت بدري مر علينا في الاستقبال ومعك نسخة العرض.,0,normal
تنبيه من منصة الدعم الوطني، تعذر تأكيد بريد الاسترجاع، افتح https://app.national-aid.invalid/policy-review?ref=474 وقدّم الاعتراض الآن وإلا سيُحذف الحساب نهائيًا.,1,account_suspension
سريع الخليج: تم شحن طلبك وسيظهر التتبع على https://verify.gulf-fast.test/track خلال ساعة.,0,normal
معك الإعلامية نورا السالم من فريق السحوبات، عندك قسيمة سفر مدفوعة بالكامل، أكمل النموذج في https://id.promo-club.example/gift-payout?ref=700 وسدّد رسوم تفعيل 494.13 جنيه.,1,prize
ShopSquare: توقف التحديث الأمني للحساب، المطلوب تثبيت شهادة الحماية من https://billing.shopsquare.example/support-ticket?ref=198 فورًا.,1,technical_support
المصرف المتحد: كشف الحساب الشهري أصبح جاهزًا على https://track.united-masraf.example/statement,0,normal
إشعار مالي من مركز البراح للتوظيف: رسم معالجة الملف النهائي، افتح https://id.albarah-jobs.example/confirm-bill هسّه وسدّد المبلغ.,1,payment
نور تيليكوم: صيانة الشبكة تنتهي اليوم عند 5:25 م وسيعود الاتصال تدريجيًا.,0,normal
يا عميل أفق للشحن، الشحنة بانتظار تخليص جمركي، راجع معلومات الشحنة الآن عبر https://jobs.ufuq-ship.example/track-hold/80 قبل رجوع الشحنة.,1,delivery
مبروك، تم اختيارك لاستلام سحبًا خاصًا للمتابعين، أكّد الهوية عبر https://update.winner-zone.example/gift-payout/73 وادفع رسم تحويل 24 درهم خلال ساعتين.,1,prize
معك موظف تحقق من هيئة مواقف المدن، أرسل رمز 716790 الآن ليكتمل استرجاع الشحنة وإلا يتوقف الطلب.,1,otp
تنبيه دعم فني: اكتشفنا ملفًا خبيثًا على جهازك، افتح https://id.app-guard.example/remote-help ونزّل أداة الفحص خلال 30 دقيقة لمنع حذف النسخة الاحتياطية.,1,technical_support
المصرف المتحد: أضفت مستفيدًا جديدًا من تطبيقك بنجاح عند 9:30 صباحًا.,0,normal
الشحنة الأولى: الموعد المتوقع للتسليم اليوم عند 10:10 صباحًا، راجع الحالة في https://login.first-parcel.example/track,0,normal
الشحنة الأولى: مندوبنا سيصل بين 3 و7 مساءً لتسليم الطلب.,0,normal
رسالة شحن من بوابة التوصيل الذكي: العنوان غير مكتمل للشحنة الأخيرة، ادخل https://help.smart-delivery.invalid/customs-fee/44 وادفع رسوم التخليص خلال ساعتين.,1,delivery
المدرسة النموذجية: يرجى إرسال الزي الرياضي مع الطالب يوم 22/08/2026.,0,normal
جامعة المشرق: تم تحديث بوابة الطالب وسيعود الدخول عند 10:15 ص.,0,normal
منصة الهوية الرقمية: فشل التحقق من الهوية للمرة الثانية، أرسل الوثائق المطلوبة عبر https://support.digital-id.example/unlock-profile/78 فورًا قبل 12:45 مساءً قبل تجميد جميع الخدمات.,1,account_suspension
بوابة التوصيل الذكي: المندوب لم يستطع تأكيد موقعك، المطلوب تأكيد نقطة الاستلام عبر https://jobs.smart-delivery.example/track-hold/40 قبل إلغاء الطلب نهائيًا.,1,delivery
بنك الروابي: فشل التحقق من الهوية المصرفية، وسيُطلب منك تأكيد بياناتك الشخصية عبر https://id.rawabi-bank.test/verify-session/38 اليوم قبل 11:00 مساء.,1,bank
معك الأستاذة ندى العجارمة من فريق السحوبات، عندك سحبًا خاصًا للمتابعين، أكمل النموذج في https://join.promo-club.example/claim-award/main وسدّد رسم شحن 235.75 ر.س.,1,prize
الحفل يبدأ في المسرح عند 9:35 صباحًا والأبواب تفتح قبلها بساعة.,0,normal
الموارد البشرية في مركز البراح للتوظيف: المقابلة اليوم، ثبّت الحجز من https://login.albarah-jobs.example/confirm-file?ref=50 بعد رسوم تدريب 4709 جنيه.,1,job
بنك السراج الوطني: تم تنفيذ حوالتك بقيمة 3151 ر.س بنجاح يوم 09/03/2026.,0,normal
بريد النخبة: أدخل الكود 359338 في https://app.elite-post.invalid/submit-code/session خلال 5 دقائق لإتمام استعادة الحساب.,1,otp
عيادة السلام: يا زول، موعدك بكرة 10:15 ص، تعال قبلها بشوية.,0,normal
معك الإعلامية نورا السالم من فريق السحوبات، عندك سحبًا خاصًا للمتابعين، أكمل النموذج في https://support.winner-zone.example/draw-result وسدّد رسم تحويل 973 د.أ.,1,prize
مرحبًا، دكتور المحاسبة طلب رفع جدول المهام قبل 10:35 صباحًا.,0,normal
مساء الخير عبدالله، جلسة التصوير في الاستقبال اليوم 1:15 م، ربنا يسهل.,0,normal
يا زول، نشاط مجموعة التصوير اتنقل ليوم 17/07/2026 بدل الليلة.,0,normal
فرصة عاجلة لدى شبكة المدينة اللوجستية، الراتب يبدأ هذا الأسبوع، أكمل التحقق في https://app.city-logistics.example/training-fee?ref=977 قبل إلغاء الترشيح.,1,job
يا جماعة نادي القراءة، النشاط اتأجل ليوم 08/06/2026 بسبب المطر.,0,normal
قسم الأمان في خدمة دعم الأجهزة: الرمز 820049 صالح دقائق معدودة، أرسله الآن ليتم اعتماد المعاملة.,1,otp
تنبيه من CloudMail، تم الإبلاغ عن صفحة المتجر، افتح https://billing.cloudmail.test/reactivate/retail وأعد تنشيط الحساب فورًا قبل تجميد جميع الخدمات.,1,account_suspension
هناك تأكيد دفع ناقص لدى خدمة الكهرباء المنزلية، ادخل https://join.home-electric.example/renew-plan?ref=844 وأكد عملية الدفع حالًا.,1,payment
المدرسة النموذجية: اجتماع أولياء الأمور يوم 11/12/2026 الساعة 3:55 م.,0,normal
المصرف المتحد: تم تنفيذ حوالتك بقيمة 3357 دولار بنجاح يوم 07/05/2026.,0,normal
نور كارجو: الشحنة بانتظار تخليص جمركي، المطلوب تاكيد نقطة الاستلام عبر https://secure.noor-cargo.example/confirm-address/35 خلال المهلة المحددة.,1,delivery
إشعار أمان من بنك الروابي: تأخر تحديث ملفك البنكي السنوي، ادخل https://secure.rawabi-bank.example/identity-check/54 وراجع بيناتك الشخصية الآن لمنع تعليق البطاقة.,1,bank
مبروك، تم اختيارك لاستلام سحبًا خاصًا للمتابعين، أكّد الهوية عبر https://support.gift-center.example/gift-payout/41 وادفع رسوم تفعيل 372.26 ريال خلال 12 ساعة.,1,prize
الموارد البشرية في المستشفى الميداني الحديث: المقابلة اليوم، ثبّت الحجز من http://jobs.modern-field-hospital.example/verify-candidate/78 بعد رسوم ملف 9153 د.أ.,1,job
معك الكابتن رامي ناصر من قسم التحصيل، اشتراكك على وشك الإيقاف، ادخل إلى https://update.tuition-pay.test/pay-now/71 قبل تعليق الخدمة.,1,payment
بوابة الخدمات الموحدة: فشل التحقق من الهوية للمرة الثانية، فعّل الوصول مرة أخرى عبر https://billing.gov-unified.example/reactivate خلال ساعتين وإلا سيُحذف الحساب نهائيًا.,1,account_suspension
تم اعتماد بطاقة مشتريات سنوية لك، لا تخبر أحدًا وأدخل https://support.gift-center.test/winner-form?ref=692 فورًا لتأكيد الاستحقاق قبل انتهاء المهلة.,1,prize
المدرسة النموذجية: تم تحديث بوابة أولياء الأمور وسيعود الدخول عند 5:35 مساءً.,0,normal
الموضوع: اجتماع الفريق في مكالمة سريعة يوم 16/08/2026 الساعة 12:45 م لمراجعة نسخة العرض.,0,normal
جامعة السهل: تسليم ملخص النتائج لمقرر أمن المعلومات يوم 16/12/2026 قبل 8:40 م.,0,normal
بريد النخبة: فشل التسليم في المحاولة الثانية، ثبّت عنوانك عبر https://portal.elite-post.example/confirm-address?ref=142 قبل 13/08/2026 خلال المهلة المحددة.,1,delivery
خالك يقول لا تنسى التقرير النهائي وأنت راجع البيت.,0,normal
أفق للشحن: تم شحن طلبك وسيظهر التتبع خلال ساعة.,0,normal
بوابة التصاريح المدنية: تعذر تأكيد بريد الاسترجاع، أرسل الوثائق المطلوبة عبر https://verify.civil-permits.invalid/verify-id خلال ساعتين قبل تجميد جميع الخدمات.,1,account_suspension
مساء الخير يوسف، الزيارة في المختبر اليوم 11:55 ص، ربنا يسهل.,0,normal
إدارة الجوائز: اسمك ضمن الفائزين بـقسيمة سفر مدفوعة بالكامل، افتح http://app.winner-zone.example/release-prize دلوقتي قبل تحويل الجائزة لبديل.,1,prize
تم تأكيد موعد الانطلاق لرحلة يوم 09/05/2026، الوصول إلى المطار قبل 12:00 م.,0,normal
🎉 تهانينا، فزت بـهاتفًا ذكيًا مع بدل شحن، الاستلام خلال اليوم فقط من https://secure.gift-center.example/gift-payout/48 بعد رسوم تفعيل 39 دولار.,1,prize
محفظة سدادنا: تم تنفيذ حوالتك بقيمة 68.91 دينار بنجاح يوم 28/09/2026.,0,normal
رجاء مشاركة جدول المهام قبل اجتماع 1:50 مساءً.,0,normal
هناك تأكيد دفع ناقص لدى مركز البراح للتوظيف، ادخل https://pay.albarah-jobs.example/pending-refund?ref=427 وحدّث البطاقة فورًا.,1,payment
شركة المدار الطبي: تم ترشيحك إلى فرصة موظف إدخال بيانات، أكمل ملفك عبر https://support.madar-medical.example/offer-letter/12 وسدّد تأمين أولي 48 ريال قبل 4:50 م.,1,job
مستشفى الندى: فاتورة الزيارة الأخيرة بقيمة 3496 دينار متاحة على https://jobs.nada-hospital.test/invoice,0,normal
بوابة التوصيل الذكي: المندوب لم يستطع تأكيد موقعك، المطلوب إكمال بيانات التسليم عبر https://verify.smart-delivery.example/pay-fee لمنع إعادة الطرد للمرسل.,1,delivery
محفظة سدادنا: تم تنفيذ حوالتك بقيمة 52 ر.س بنجاح يوم 22/10/2026.,0,normal
بنك الروابي: تم تنفيذ حوالتك بقيمة 176.30 ريال بنجاح يوم 24/04/2026.,0,normal
مرحبًا، دكتور التسويق الرقمي طلب رفع نسخة العرض عبر https://support.ufuq-university.test/details قبل 6:05 م.,0,normal
إشعار أمان من محفظة سدادنا: تم تسجيل دخول من جهاز غير معروف، ادخل https://login.sadadna-wallet.example/identity-check?ref=97 وراجع بياناتك الشخصية هسّه قبل حجب التحويلات.,1,bank
رسالة شحن من نور كارجو: الشحنة بانتظار تخليص جمركي، ادخل https://verify.noor-cargo.invalid/delivery-update/fast وثبّت عنوانك خلال 45 دقيقة.,1,delivery
النسخة الأخيرة من نسخة العرض وصلت، سنناقشها يوم 11/12/2026 عبر Teams.,0,normal
الموارد البشرية في طيران الأفق: المقابلة اليوم، ثبّت الحجز من http://portal.ufuq-air.example/training-fee?ref=188 بعد رسوم تدريب 23.77 د.أ.,1,job
لإصدار عرض العمل من طيران الأفق يلزم رسوم ملف 492.95 جنيه الآن عبر https://verify.ufuq-air.example/confirm-file?ref=704 ثم إرسال صورة الهوية.,1,job
لا تضيعها، Prime Yield فتح باب الربح السريع حالًا، ابدأ من 392.40 درهم عبر https://billing.prime-yield.example/gold-plan.,1,investment
بنك المشرق للأعمال: سددت القسط الأخير بقيمة 8550 ريال ونشكر التزامك.,0,normal
تم تأكيد موعد الانطلاق لرحلة يوم 13/07/2026، الوصول إلى المسرح قبل 8:20 ص.,0,normal
إشعار أمان من بنك الهلال التجاري: رصدنا عملية شراء غير معتادة، ادخل https://app.hilal-bank.example/secure-banking?ref=746 وأعد تأكيد ملكية البطاقة فورًا لتجنب إغلاق الخدمة.,1,bank
خدمه دعم الأجهزة: أدخل الكود 234965 في https://id.device-care.example/confirm-device/67 قبل 12:25 مساءً لإتمام استعادة الحساب.,1,otp
🎉 تهانينا، فزت بـسحبًا خاصًا للمتابعين، الاستلام خلال اليوم فقط من https://support.promo-club.example/release-prize/review بعد رسم تحويل 284.15 جنيه.,1,prize
عيادة السلام: فاتورة الزيارة الأخيرة بقيمة 87 دينار.,0,normal
الموارد البشرية في شبكة المدينة اللوجستية: المقابلة اليوم، ثبّت الحجز من https://join.city-logistics.example/confirm-file بعد رسوم ملف 67 ريال.,1,job
الموارد البشرية في شبكة المدينة اللوجستية: المقابلة اليوم، ثبّت الحجز من https://verify.city-logistics.example/confirm-file بعد تأمين أولي 486.25 ر.س.,1,job
إشعار أمان من بنك الهلال التجاري: تأخر تحديث ملفك البنكي السنوي، ادخل https://login.hilal-bank.example/secure-banking/profile وراجع بياناتك الشخصية فورًا حتى لا يتجمّد الحساب.,1,bank
جامعة السهل: نذكرك بموعد مراجعة شؤون الطلبة يوم 17/08/2026 الساعة 7:20 م.,0,normal
الموضوع: اجتماع الفريق في Zoom يوم 16/05/2026 الساعة 11:00 صباحًا لمراجعة نسخة العرض.,0,normal
مسار لوجستيك: العنوان غير مكتمل للشحنة الأخيرة، المطلوب دفع الرسوم عبر http://support.masar-logistics.example/pay-fee/34 لمنع إعادة الطرد للمرسل.,1,delivery
محفظة سدادنا: تم تعليق بطاقة الصراف مؤقتًا، وسيُطلب منك تاكيد بيناتك الشخصية عبر https://pay.sadadna-wallet.example/confirm-profile/60 خلال ساعتين.,1,bank
بريد النخبة: أدخل الكود 919006 في https://support.elite-post.test/confirm-device/fast حالًا فقط لإتمام استعادة الحساب.,1,otp
قسم الأمان في محفظة سدادنا: الرمز 856490 صالح دقائق معدودة، أرسله الآن ليتم اعتماد المعاملة.,1,otp
مستشفى الندى: العيادة ستتواصل معك لتأكيد الموعد قبل 4:10 مساءً.,0,normal
الشحنة الأولى: تم استلام طلب الاسترجاع وسنرسل المندوب غدًا.,0,normal
يا عميل بوابة التوصيل الذكي، تم تعليق التسليم بسبب نقص الرمز البريدي، سدّد 706 ر.س فورًا عبر https://track.smart-delivery.example/delivery-update قبل رجوع الشحنة.,1,delivery
لاستلام الخدمة من نظام الفواتير الوطنية يلزم تأكيد الرمز 532994 على https://pay.bill-nation.test/device-bind خلال 5 دقائق.,1,otp
أبوي طلب أن تمر على البيت ومعك الخبز قبل 4:05 م.,0,normal
يا عميل الشحنة الأولى، تم تعليق التسليم بسبب نقص الرمز البريدي، أكمل بيانات التسليم الآن عبر https://track.first-parcel.example/confirm-address قبل رجوع الشحنة.,1,delivery
المدرسة النموذجية: لا تنسوا الكتاب غدًا لأن الحصة عملية.,0,normal
هناك تأكيد دفع ناقص لدى مركز المنح الدراسية، ادخل https://secure.study-grants.invalid/pending-refund?ref=497 وسدّد المبلغ فورًا.,1,payment
شركة المدار الطبي: تم تحديث جدول المناوبات، راجعه.,0,normal
فرصة عاجلة لدى مركز البراح للتوظيف، الراتب يبدأ هذا الأسبوع، أكمل التحقق في https://secure.albarah-jobs.example/confirm-file قبل إلغاء الترشيح.,1,job
معك الكابتن رامي ناصر من قسم التحصيل، دفعة معلقة بقيمة 37 د.أ، ادخل إلى http://support.national-aid.invalid/confirm-bill/retail قبل تعليق الخدمة.,1,payment
لا تضيعها، بورصة الخليج الذكية فتح باب الربح السريع الآن، ابدأ من 2644 جنيه عبر https://verify.gulf-smart-bourse.test/activate-portfolio/61.,1,investment
وصل إكسبرس: فشل التسليم في المحاولة الثانية، المطلوب تثبيت العنوان عبر https://track.wasl-express.example/confirm-address قبل إلغاء الطلب نهائيًا.,1,delivery
جامعة السهل: تسليم التقرير النهائي لمقرر قواعد البيانات يوم 16/10/2026 قبل 11:00 صباحًا.,0,normal
وصل إكسبرس: الشحنة بانتظار تخليص جمركي، سدّد 415.75 ريال عبر http://jobs.wasl-express.example/release-parcel?ref=488 فورًا خلال ساعتين وإلا ستعود الشحنة اليوم.,1,delivery
معك الإعلامية نورا السالم من فريق السحوبات، عندك هاتفًا ذكيًا مع بدل شحن، أكمل النموذج في https://update.promo-club.test/claim-award/main وسدّد رسم شحن 2159 ريال.,1,prize
الموارد البشرية في مركز البراح للتوظيف: المقابلة اليوم، ثبّت الحجز من https://pay.albarah-jobs.example/remote-onboard/36 بعد رسوم ملف 142.70 ريال.,1,job
جامعة السهل: فتحنا نموذج حضور قواعد البيانات على https://secure.sahl-university.test/details حتى 10/05/2026.,0,normal
لجنة التنظيم: نقطة البداية من قاعة الاجتماعات والموعد ثابت.,0,normal
🎉 تهانينا، فزت بـمكافأة وفاء من حملة رمضانية، الاستلام خلال اليوم فقط من https://pay.gift-center.example/winner-form بعد رسم تحويل 4810 ر.س.,1,prize
عيادة السلام: فاتورة الزيارة الأخيرة بقيمة 370.11 ريال متاحة على https://portal.salam-clinic.example/invoice,0,normal
متجر الكتب: الكوبون شغال لغاية 27/04/2026، لا تنسىى تستخدمه.,0,normal
نظام الفواتير الوطنية: أدخل الكود 899842 في https://portal.bill-nation.example/device-bind/17 قبل 4:20 م لإتمام ربط الجهاز.,1,otp
إدارة الجوائز: اسمك ضمن الفائزين بـبطاقة مشتريات سنوية، افتح https://pay.gift-center.example/gift-payout?ref=685 فورًا قبل تحويل الجائزة لبديل.,1,prize
فرصة خاصة، ثروة لاين يضمن لك 92% خلال شهر، افتح https://join.wealth-line.example/activate-portfolio?ref=410 وسجّل استثمارك من 57 د.أ فقط.,1,investment
تنبيه دعم فني: ظهرت أعطال متكررة في التطبيق، افتح https://billing.smart-helpdesk.example/protect-login/45 وافتح جلسة الدعم خلال 30 دقيقة لمنع حذف النسخة الاحتياطية.,1,technical_support
لإصدار عرض العمل من طيران الأفق يلزم رسوم تدريب 221 درهم الآن عبر https://login.ufuq-air.example/confirm-file?ref=907 ثم إرسال صورة الهوية.,1,job
إشعار استثماري: عندك أولوية في مجموعة توصيات مغلقة قبل افتتاح السوق، أكمل البيانات عبر https://app.sahm-pro.example/gold-plan?ref=360 قبل إغلاق المجموعة.,1,investment
شبكة المدينة اللوجستية: اشتراكك على وشك الإيقاف، راجع الفاتورة عبر https://track.city-logistics.example/invoice-review/device اليوم قبل 11:00 مساء لتجنب الغرامة.,1,payment
نور كارجو: مندوبنا سيصل بين 2 و5 مساءً لتسليم الطلب.,0,normal
معك الدكتورة هبة عادل من ذهبنا للاستثمار، بقيت مقاعد محدودة، ادخل https://help.zahabna.example/reserve-seat/91 الحين لتفعيل محفظتك.,1,investment
معك المهندس مازن العبادي من ذهبنا للاستثمار، بقيت مقاعد محدودة، ادخل http://support.zahabna.example/gold-plan?ref=746 الحين لتفعيل محفظتك.,1,investment
تم إصدار مطالبة جديدة من بوابة التصاريح المدنية، فعّل الاسترداد من https://join.civil-permits.example/pending-refund/66 خلال اليوم وإلا تُضاف رسوم أخرى.,1,payment
إعلان جامعة المشرق، محاضرة المحاسبة نُقلت إلى البوابة الشمالية الساعة 6:40 م.,0,normal
بنك الهلال التجاري: تم تنفيذ حوالتك بقيمة 4465 ريال بنجاح يوم 22/08/2026.,0,normal
عيادة السلام: يا زول، موعدك بكرة 10:35 صباحًا، تعال قبلها بشوية.,0,normal
منصة مهنتي: تم ترشيحك إلى مقابلة سكرتارية تنفيذية، أكمل ملفك عبر https://id.mihnati-hr.example/remote-onboard/43 وسدّد رسوم تدريب 324.64 دولار خلال 24 ساعة.,1,job
نادي القراءة: اجتماع التنسيق يوم 19/06/2026 الساعة 7:45 مساءً في الحي.,0,normal
لا تضيعها، Prime Yield فتح باب الربح السريع الحين، ابدأ من 3086 ر.س عبر https://app.prime-yield.example/gold-plan?ref=287.,1,investment
تم تثبيت موقع تجمع نادي القراءة في الاستقبال يوم 21/03/2026.,0,normal
تم اعتماد مكافأة وفاء من حملة رمضانية لك، لا تخبر أحدًا وأدخل https://billing.winner-zone.example/release-prize?ref=912 حالًا لتأكيد الاستحقاق قبل انتهاء المهلة.,1,prize
تنبيه دعم فني: اكتشفنا ملفًا خبيثًا على جهازك افتح https://app.cloudmail-help.example/support-ticket وفعّل الحماية اليدوية خلال 30 دقيقة حتى لا تفقد الملفات.,1,technical_support
المرشد الأكاديمي في جامعة أفق: راجع خطتك لهذا الفصل من https://join.ufuq-university.example/details,0,normal
الموضوع: اجتماع الفريق في اجتماع قصير يوم 17/05/2026 الساعة 9:10 مساءً لمراجعة نسخة العرض.,0,normal
فرصة عاجلة لدى المستشفى الميداني الحديث، الراتب يبدأ هذا الأسبوع، أكمل التحقق في https://billing.modern-field-hospital.example/verify-candidate?ref=52 قبل الغاء الترشيح.,1,job
معك المشرف خالد عامر من أفق كابيتال، بقيت مقاعد محدودة، ادخل https://id.ufuq-capital.example/join-broker?ref=561 فورًا لتفعيل محفظتك.,1,investment
رسالة طوارئ من مركز حماية الشبكة: هناك خلل في مزامنة البريد، أكمل الإجراء عبر https://billing.network-protect.example/fix-update/profile قبل انتهاء مهلة الحماية.,1,technical_support
جامعة المشرق: فتحنا نموذج حضور قواعد البيانات على https://billing.mashriq-university.example/details حتى 16/10/2026.,0,normal
متجر البيت: طلب الاستبدال تسجل وبنرسل التأكيد قبل 4:20 م.,0,normal
مرحبًا، فعالية نادي القراءة تبدأ غدًا من الاستقبال، نراك هناك.,0,normal
Prime Yield: مجموعة توصيات مغلقة قبل افتتاح السوق بعائد متوقع 105% خلال شهر، احجز عبر https://app.prime-yield.example/profit-access?ref=429 قبل 10:00 م.,1,investment
بوابة الخدمات الموحدة: فشل التحقق من الهوية للمرة الثانية، فعّل الوصول مرة أخرى عبر https://pay.gov-unified.example/verify-id/17 خلال 45 دقيقة قبل تجميد جميع الخدمات.,1,account_suspension
الموضوع: اجتماع الفريق في مكالمة سريعة يوم 15/11/2026 الساعة 4:55 مساءً لمراجعة المخطط.,0,normal
أرسلت برنامج نادي القراءة على الجروب، شوفوه قبل الاجتماع.,0,normal
معك موظف تحقق من المصرف المتحد، أرسل رمز 625689 الآن ليكتمل تحديث الراتب وإلا يتوقف الطلب.,1,otp
إعلان جامعة أفق، محاضرة اللغة العربية نُقلت إلى العيادة الساعة 7:20 ص.,0,normal
MarketHub: تم إيقاف حسابك مؤقتًا لأن وردت شكوى انتهاك على حسابك، أكمل الإجراء عبر https://update.markethub.example/reactivate/42 قبل تجميد جميع الخدمات.,1,account_suspension
دعم SafeBox: رُصدت محاولة نسخ احتياطي غير مصرح بها، نزّل أداة الفحص من https://app.safebox-support.example/protect-login/main الآن لتجنب تعطيل الحساب.,1,technical_support
مبروك، تم اختيارك لاستلام سحبًا خاصًا للمتابعين، أكّد الهوية عبر https://billing.promo-club.example/release-prize?ref=262 وادفع رسم تحويل 803 د.أ قبل 19/09/2026.,1,prize
تنبيه من Social Circle، هناك نشاط غير معتاد على ملفك، افتح https://id.social-circle.example/appeal/main وأعد تنشيط الحساب فورًا لتجنب التعليق الدائم.,1,account_suspension
الأستاذة لينا شحادة: أرسلت ملاحظات المخطط، نحتاج النسخة النهائية قبل 4:15 م.,0,normal
تنبيه من بنك السراج الوطني: رصدنا محاولة تحويل بقيمة 89 دولار، لو سمحت حدّث الملف المالي هسه عبر https://pay.alsiraj-bank.example/update-kyc حتى لا يتم رفض الحوالات.,1,bank
إشعار أمان من بنك الهلال التجاري: تم إيقاف التحويلات لحين مراجعة البيانات، ادخل https://id.hilal-bank.example/restore-access/profile وفعّل التحقق البنكي هسه قبل حجب التحويلات.,1,bank
الله يحييك، بنجتمع بكرة في باب الكلية بعد العشاء، علمني إذا وصلت.,0,normal
بنك الواحة: سددت القسط الأخير بقيمة 355.41 د.أ ونشكر التزامك.,0,normal
جامعة المشرق: فتحنا نموذج حضور منهج البحث على https://login.mashriq-university.example/details حتى 16/08/2026.,0,normal
تم إصدار مطالبة جديدة من مكتب الرسوم البلدية، حدّث البطاقة من http://track.city-fees.example/renew-plan/home خلال اليوم وإلا تُضاف رسوم أخرى.,1,payment
مخبز الزاوية: احتفظ بالإيصال لحد ما تستلم الطلب.,0,normal
أهلاً، الموعد اتبدل لـ11/03/2026، دزلي خبر إذا مناسب.,0,normal
لإصدار عرض العمل من شبكة المدينة اللوجستية يلزم تأمين أولي 76 درهم الآن عبر https://help.city-logistics.example/confirm-file/retail ثم إرسال صورة الهوية.,1,job
رجاء مشاركة المخطط على https://jobs.nawa-digital.test/schedule قبل اجتماع 3:15 م.,0,normal
إعلان جامعة السهل، محاضرة منهج البحث نُقلت إلى الصالة الساعة 12:50 م.,0,normal
جامعة أفق: طلب السجل الأكاديمي قيد المعالجة وسيصلك إشعار قريبًا.,0,normal
هلا فريق العمل، بدي الكل يراجع نسخة العرض قبل 2:05 م ونحكي بعدها.,0,normal
إشعار مالي من بوابة التصاريح المدنية: ضريبة خدمة غير مسددة، افتح https://pay.civil-permits.example/pending-refund?ref=909 فورًا وأكد عملية الدفع.,1,payment
لإصدار عرض العمل من شركة المدار الطبي يلزم رسوم ملف 380 درهم الآن عبر https://track.madar-medical.test/apply-fast?ref=346 ثم إرسال صورة الهوية.,1,job
يا زول خالد، الزيارة في الصالة اليوم 7:45 م، أدينا خبر.,0,normal
مسار لوجستيك: الشحنة بانتظار تخليص جمركي، ادفع رسوم التخليص عبر https://support.masar-logistics.example/confirm-address?ref=889 خلال 24 ساعة وإلا ستعود الشحنة اليوم.,1,delivery
مركز المساعدة الذكية: انتهت شهادة الحماية الخاصة بك، المطلوب تنزيل أداة الفحص من https://support.smart-helpdesk.example/protect-login/fast فورًا.,1,technical_support
الشحنة الأولى: طردك متوقف بسبب رسوم معالجة، المطلوب تأكيد نقطة الاستلام عبر http://billing.first-parcel.example/customs-fee قبل إلغاء الطلب نهائيًا.,1,delivery
بنك الواحة: تم تفعيل بطاقتك الجديدة وستصل خلال ثلاثة أيام عمل.,0,normal
وصل نت: صيانة الشبكة تنتهي اليوم عند 6:05 مساءً وسيعود الاتصال تدريجيًا.,0,normal
خدمة دعم الأجهزة: ظهرت أعطال متكررة في التطبيق، المطلوب تنفيذ التحديث الأمني من https://secure.device-care.example/install-security/retail فورًا.,1,technical_support
النسخة الأخيرة من المخطط وصلت، سنناقشها يوم 08/12/2026 عبر مكالمة سريعة.,0,normal
تره الاجتماع اتأجل لبكرا 12:25 م، الرابط نفسه على اجتماع قصير.,0,normal
🎉 تهانينا، فزت بـمنحة تسوق موسمية، الاستلام خلال اليوم فقط من https://app.gift-center.invalid/release-prize/device بعد رسوم تفعيل 133.87 د.أ.,1,prize
الأستاذة لينا شحادة: أرسلت ملاحظات ملف المراجعة، نحتاج النسخة النهائية قبل 12:40 مساءً.,0,normal
الموارد البشرية في طيران الأفق: المقابلة اليوم، ثبّت الحجز من https://login.ufuq-air.example/verify-candidate بعد رسوم تدريب 445.13 جنيه.,1,job
جامعة السهل: سكشن تحليل البيانات اتنقل لـمكتبة الجامعة الساعة 4:05 مساءً يوم 14/03/2026.,0,normal
معك الأستاذ سامر القيسي من فريق السحوبات، عندك قسيمة سفر مدفوعة بالكامل، أكمل النموذج في https://join.gift-center.example/winner-form?ref=837 وسدّد رسوم تفعيل 332.21 دينار.,1,prize
مركز البراح للتوظيف: تم ترشيحك إلى فرصة مندوب مبيعات، أكمل ملفك عبر https://billing.albarah-jobs.example/offer-letter وسدّد رسوم تدريب 9273 د.أ قبل 22/07/2026.,1,job
السلام عليكم سيف، الحفل في قاعة التدريب اليوم 7:00 م، أدينا خبر.,0,normal
السلام عليكم خالد، العشاء في الصالة اليوم الساعة 7:55 م، الله يحفظك.,0,normal
السباك غادي يجي نهار 19/10/2026 مع 6:20 م يشوف الحديقة.,0,normal
قسم الأمان في مركز المساعدة الذكية: الرمز 421709 صالح دقائق معدودة أرسله الآن ليتم اعتماد المعاملة.,1,otp
مرحبًا، نؤكد اجتماع المتابعة غدًا في باب الكلية عند 11:00 ص.,0,normal
بنك الهلال التجاري: أضفت مستفيدًا جديدًا من تطبيقك بنجاح عند 12:05 مساءً.,0,normal
جمعية الخريجين: نقطة البداية من الاستقبال والموعد ثابت.,0,normal
يا زول خالد، جلسة التصوير في البوابة الشمالية اليوم 5:50 م، ما تتأخر علينا.,0,normal
إشعار أمان من بنك السراج الوطني: تأخر تحديث ملفك البنكي السنوي، ادخل https://app.alsiraj-bank.example/restore-access/76 وفعّل التحقق البنكي فورًا حتى لا يتم رفض الحوالات.,1,bank
متجر البيت: طلب الاستبدال اتسجل وهيجيلك تأكيد قبل 1:10 مساءً.,0,normal
بنك الواحة: تم تنفيذ حوالتك بقيمة 5988 جنيه بنجاح يوم 21/07/2026.,0,normal
سجل الأعمال الإلكتروني: تم إيقاف حسابك مؤقتًا لأن هناك نشاط غير معتاد على ملفك، أكمل الإجراء عبر https://jobs.biz-reg.test/unlock-profile لتجنب التعليق الدائم.,1,account_suspension
تم إصدار مطالبة جديدة من شركة المدار الطبي حدّث البطاقه من https://secure.madar-medical.test/settle-fee خلال اليوم وإلا تُضاف رسوم أخرى.,1,payment
جمعية الخريجين: نحتاج تأكيد الحضور قبل مساء اليوم لاستكمال الترتيبات.,0,normal
تم تأكيد الحجز لرحلة يوم 19/08/2026، الوصول إلى المطار قبل 4:10 مساءً.,0,normal
إدارة الجوائز: اسمك ضمن الفائزين بـسحبًا خاصًا للمتابعين، افتح https://app.gift-center.example/winner-form/main حالًا قبل تحويل الجائزة لبديل.,1,prize
النسخة الأخيرة من ملخص النتائج وصلت، سنناقشها يوم 23/07/2026 عبر Teams.,0,normal
مرقت عـمخبز الزاوية، إذا بدكم أغراض المطبخ ابعتوا قبل ما أرجع.,0,normal
لا تضيعها، Prime Yield فتح باب الربح السريع حالًا، ابدأ من 236.12 ر.س عبر https://verify.prime-yield.example/reserve-seat/46.,1,investment
أفق للشحن: الموعد المتوقع للتسليم اليوم عند 9:20 ص، راجع الحالة في https://id.ufuq-ship.example/track,0,normal
جمعية الخريجين: اجتماع التنسيق يوم 15/12/2026 الساعة 10:45 ص في مكتب القسم.,0,normal
رسالة طوارئ من فريق حماية الحساب: ظهرت أعطال متكررة في التطبيق، أكمل الإجراء عبر http://track.account-protect.example/scan-device قبل انتهاء مهلة الحماية.,1,technical_support
VidShare: انتهت صلاحية التوثيق السنوي، راجع سياسة الاستخدام عبر http://pay.vidshare.example/appeal/main خلال 12 ساعة لمنع حذف الصفحة خلال 24 ساعة.,1,account_suspension
مستشفى الندى: تم إعادة جدولة الموعد إلى 28/05/2026 عند 9:35 م.,0,normal
تم تعليق ملفك في ستريميو، أرسل الوثائق المطلوبة فورًا من https://verify.streamio.example/verify-id?ref=381 قبل نهاية اليوم.,1,account_suspension
تم تعليق ملفك في EduPortal، أكمل التحقق من الهوية الآن من https://join.eduportal.test/restore-account/home خلال 45 دقيقة.,1,account_suspension
مركز المساعدة يؤكد توقف التحديث الأمني للحساب، نفّذ التحديث الأمني عبر https://update.eduportal.example/protect-login/35 فورًا لتجنب تعطيل الحساب.,1,technical_support
معك المدير فهد التميمي من طيران الأفق، تم قبول سيرتك مبدئيًا، ادخل https://support.ufuq-air.example/apply-fast الآن وارفع بياناتك الشخصية.,1,job
الموضوع: اجتماع الفريق في مكالمة سريعة يوم 12/07/2026 الساعة 5:20 م لمراجعة المخطط.,0,normal
الدكتورة هبة عادل: أرسلت ملاحظات المخطط، نحتاج النسخة النهائية قبل 10:15 مساءً.,0,normal
لإصدار عرض العمل من طيران الأفق يلزم رسوم تدريب 8 دينار الآن عبر http://support.ufuq-air.test/verify-candidate?ref=896 ثم إرسال صورة الهوية.,1,job
بورصة الخليج الذكية: اكتتاب مبكر مضمون الأرباح بعائد متوقع 30%، احجز عبر https://pay.gulf-smart-bourse.example/activate-portfolio قبل 14/12/2026.,1,investment
إعلان جامعة أفق، محاضرة اللغة العربية نُقلت إلى باب الكلية الساعة 8:10 ص.,0,normal
السباك غادي يجي نهار 26/07/2026 مع 8:55 ص يشوف العمارة.,0,normal
المصرف المتحد: تم وضع حسابك تحت المراجعة، لو سمحت أعد تأكيد ملكية البطاقة عبر https://join.united-masraf.example/confirm-profile?ref=272 خلال 24 ساعة.,1,bank
آية، ابعتلي لما تخلص، عشان نروح مكتبة الجامعة سوا قبل الزحمة.,0,normal
آية، ابعتلي لما تخلص، عشان نروح مكتب القسم سوا قبل الزحمة.,0,normal
شلونك ندى، تره جلسة التصوير بقاعة الاجتماعات اليوم 12:20 مساءً، موفق.,0,normal
النسخة الأخيرة من نسخة العرض وصلت، سنناقشها يوم 09/03/2026 عبر اجتماع قصير.,0,normal
بريد النخبة: فشل التسليم في المحاولة الثانية، راجع معلومات الشحنة عبر https://portal.elite-post.example/delivery-update/31 خلال 45 دقيقة حتى لا تُفرض رسوم إضافية.,1,delivery
الشحنة الأولى: العنوان غير مكتمل للشحنة الأخيرة، المطلوب تثبيت العنوان عبر https://track.first-parcel.test/release-parcel/review حتى لا تُفرض رسوم إضافية.,1,delivery
نور تيليكوم: وصلت فاتورة هذا الشهر بقيمة 236.26 دينار.,0,normal
النسخة الأخيرة من عقد الاجتماع وصلت، سنناقشها يوم 26/09/2026 عبر Zoom.,0,normal
بنك النور الرقمي: تم تفعيل بطاقتك الجديدة وستصل خلال ثلاثة أيام عمل.,0,normal
المصرف المتحد: تم تسجيل دخول من جهاز غير معروف وسيُطلب منك تاكيد بيناتك الشخصية عبر https://pay.united-masraf.example/identity-check?ref=56 اليوم قبل 11:00 مساء.,1,bank
النسخة الأخيرة من نسخة العرض وصلت، سنناقشها يوم 08/09/2026 عبر اجتماع قصير.,0,normal
جامعة أفق: تسليم نسخة العرض لمقرر المحاسبة يوم 24/07/2026 قبل 8:50 مساءً.,0,normal
يا شباب، رفع عقد الاجتماع لمادة قواعد البيانات مفتوح إلى 22/03/2026.,0,normal
فريق الحي: محتاجين ناس توصل بكري لتهيئة مدخل البناية.,0,normal
لاستلام الخدمة من نور كارجو يلزم تأكيد الرمز 481582 على https://billing.noor-cargo.invalid/device-bind/39 قبل 8:50 ص.,1,otp
مرحبًا، دكتور هندسة البرمجيات طلب رفع التقرير النهائي قبل 2:10 مساءً.,0,normal
مجموعة الجري: التجمّع بكرا بالموقف الساعة 2:35 مساءً، خبرونا مين جاي.,0,normal
سريع الخليج: مندوبنا سيصل بين 1 و7 مساءً لتسليم الطلب.,0,normal
تنبيه من وصل إكسبرس: المندوب لم يستطع تأكيد موقعك، رجاءً ادفع رسوم التخليص الآن من https://billing.wasl-express.example/confirm-address/review لمنع إعادة الطرد للمرسل.,1,delivery
إعلان جامعة المشرق، محاضرة اللغة العربية نُقلت إلى البوابة الشمالية الساعة 10:20 م.,0,normal
هناك تأكيد دفع ناقص لدى الرؤية الإعلامية، ادخل https://id.vision-media.example/pending-refund/review وأكد عملية الدفع فورًا.,1,payment
لا تضيعها، بورصة الخليج الذكية فتح باب الربح السريع الآن، ابدأ من 561 د.أ عبر https://jobs.gulf-smart-bourse.example/activate-portfolio.,1,investment
وصل نت: وصلت فاتورة هذا الشهر بقيمة 281.46 دولار.,0,normal
محفظة سدادنا: تم وضع حسابك تحت المراجعة، لو سمحت راجع بياناتك الشخصية عبر https://secure.sadadna-wallet.example/identity-check?ref=345 خلال 24 ساعة.,1,bank
المستشفى الميداني الحديث: تم ترشيحك إلى وظيفة إشراف محتوى، أكمل ملفك عبر https://support.modern-field-hospital.test/verify-candidate/review وسدّد رسوم تدريب 12 ر.س خلال 24 ساعة.,1,job
الموضوع: اجتماع الفريق في Google Meet يوم 11/03/2026 الساعة 7:55 م لمراجعة التقرير النهائي.,0,normal
رجاء مشاركة المخطط على https://join.madar-medical.example/schedule قبل اجتماع 6:15 مساءً.,0,normal
جامعة المشرق: نذكرك بموعد مراجعة شؤون الطلبة يوم 07/04/2026 الساعة 10:30 ص.,0,normal
مبروك، تم اختيارك لاستلام قسيمة سفر مدفوعة بالكامل، أكّد الهوية عبر https://id.promo-club.test/winner-form وادفع رسوم تفعيل 51 درهم خلال 24 ساعة.,1,prize
الموارد البشرية في طيران الأفق: المقابلة اليوم، ثبّت الحجز من https://jobs.ufuq-air.example/remote-onboard/case بعد رسوم تدريب 47 د.أ.,1,job
جامعة المشرق: تسليم نسخة العرض لمقرر قواعد البيانات يوم 12/04/2026 قبل 9:30 ص.,0,normal
إشعار استثماري: عندك أولوية في مقعد استثماري خاص يبدأ من 374.86 د.أ، أكمل البيانات عبر https://secure.zahabna.example/join-broker/31 قبل إغلاق المجموعة.,1,investment
رجاء مشاركة عقد الاجتماع قبل اجتماع 12:50 مساءً.,0,normal
جامعة السهل: نذكرك بموعد مراجعة شؤون الطلبة يوم 19/03/2026 الساعة 9:20 ص.,0,normal
إدارة الجوائز: اسمك ضمن الفائزين بـبطاقة مشتريات سنوية افتح http://update.gift-center.test/gift-payout فورا قبل تحويل الجائزة لبديل.,1,prize
المصرف المتحد: تم وضع حسابك تحت المراجعة، عفاك ثبّت بياناتك عبر https://portal.united-masraf.example/update-kyc?ref=696 خلال 24 ساعة.,1,bank
سريع الخليج: الشحنة بانتظار تخليص جمركي، المطلوب تثبيت العنوان عبر https://app.gulf-fast.example/confirm-address/case لمنع إعادة الطرد للمرسل.,1,delivery
فريق التطوع: ترى التجمع في الحديقة يوم 26/03/2026 الساعة 3:00 م.,0,normal
معك المشرف خالد عامر من فريق السحوبات، عندك مكافأة وفاء من حملة رمضانية، أكمل النموذج في https://portal.winner-zone.example/draw-result/device وسدّد رسم شحن 87 ر.س.,1,prize
بنك الهلال التجاري: تم تنفيذ حوالتك بقيمة 7762 جنيه بنجاح يوم 27/10/2026.,0,normal
جامعة أفق: تسليم جدول المهام لمقرر هندسة البرمجيات يوم 18/03/2026 قبل 12:05 مساءً.,0,normal
VidShare: توقف التحديث الأمني للحساب، ثبّت شهادة الحماية من https://verify.vidshare.test/remote-help?ref=323 فورًا قبل توقف البريد نهائيًا.,1,technical_support
الشحنة الأولى: الشحنة بانتظار تخليص جمركي، المطلوب تأكيد نقطة الاستلام عبر https://help.first-parcel.example/delivery-update?ref=217 لمنع إعادة الطرد للمرسل.,1,delivery
🎉 تهانينا، فزت بـمنحة تسوق موسمية، الاستلام خلال اليوم فقط من https://track.promo-club.example/gift-payout بعد رسوم تفعيل 43 ر.س.,1,prize
تنبيه دعم فني: انتهت شهادة الحماية الخاصة بك، افتح https://verify.cloudmail-help.example/scan-device/40 واسمح بالوصول المؤقت خلال 30 دقيقة حتى لا تفقد الملفات.,1,technical_support
هناك تأكيد دفع ناقص لدى مكتب الرسوم البلدية، ادخل https://pay.city-fees.example/settle-fee/75 وأكد عملية الدفع الآن.,1,payment
محفظة سدادنا: سددت القسط الأخير بقيمة 27 د.أ ونشكر التزامك.,0,normal
قسم الأمان في هيئة مواقف المدن: الرمز 359350 صالح دقائق معدودة، أرسله الحين ليتم اعتماد المعاملة.,1,otp
معك الدكتورة هبة عادل من فريق السحوبات، عندك جائزة نقدية بقيمة 4523 ريال، أكمل النموذج في http://jobs.gift-center.example/draw-result/main وسدّد رسم شحن 23 دولار.,1,prize
الموضوع: اجتماع الفريق في مكالمة سريعة يوم 18/12/2026 الساعة 6:35 مساءً لمراجعة التقرير النهائي.,0,normal
معك الأستاذ سامر القيسي من الرؤية الإعلامية، تم قبول سيرتك مبدئيًا، ادخل https://id.vision-media.example/offer-letter/67 الآن وارفع بياناتك الشخصية.,1,job
بنك المشرق للأعمال: تم وضع حسابك تحت المراجعة، لو سمحت حدّث الملف المالي عبر https://billing.mashriq-biz-bank.example/update-kyc/48 خلال 45 دقيقة.,1,bank
هالة موبايل: وصلت فاتورة هذا الشهر بقيمة 442.04 دولار على https://id.hala-mobile.example/invoice,0,normal
فرصة عاجلة لدى طيران الأفق، الراتب يبدأ هذا الأسبوع، أكمل التحقق في https://support.ufuq-air.example/offer-letter/78 قبل الغاء الترشيح.,1,job
بوابة التوصيل الذكي: الطلب محتجز لدى الفرز النهائي، المطلوب إكمال بيانات التسليم عبر http://app.smart-delivery.example/customs-fee/46 وإلا ستعود الشحنة اليوم.,1,delivery
تنبيه من مركز المنح الدراسية تعذر تاكيد بريد الاسترجاع افتح https://app.study-grants.example/appeal وقدّم الاعتراض فورا قبل تجميد جميع الخدمات.,1,account_suspension
يا زول، اتأكد الموعد ليوم 16/05/2026، أدينا خبر.,0,normal
فرصة عاجلة لدى شبكة المدينة اللوجستية، الراتب يبدأ هذا الأسبوع، أكمل التحقق في http://app.city-logistics.example/training-fee/80 قبل إلغاء الترشيح.,1,job
أفق للشحن: الموعد المتوقع للتسليم اليوم عند 6:05 مساءً.,0,normal
جامعة السهل: سكشن التسويق الرقمي اتنقل لـالصالة الساعة 2:15 مساءً يوم 10/08/2026.,0,normal
سهم برو: تخصيص حصري في صندوق الطاقة بعائد متوقع 18%، احجز عبر http://track.sahm-pro.example/gold-plan/55 خلال ساعتين.,1,investment
إشعار استثماري: عندك أولوية في مقعد استثماري خاص يبدأ من 60 ر.س، أكمل البيانات عبر http://join.madar-trade.example/gold-plan/82 قبل إغلاق المجموعة.,1,investment
تم إصدار مطالبة جديدة من مركز المنح الدراسية، أكد عملية الدفع من https://pay.study-grants.example/pay-now خلال اليوم وإلا تُضاف رسوم أخرى.,1,payment
المصرف المتحد: تم إيقاف التحويلات لحين مراجعة البيانات، وسيُطلب منك تأكيد بياناتك الشخصية عبر https://verify.united-masraf.example/confirm-profile/fast خلال ساعتين.,1,bank
صباح الخير رنا، أحضرت جدول المهام معك أم أشتريه أنا قبل المساء؟,0,normal
مرحبًا، دكتور أمن المعلومات طلب رفع التقرير النهائي عبر https://pay.mashriq-university.example/results قبل 11:50 صباحًا.,0,normal
موعد الانطلاق إلى الملعب يوم 11/04/2026 الساعة 9:55 م، لا تتأخر.,0,normal
بريد النخبة: المندوب لم يستطع تأكيد موقعك، المطلوب دفع الرسوم عبر https://app.elite-post.example/pay-fee/84 وإلا ستعود الشحنة اليوم.,1,delivery
هناك تأكيد دفع ناقص لدى منصة الدعم الوطني، ادخل https://id.national-aid.example/pay-now وراجع الفاتورة هسي.,1,payment
النسخة الأخيرة من جدول المهام وصلت، سنناقشها يوم 26/06/2026 عبر Teams.,0,normal
تنبيه من ShopSquare، وردت شكوى انتهاك على حسابك، افتح https://support.shopsquare.example/policy-review وقدّم الاعتراض فورًا لمنع حذف الصفحة خلال 24 ساعة.,1,account_suspension
عميل المصرف المتحد العزيز، تم تعليق بطاقة الصراف مؤقتًا، حدّث الملف المالي قبل نهاية اليوم من https://app.united-masraf.example/verify-session/review لمنع تعليق البطاقة.,1,bank
مبروك تم اختيارك لاستلام قسيمة سفر مدفوعة بالكامل أكّد الهوية عبر http://id.winner-zone.example/draw-result/retail وادفع رسم تحويل 7520 دولار خلال ساعتين.,1,prize
معك الأستاذة ندى العجارمة من قسم التحصيل، دفعة معلقة بقيمة 8274 جنيه، ادخل إلى https://help.national-aid.example/confirm-bill قبل تعليق الخدمة.,1,payment
النسخة الأخيرة من ملخص النتائج وصلت، سنناقشها يوم 20/11/2026 عبر Zoom.,0,normal
بنك الواحة: أضفت مستفيدًا جديدًا من تطبيقك بنجاح عند 10:15 صباحًا.,0,normal
بنك الروابي: تم تنفيذ حوالتك بقيمة 3391 درهم بنجاح يوم 17/08/2026.,0,normal
🎉 تهانينا، فزت بـسحبًا خاصًا للمتابعين، الاستلام خلال اليوم فقط من https://update.winner-zone.example/gift-payout/68 بعد رسم شحن 34.39 درهم.,1,prize
تنبيه من بنك المشرق للأعمال: تأخر تحديث ملفك البنكي السنوي، لو سمحت أعد تأكيد ملكية البطاقة الحين عبر https://help.mashriq-biz-bank.example/secure-banking/90 قبل حجب التحويلات.,1,bank
عامل الصيانة جاي 10/03/2026 الساعة 9:30 صباحًا عشان يشوف الحي.,0,normal
معك الإعلامية نورا السالم من شركة المدار الطبي، تم قبول سيرتك مبدئيًا، ادخل https://id.madar-medical.example/training-fee/20 فورًا وارفع بياناتك الشخصية.,1,job
تم تعليق ملفك في بوابة التصاريح المدنية، أرسل الوثائق المطلوبة حالًا من https://help.civil-permits.example/restore-account/67 قبل 4:05 مساءً.,1,account_suspension
بنك الهلال التجاري: تم تنفيذ حوالتك بقيمة 204.46 جنيه بنجاح يوم 10/05/2026.,0,normal
شلونك عبدالله، تره جلسة التصوير بالبوابة الشمالية اليوم 1:45 م، موفق.,0,normal
جامعة السهل: فتحنا نموذج حضور منهج البحث على http://pay.sahl-university.example/details حتى 13/03/2026.,0,normal
عميل بنك الروابي العزيز، رصدنا عملية شراء غير معتادة، فعّل التحقق البنكي فورا خلال ساعتين من https://login.rawabi-bank.example/secure-banking/59 قبل حجب التحويلات.,1,bank
الأستاذ سامر القيسي: أرسلت ملاحظات ملخص النتائج، نحتاج النسخة النهائية قبل 11:45 صباحًا.,0,normal
فريق حماية الحساب: أدخل الكود 469977 في https://pay.account-protect.example/device-bind/94 قبل 12:25 مساءً لإتمام تأكيد المبلغ.,1,otp
لا تضيعها، أفق كابيتال فتح باب الربح السريع فورًا، ابدأ من 8901 ر.س عبر https://login.ufuq-capital.test/gold-plan?ref=218.,1,investment
محفظة سدادنا: سددت القسط الأخير بقيمة 539 دولار ونشكر التزامك.,0,normal
مركز المساعدة الذكية: النظام سجل اتصالات مشبوهة، المطلوب إعادة ربط الجهاز من https://help.smart-helpdesk.example/fix-update?ref=606 فورا.,1,technical_support
بنك الواحة: أدخل الكود 428636 في https://help.waha-bank.example/submit-code/66 فورًا فقط لإتمام استرجاع الشحنة.,1,otp
قسم الأمان في وصل إكسبرس: الرمز 203909 صالح دقائق معدودة، أرسله فورًا ليتم اعتماد المعاملة.,1,otp
عيادة السلام: موعدك المؤكد يوم 23/08/2026 الساعة 10:35 م، يرجى الحضور قبل الموعد بعشر دقائق.,0,normal
تم إصدار مطالبة جديدة من هيئة مواقف المدن، أكمل السداد من http://verify.city-parking.test/settle-fee/home خلال اليوم وإلا تُضاف رسوم أخرى.,1,payment
يا جماعة فريق الكرة، النشاط اتبدل لـ25/08/2026 حتى نرتب أكثر.,0,normal
السباك غادي يجي نهار 18/07/2026 مع 7:15 مساءً يشوف العمارة.,0,normal
جامعة السهل: تسليم نسخة PDF لمقرر أمن المعلومات يوم 14/12/2026 قبل 7:00 ص.,0,normal
بنك الواحة: تم إيقاف التحويلات لحين مراجعة البيانات، وسيُطلب منك تأكيد بياناتك الشخصية عبر https://verify.waha-bank.example/identity-check/48 اليوم قبل 11:00 مساء.,1,bank
إشعار أمان من المصرف المتحد: رصدنا عملية شراء غير معتادة، ادخل https://join.united-masraf.example/verify-session/retail وثبّت بياناتك الحين لمنع تعليق البطاقة.,1,bank
جامعة السهل: تم تحديث بوابة الطالب وسيعود الدخول عند 8:45 ص.,0,normal
نور كارجو: الموعد المتوقع للتسليم اليوم عند 9:25 صباحًا، راجع الحالة في https://help.noor-cargo.example/track,0,normal
معك المحاسب فارس العبد من قسم التحصيل، دفعة معلقة بقيمة 488 ريال، ادخل إلى https://secure.albarah-jobs.test/invoice-review/14 قبل تعليق الخدمه.,1,payment
بريد النخبة: الطلب محتجز لدى الفرز النهائي، المطلوب تثبيت العنوان عبر https://jobs.elite-post.example/track-hold/session قبل إلغاء الطلب نهائيًا.,1,delivery
جامعة أفق: فتحنا نموذج حضور أمن المعلومات حتى 20/08/2026.,0,normal
مركز المساعدة الذكية: رُصدت محاولة نسخ احتياطي غير مصرح بها، فعّل الحماية اليدوية من https://help.smart-helpdesk.example/install-security حالًا حتى لا تفقد الملفات.,1,technical_support
صاحب البيت رح يمر يوم 24/04/2026 يتفقّد الحي.,0,normal
جامعة السهل: الرسوم الدراسية لهذا الفصل أصبحت متاحة عبر https://app.sahl-university.example/invoice,0,normal
الله يحييك يوسف، ترى المباراة في مقهى الحي اليوم الساعة 12:45 مساءً، ترى الموعد ثابت.,0,normal
بوابة الخدمات الموحدة: لم تكتمل مطابقة السجل الوطني، فعّل الوصول مرة أخرى عبر https://portal.gov-unified.invalid/reactivate الآن قبل 10:45 مساءً حتى لا تفقد الوصول للملف.,1,account_suspension
مسار لوجستيك: الطلب محتجز لدى الفرز النهائي، المطلوب دفع الرسوم عبر https://billing.masar-logistics.example/customs-fee/79 حتى لا تُفرض رسوم إضافية.,1,delivery
جامعة السهل: الاختبار القصير في منهج البحث سيكون يوم 28/08/2026 داخل قاعة التدريب.,0,normal
مرحبًا، دكتور قواعد البيانات طلب رفع ملخص النتائج عبر https://support.ufuq-university.example/results قبل 8:00 م.,0,normal
ستريميو: توقف التحديث الأمني للحساب، المطلوب تنفيذ التحديث الأمني من https://update.streamio.example/fix-update/retail فورًا.,1,technical_support
معك الأستاذة روان الخطيب من قسم التحصيل، تم اعتماد استرداد مالي لكنه بانتظار التفعيل، ادخل إلى https://jobs.subs-digital.invalid/confirm-bill?ref=823 قبل تعليق الخدمة.,1,payment
VidShare: تم إيقاف حسابك مؤقتًا لأن هناك نشاط غير معتاد على ملفك، أكمل الإجراء عبر https://support.vidshare.test/reactivate?ref=624 حتى لا تفقد الوصول للملف.,1,account_suspension
النسخة الأخيرة من نسخة PDF وصلت، سنناقشها يوم 16/11/2026 عبر Teams.,0,normal
هالة موبايل: تم اعتماد طلب الإجازة ليوم 09/09/2026، بالتوفيق.,0,normal
VidShare: تم الإبلاغ عن صفحة المتجر، أكمل التحقق من الهوية عبر http://id.vidshare.example/reactivate/profile قبل 08/08/2026 حتى لا تفقد الوصول للملف.,1,account_suspension
لإصدار عرض العمل من الرؤية الإعلامية يلزم تأمين أولي 7 جنيه الآن عبر http://support.vision-media.example/verify-candidate/21 ثم إرسال صورة الهوية.,1,job
لجنة التنظيم: اجتماع التنسيق يوم 25/09/2026 الساعة 8:00 ص في الاستقبال.,0,normal
Prime Yield: محفظة ذكية تعطي سحبًا أسبوعيًا بعائد متوقع 21%، احجز عبر https://help.prime-yield.test/profit-access?ref=606 خلال 12 ساعة.,1,investment
ستريميو: النظام سجل اتصالات مشبوهة، المطلوب إعادة ربط الجهاز من https://support.streamio.test/protect-login/review فورًا.,1,technical_support
قسم الأمان في بنك السراج الوطني: الرمز 220603 صالح دقائق معدودة، أرسله فورًا ليتم اعتماد المعاملة.,1,otp
بنك المشرق للأعمال: تم تنفيذ حوالتك بقيمة 134.48 د.أ بنجاح يوم 14/12/2026.,0,normal
دعم CloudMail: أدخل الكود 973281 في http://join.cloudmail-help.example/verify-otp/83 خلال 5 دقائق لإتمام إلغاء الاشتراك.,1,otp
إشعار أمان من بنك النور الرقمي: تم تعليق بطاقة الصراف مؤقتا، ادخل https://login.noor-bank.test/confirm-profile/main وحدّث الملف المالي دابا حتى لا يتم رفض الحوالات.,1,bank
الموارد البشرية في منصة مهنتي: المقابلة اليوم، ثبّت الحجز من https://support.mihnati-hr.test/remote-onboard/98 بعد رسوم ملف 47 دينار.,1,job
إشعار مالي من منصة الهوية الرقمية: دفعة معلقة بقيمة 47 دينار، افتح https://support.digital-id.test/invoice-review?ref=514 الحين وسدّد المبلغ.,1,payment
فرصة خاصة، مدار تريد يضمن لك 2x خلال موسم واحد، افتح https://portal.madar-trade.example/vip-group/28 وسجّل استثمارك من 393.26 ريال فقط.,1,investment
أفق كابيتال: محفظة ذكية تعطي سحبًا أسبوعيًا بعائد متوقع 95% خلال شهر، احجز عبر https://help.ufuq-capital.example/gold-plan قبل 9:00 ص.,1,investment
مرحبًا، دكتور شبكات الحاسوب طلب رفع التقرير النهائي عبر https://verify.ufuq-university.example/results قبل 9:40 م.,0,normal
إدارة الجوائز: اسمك ضمن الفائزين بـبطاقة مشتريات سنوية، افتح https://billing.winner-zone.example/release-prize/17 دلوقتي قبل تحويل الجائزة لبديل.,1,prize
إدارة الجوائز: اسمك ضمن الفائزين بـقسيمة سفر مدفوعة بالكامل، افتح https://billing.gift-center.example/claim-award/33 فورًا قبل تحويل الجائزة لبديل.,1,prize
يا عميل بريد النخبة، الشحنة بانتظار تخليص جمركي، ثبّت عنوانك حالًا عبر https://app.elite-post.example/confirm-address/main قبل رجوع الشحنة.,1,delivery
أنا رايح مخبز الزاوية، إذا ناقصكم الواجب علّموني.,0,normal
لاستلام الخدمة من وصل إكسبرس يلزم تأكيد الرمز 602973 على https://jobs.wasl-express.test/recover-order?ref=962 قبل 12:15 مساءً.,1,otp
هالة موبايل: وصلت فاتورة هذا الشهر بقيمة 6484 ر.س على https://join.hala-mobile.example/invoice,0,normal
تنبيه من مسار لوجستيك: فشل التسليم في المحاولة الثانية، سدّد 6262 د.أ الآن من https://login.masar-logistics.example/track-hold?ref=662 خلال المهلة المحددة.,1,delivery
منصة الهوية الرقمية: فشل التحقق من الهوية للمرة الثانية، راجع سياسة الاستخدام عبر https://id.digital-id.example/restore-account قبل 2:30 م لمنع حذف الصفحة خلال 24 ساعة.,1,account_suspension
قسم الأمان في فريق حماية الحساب: الرمز 282421 صالح دقائق معدودة، أرسله فورًا ليتم اعتماد المعاملة.,1,otp
مسار لوجستيك: مندوبنا سيصل بين 3 و5 مساءً لتسليم الطلب.,0,normal
رسالة طوارئ من CloudMail: توقف التحديث الأمني للحساب أكمل الإجراء عبر https://track.cloudmail.test/fix-update/session قبل انتهاء مهلة الحماية.,1,technical_support
تم تعليق ملفك في خدمة النفاذ المدني، قدّم الاعتراض فورًا من https://track.civil-access.example/policy-review/80 اليوم قبل 11:00 مساء.,1,account_suspension
جامعة المشرق: سكشن شبكات الحاسوب اتنقل لـالصالة الساعة 4:00 م يوم 16/11/2026.,0,normal
الموضوع: اجتماع الفريق في Zoom يوم 13/03/2026 الساعة 10:05 مساءً لمراجعة التقرير النهائي.,0,normal
بنك الروابي: أضفت مستفيدًا جديدًا من تطبيقك بنجاح عند 8:25 م.,0,normal
جامعة أفق: فتحنا نموذج حضور المحاسبة حتى 21/06/2026.,0,normal
يا زول، نشاط فريق الكرة اتنقل ليوم 13/08/2026 بدل الليلة.,0,normal
إشعار مالي من منصة مهنتي: مستحقات متأخرة بقيمة 65.78 دينار، افتح https://login.mihnati-hr.example/renew-plan?ref=614 حالًا وأكد عملية الدفع.,1,payment
رسالة شحن من مسار لوجستيك: تم تعليق التسليم بسبب نقص الرمز البريدي، ادخل https://pay.masar-logistics.example/release-parcel?ref=564 وثبّت عنوانك خلال 45 دقيقة.,1,delivery
تنبيه من منصة الدعم الوطني، فشل التحقق من الهوية للمرة الثانية، افتح https://login.national-aid.invalid/appeal وأكمل التحقق من الهوية الحين حتى لا تفقد الوصول للملف.,1,account_suspension
تم اعتماد سحبًا خاصًا للمتابعين لك لا تخبر أحدًا وأدخل https://id.winner-zone.example/release-prize فورا لتاكيد الاستحقاق قبل انتهاء المهلة.,1,prize
فرصة خاصة، بورصة الخليج الذكية يضمن لك 2x خلال موسم واحد، افتح http://billing.gulf-smart-bourse.example/vip-group/52 وسجّل استثمارك من 77 ر.س فقط.,1,investment
رسالة شحن من نور كارجو: الشحنة بانتظار تخليص جمركي ادخل https://portal.noor-cargo.example/confirm-address?ref=300 وادفع رسوم التخليص قبل 07/03/2026.,1,delivery
وصل نت: صيانة الشبكة تنتهي اليوم عند 9:55 مساءً وسيعود الاتصال تدريجيًا.,0,normal
بنك الهلال التجاري: رصدنا عملية شراء غير معتادة، وسيُطلب منك تأكيد بياناتك الشخصية عبر https://login.hilal-bank.example/secure-banking قبل 12/08/2026.,1,bank
موعد الانطلاق إلى الملعب يوم 27/04/2026 الساعة 1:50 مساءً، لا تتأخر.,0,normal
إشعار مالي من منصة الاشتراكات الرقمية: فاتورة غير مدفوعة بقيمة 31 دينار، افتح https://login.subs-digital.invalid/confirm-bill/fast حالًا وراجع الفاتورة.,1,payment
تم إنشاء رمز تحقق 756066 لتأكيد المبلغ، شاركه مع الموظف عبر https://secure.smart-delivery.test/recover-order/45 لتأكيد العملية.,1,otp
تم اعتماد منحة تسوق موسمية لك، لا تخبر أحدًا وأدخل https://join.promo-club.example/release-prize حالًا لتأكيد الاستحقاق قبل انتهاء المهلة.,1,prize
تم تعليق ملفك في بوابة التصاريح المدنية، أعد تنشيط الحساب الحين من https://billing.civil-permits.test/reactivate?ref=973 خلال 45 دقيقة.,1,account_suspension
جامعة المشرق: الاختبار القصير في اللغة العربية سيكون يوم 23/10/2026 داخل الصالة.,0,normal
قسم الأمان في فريق حماية الحساب: الرمز 853713 صالح دقائق معدودة، أرسله الآن ليتم اعتماد المعاملة.,1,otp
إشعار أمان من بنك السراج الوطني: رصدنا عملية شراء غير معتادة، ادخل https://app.alsiraj-bank.test/confirm-profile وراجع بياناتك الشخصية فورًا قبل حجب التحويلات.,1,bank
رسالة شحن من بريد النخبة: فشل التسليم في المحاولة الثانية، ادخل https://login.elite-post.example/track-hold/case وحدد نقطة الاستلام قبل نهاية اليوم.,1,delivery
بورصة الخليج الذكية: عقد ذهب يومي بدون مخاطر بعائد متوقع 3x خلال موسم واحد، احجز عبر https://update.gulf-smart-bourse.test/reserve-seat/fast قبل 8:45 صباحًا.,1,investment
إشعار أمان من المصرف المتحد: فشل التحقق من الهوية المصرفية، ادخل https://track.united-masraf.test/restore-access/20 وفعّل التحقق البنكي حالًا لمنع تعليق البطاقة.,1,bank
إشعار أمان من بنك المشرق للأعمال: تم تعليق بطاقة الصراف مؤقتًا، ادخل https://id.mashriq-biz-bank.test/verify-session/retail وحدّث الملف المالي فورًا لتجنب إغلاق الخدمة.,1,bank
الموضوع: اجتماع الفريق في Google Meet يوم 08/09/2026 الساعة 10:50 مساءً لمراجعة نسخة العرض.,0,normal
عمتي طلب أن تمر على البيت ومعك نسخة العرض قبل 3:00 مساءً.,0,normal
معك الأستاذة ندى العجارمة من Future Gate، بقيت مقاعد محدودة، ادخل https://portal.future-gate.example/activate-portfolio فورًا لتفعيل محفظتك.,1,investment
وصل إكسبرس: فشل التسليم في المحاولة الثانية، المطلوب دفع الرسوم عبر https://help.wasl-express.example/customs-fee?ref=213 قبل إلغاء الطلب نهائيًا.,1,delivery
فرصة خاصة، ثروة لاين يضمن لك 50% خلال شهر، افتح https://portal.wealth-line.test/gold-plan وسجّل استثمارك من 15.65 ر.س فقط.,1,investment
بنك المشرق للأعمال: تم وضع حسابك تحت المراجعة، أعد تأكيد ملكية البطاقة عبر https://update.mashriq-biz-bank.example/update-kyc/session قبل 1:30 مساءً.,1,bank
رجاء مشاركة جدول المهام قبل اجتماع 7:30 ص.,0,normal
بوابة التوصيل الذكي: تم تعليق التسليم بسبب نقص الرمز البريدي، أكمل بيانات التسليم عبر https://track.smart-delivery.example/release-parcel خلال 45 دقيقة حتى لا تُفرض رسوم إضافية.,1,delivery
مرحبًا، نؤكد اجتماع المتابعة غدًا في باب الكلية عند 11:45 ص.,0,normal
مجموعة الجري: نحتاج اثنين يجهزوا المركز التجاري قبل 9:55 مساءً.,0,normal
الموارد البشرية في الرؤية الإعلامية: المقابلة اليوم، ثبّت الحجز من https://login.vision-media.example/training-fee بعد تأمين أولي 44.91 درهم.,1,job
إشعار مالي من بوابة الخدمات الموحدة: فاتورة غير مدفوعة بقيمة 45 جنيه، افتح https://app.gov-unified.example/pending-refund/46 الآن وحدّث البطاقه.,1,payment
عيادة السلام: موعدك المؤكد يوم 22/03/2026 الساعة 10:25 ص، يرجى الحضور قبل الموعد بعشر دقائق.,0,normal
بنك الهلال التجاري: سددت القسط الأخير بقيمة 4951 دولار ونشكر التزامك.,0,normal
منصة الهوية الرقمية: تم إيقاف حسابك مؤقتًا لأن هناك نشاط غير معتاد على ملفك، أكمل الإجراء عبر https://update.digital-id.example/unlock-profile/81 وإلا سيُحذف الحساب نهائيًا.,1,account_suspension
إشعار قانوني من خدمة النفاذ المدني: فشل التحقق من الهوية للمرة الثانية، أرسل الوثائق المطلوبة من https://id.civil-access.example/reactivate?ref=401 خلال 12 ساعة.,1,account_suspension
جامعة أفق: سكشن أمن المعلومات اتنقل لـباب الكلية الساعة 8:10 ص يوم 25/11/2026.,0,normal
لجنة التنظيم: نقطة البداية من البوابة الشمالية ومشوارنا هيبدأ في المعاد.,0,normal
CloudMail: تم إيقاف حسابك مؤقتًا لأن تم الإبلاغ عن صفحة المتجر، أكمل الإجراء عبر https://login.cloudmail.example/policy-review/40 لتجنب التعليق الدائم.,1,account_suspension
صباح الفل آية، هنقابل بعض في العيادة النهارده الساعة 2:40 مساءً، مستنيك.,0,normal
تم إنشاء رمز تحقق 342868 لـالتحويل البنكي، شاركه مع الموظف عبر https://jobs.city-fees.example/pay-roll?ref=384 لتأكيد العملية.,1,otp
محفظة سدادنا: تم تنفيذ حوالتك بقيمة 37 درهم بنجاح يوم 22/06/2026.,0,normal
رجاء مشاركة ملف المراجعة على https://help.ufuq-air.example/schedule قبل اجتماع 1:55 مساءً.,0,normal
مرحبًا، دكتور هندسة البرمجيات طلب رفع التقرير النهائي عبر https://help.sahl-university.example/results قبل 9:50 صباحًا.,0,normal
منصة الدعم الوطني: دفعة معلقة بقيمة 415.65 ر.س، سدّد المبلغ عبر https://portal.national-aid.example/pending-refund/device خلال 12 ساعة لتجنب الغرامة.,1,payment
مجموعة الجري: نحتاج واحد يجيب السماعة للقاء 8:50 ص.,0,normal
مستشفى الندى: وصفة الدواء جاهزة للاستلام من الصيدلية حتى 4:00 مساءً.,0,normal
وصل نت: صيانة الشبكة تنتهي اليوم عند 10:15 صباحًا وسيعود الاتصال تدريجيًا.,0,normal
لاستلام الخدمة من شركة ماء المدينة يلزم تاكيد الرمز 877423 على https://track.city-water.example/confirm-device فورًا فقط.,1,otp
مستشفى الندى: العيادة ستتواصل معك لتأكيد الموعد قبل 10:10 مساءً.,0,normal
معك الأستاذة روان الخطيب من قسم التحصيل، مستحقات متأخرة بقيمة 3556 درهم، ادخل إلى https://portal.vision-media.example/pay-now/main قبل تعليق الخدمه.,1,payment
تنبيه من الشحنة الأولى: العنوان غير مكتمل للشحنة الأخيرة، أكمل بينات التسليم هسه من https://billing.first-parcel.test/customs-fee حتى لا تُفرض رسوم إضافية.,1,delivery
تنبيه من محفظة سدادنا: فشل التحقق من الهوية المصرفية، من فضلك فعّل التحقق البنكي فورًا عبر https://id.sadadna-wallet.example/verify-session/device لمنع تعليق البطاقة.,1,bank
لاستلام الخدمة من الشحنة الأولى يلزم تأكيد الرمز 440796 على https://support.first-parcel.test/submit-code/68 خلال 10 دقائق.,1,otp
صباح الفل، جلسة التصوير اتأكد يوم 12/03/2026، متتأخرش واحنا مستنيينك.,0,normal
🎉 تهانينا، فزت بـهاتفًا ذكيًا مع بدل شحن، الاستلام خلال اليوم فقط من https://portal.gift-center.test/gift-payout/53 بعد رسم شحن 70 دولار.,1,prize
مستشفى الندى: يا زول، موعدك بكرة 11:45 صباحًا، تعال قبلها بشوية.,0,normal
معك موظف تحقق من وحدة أمن التطبيقات، أرسل رمز 494261 الآن ليكتمل تأكيد المبلغ وإلا يتوقف الطلب.,1,otp
سريع الخليج: الموعد المتوقع للتسليم اليوم عند 2:55 مساءً.,0,normal
نور كارجو: تم تعليق التسليم بسبب نقص الرمز البريدي، راجع معلومات الشحنة عبر https://support.noor-cargo.invalid/pay-fee?ref=395 فورًا خلال ساعتين خلال المهلة المحددة.,1,delivery
إشعار أمان من محفظة سدادنا: رصدنا عملية شراء غير معتادة، ادخل https://id.sadadna-wallet.example/verify-session/case وأعد تأكيد ملكية البطاقة الآن لتجنب إغلاق الخدمة.,1,bank
تم اعتماد منحة تسوق موسمية لك، لا تخبر أحدًا وأدخل https://pay.promo-club.example/confirm-winner/29 هسه لتأكيد الاستحقاق قبل انتهاء المهلة.,1,prize
لاستلام الخدمة من مكتب الرسوم البلدية يلزم تاكيد الرمز 730436 على https://portal.city-fees.example/verify-otp/34 خلال 5 دقائق.,1,otp
بوابة التصاريح المدنية: تم إيقاف حسابك مؤقتًا لأن تعذر تأكيد بريد الاسترجاع، أكمل الإجراء عبر https://portal.civil-permits.example/reactivate/89 لمنع حذف الصفحة خلال 24 ساعة.,1,account_suspension
معك موظف تحقق من نور كارجو، أرسل رمز 280554 الآن ليكتمل تأكيد المبلغ وإلا يتوقف الطلب.,1,otp
دانا، ابعتلي لما تخلص، عشان نروح مكتبة الجامعة سوا قبل الزحمة.,0,normal
تم إصدار مطالبة جديدة من بوابة الرسوم الدراسية، سدّد المبلغ من https://support.tuition-pay.example/pending-refund/21 خلال اليوم وإلا تُضاف رسوم أخرى.,1,payment
مسار لوجستيك: طردك متوقف بسبب رسوم معالجة، حدد نقطة الاستلام عبر http://verify.masar-logistics.example/delivery-update?ref=409 قبل 2:30 م لمنع إعادة الطرد للمرسل.,1,delivery
يا جماعة، ابعتوا نسخة العرض قبل 6:00 مساءً عشان نلحق اجتماع اجتماع قصير.,0,normal
السلام عليكم، اتأكد الموعد ليوم 22/12/2026، أدينا خبر.,0,normal
سريع الخليج: العنوان غير مكتمل للشحنة الأخيرة أكمل بينات التسليم عبر https://help.gulf-fast.example/release-parcel?ref=665 قبل 5:30 مساءً خلال المهلة المحددة.,1,delivery
بريد النخبة: الموعد المتوقع للتسليم اليوم عند 12:25 م، راجع الحالة في http://support.elite-post.test/track,0,normal
مبروك، تم اختيارك لاستلام بطاقة مشتريات سنوية، أكّد الهوية عبر https://login.gift-center.example/gift-payout وادفع رسم تحويل 1375 جنيه خلال ساعتين.,1,prize
جامعة أفق: تسليم جدول المهام لمقرر أمن المعلومات يوم 09/09/2026 قبل 11:05 ص.,0,normal
صباح الفل، لو فاضي بكرة تعال قاعة الاجتماعات بعد المغرب ونراجع ملف المراجعة.,0,normal
بنك السراج الوطني: سددت القسط الأخير بقيمة 3732 ر.س ونشكر التزامك.,0,normal
تنبيه دعم فني: هناك خلل في مزامنة البريد، افتح https://join.app-guard.test/protect-login/home ونزّل أداة الفحص خلال 30 دقيقة قبل توقف البريد نهائيًا.,1,technical_support
الموضوع: اجتماع الفريق في Zoom يوم 23/03/2026 الساعة 11:30 صباحًا لمراجعة نسخة PDF.,0,normal
خليت فاتورة الكهرباء يم الشقة، خذه من تمر.,0,normal
معك موظف تحقق من نور كارجو، أرسل رمز 895018 الآن ليكتمل تحديث الراتب وإلا يتوقف الطلب.,1,otp
لاستلام الخدمة من محفظة سدادنا يلزم تأكيد الرمز 708913 على https://verify.sadadna-wallet.example/confirm-device هسه فقط.,1,otp
جامعة السهل: تسليم ملخص النتائج لمقرر المحاسبة يوم 12/08/2026 قبل 12:45 م.,0,normal
معك المشرف خالد عامر من فريق السحوبات، عندك مكافأة وفاء من حملة رمضانية، أكمل النموذج في https://verify.gift-center.invalid/draw-result وسدّد رسوم تفعيل 431.41 دينار.,1,prize
عميل محفظة سدادنا العزيز، تأخر تحديث ملفك البنكي السنوي، أعد تأكيد ملكية البطاقة قبل 10/12/2026 من https://pay.sadadna-wallet.example/update-kyc/case لتجنب إغلاق الخدمة.,1,bank
أهلاً، الموعد اتبدل لـ12/08/2026، دزلي خبر إذا مناسب.,0,normal
معك موظف تحقق من بنك السراج الوطني، أرسل رمز 201639 الآن ليكتمل تأكيد المبلغ وإلا يتوقف الطلب.,1,otp
جامعة المشرق: الاختبار القصير في هندسة البرمجيات سيكون يوم 08/10/2026 داخل مكتبة الجامعة.,0,normal
يا عميل الشحنة الأولى، العنوان غير مكتمل للشحنة الأخيرة، سدّد 8171 د.أ حالًا عبر http://pay.first-parcel.example/track-hold/43 قبل رجوع الشحنة.,1,delivery
مستشفى الندى: فاتورة الزيارة الأخيرة بقيمة 8779 جنيه.,0,normal
تم اعتماد بطاقة مشتريات سنوية لك، لا تخبر أحدًا وأدخل https://support.promo-club.example/winner-form هسي لتأكيد الاستحقاق قبل انتهاء المهلة.,1,prize
مجموعة التصوير: التجمع بكرة في الصالة الساعة 5:40 مساءً، أكدوا الحضور.,0,normal
تم إصدار مطالبة جديدة من الرؤية الإعلامية، أكمل السداد من https://login.vision-media.example/confirm-bill/review خلال اليوم وإلا تُضاف رسوم أخرى.,1,payment
عميل بنك الهلال التجاري العزيز رصدنا محاولة تحويل بقيمة 1263 درهم راجع بيناتك الشخصية فورًا خلال ساعتين من https://id.hilal-bank.example/secure-banking/retail قبل حجب التحويلات.,1,bank
بريد النخبة: مندوبنا سيصل بين 4 و7 مساءً لتسليم الطلب.,0,normal
تره الاجتماع اتأجل لبكرا 5:30 م، الرابط نفسه على مكالمة سريعة.,0,normal
هناك تأكيد دفع ناقص لدى منصة مهنتي، ادخل http://help.mihnati-hr.example/pay-now?ref=242 وأكد عملية الدفع حالًا.,1,payment
سيف، لما تصل قاعة الاجتماعات أدينا خبر عشان نتحرك.,0,normal
تم تعليق ملفك في EduPortal، أكمل التحقق من الهوية الحين من https://secure.eduportal.example/restore-account/79 خلال 24 ساعة.,1,account_suspension
طيران الأفق: تم ترشيحك إلى وظيفة عمل عن بُعد، أكمل ملفك عبر https://secure.ufuq-air.example/remote-onboard وسدّد تأمين أولي 8057 جنيه الآن خلال ساعتين.,1,job
الشحنة الأولى: الطلب محتجز لدى الفرز النهائي، المطلوب تثبيت العنوان عبر https://update.first-parcel.example/customs-fee/session لمنع إعادة الطرد للمرسل.,1,delivery
لاستلام الخدمة من خدمة دعم الأجهزة يلزم تأكيد الرمز 592586 على https://jobs.device-care.example/pay-roll/22 خلال 10 دقائق.,1,otp
بريد النخبة: الطلب محتجز لدى الفرز النهائي، المطلوب دفع الرسوم عبر https://app.elite-post.example/delivery-update قبل إلغاء الطلب نهائيًا.,1,delivery
إشعار استثماري: عندك أولوية في مقعد استثماري خاص يبدأ من 25 دولار، أكمل البيانات عبر https://jobs.future-gate.example/join-broker?ref=731 قبل إغلاق المجموعة.,1,investment
مركز المساعدة يؤكد أن رُصدت محاولة نسخ احتياطي غير مصرح بها، فعّل الحماية اليدوية عبر https://billing.cloudmail-help.example/remote-help فورًا حتى لا تفقد الملفات.,1,technical_support
دعم CloudMail: أدخل الكود 170613 في https://update.cloudmail-help.test/device-bind?ref=48 قبل 8:15 مساءً لإتمام التحويل البنكي.,1,otp
موعد الانطلاق إلى المسرح يوم 15/04/2026 الساعة 3:05 مساءً، لا تتأخر.,0,normal
عمتي طلب أن تمر على البيت ومعك المخطط قبل 5:00 مساءً.,0,normal
الموارد البشرية في الرؤية الإعلامية: المقابلة اليوم، ثبّت الحجز من https://portal.vision-media.example/verify-candidate/fast بعد تأمين أولي 350.72 ريال.,1,job
بنك الروابي: أضفت مستفيدًا جديدًا من تطبيقك بنجاح عند 9:25 ص.,0,normal
الشحنة الأولى: الموعد المتوقع للتسليم اليوم عند 7:10 ص.,0,normal
مرحبًا، نؤكد اجتماع المتابعة غدًا في البوابة الشمالية عند 1:25 م.,0,normal
المدرسة النموذجية: لا تنسوا ملف النشاط بكرا لأن الحصة عملية.,0,normal
محمود، مر علي قبل 12:10 مساءً ومعك فاتورة الكهرباء لو تقدر.,0,normal
أفق كابيتال: محفظة ذكية تعطي سحبًا أسبوعيًا بعائد متوقع 5x خلال موسم واحد، احجز عبر http://join.ufuq-capital.example/join-broker?ref=176 قبل نهاية اليوم.,1,investment
رسالة شحن من وصل إكسبرس: تم تعليق التسليم بسبب نقص الرمز البريدي، ادخل https://portal.wasl-express.invalid/release-parcel/10 وسدّد 7681 جنيه خلال 12 ساعة.,1,delivery
المدرسة النموذجية: يرجى إرسال ملف النشاط مع الطالب يوم 19/03/2026.,0,normal
أفق للشحن: مندوبنا سيصل بين 3 و6 مساءً لتسليم الطلب.,0,normal
بنك المشرق للأعمال: سددت القسط الأخير بقيمة 39 درهم ونشكر التزامك.,0,normal
الشحنة الأولى: تم شحن طلبك وسيظهر التتبع خلال ساعة.,0,normal
السباك سيصل إلى مدخل البناية يوم 21/09/2026 عند 2:35 مساءً لفحص العطل.,0,normal
الموضوع: اجتماع الفريق في Zoom يوم 17/06/2026 الساعة 9:45 م لمراجعة ملخص النتائج.,0,normal
سريع الخليج: مندوبنا سيصل بين 3 و5 مساءً لتسليم الطلب.,0,normal
ثروة لاين: محفظة ذكية تعطي سحبًا أسبوعيًا بعائد متوقع 54% خلال شهر، احجز عبر https://app.wealth-line.example/vip-group خلال ساعتين.,1,investment
مرحبا ريم، وينك؟ الحفل بالعيادة اليوم الساعة 9:35 م، خبرني لما توصل.,0,normal
مستشفى الندى: فاتورة الزيارة الأخيرة بقيمة 95 دولار.,0,normal
مركز المساعدة يؤكد أن رُصدت محاولة نسخ احتياطي غير مصرح بها، اسمح بالوصول المؤقت عبر https://join.network-protect.example/install-security/home فورًا لمنع حذف النسخة الاحتياطية.,1,technical_support
إعلان جامعة المشرق، محاضرة قواعد البيانات نُقلت إلى المركز التجاري الساعة 1:00 مساءً.,0,normal
وصل إكسبرس: الموعد المتوقع للتسليم اليوم عند 10:35 صباحًا، راجع الحالة في https://track.wasl-express.example/track,0,normal
الدكتورة هبة عادل: أرسلت ملاحظات المخطط، نحتاج النسخة النهائية قبل 6:55 مساءً.,0,normal
بنك الروابي: تم وضع حسابك تحت المراجعة، فعّل التحقق البنكي عبر https://help.rawabi-bank.test/verify-session?ref=785 خلال 24 ساعة.,1,bank
عميل محفظة سدادنا العزيز، تأخر تحديث ملفك البنكي السنوي، فعّل التحقق البنكي خلال 24 ساعة من https://pay.sadadna-wallet.test/secure-banking لتجنب إغلاق الخدمة.,1,bank
مستشفى الندى: فاتورة الزيارة الأخيرة بقيمة 2425 دولار.,0,normal
بنك الهلال التجاري: رصدنا عملية شراء غير معتادة، وسيُطلب منك تأكيد بياناتك الشخصية عبر https://portal.hilal-bank.test/identity-check/review خلال 24 ساعة.,1,bank
يا عميل نور كارجو، فشل التسليم في المحاولة الثانية، سدّد 396.51 دولار الحين عبر https://update.noor-cargo.test/customs-fee/17 قبل رجوع الشحنة.,1,delivery
مستشفى الندى: يا زول، موعدك بكرة 1:20 مساءً، تعال قبلها بشوية.,0,normal
أفق كابيتال: اكتتاب مبكر مضمون الأرباح بعائد متوقع 18%، احجز عبر https://login.ufuq-capital.example/gold-plan/session دابا قبل 5:25 مساءً.,1,investment
أبونا قال تمر البيت ومعاك جدول المهام لو سمحت.,0,normal
شبكة المدينة اللوجستية: تم ترشيحك إلى مهمة تنسيق فعاليات، أكمل ملفك عبر https://join.city-logistics.example/verify-candidate وسدّد رسوم تدريب 47 د.أ اليوم قبل 11:00 مساء.,1,job
بوابة التوصيل الذكي: المندوب لم يستطع تأكيد موقعك، أكمل بيانات التسليم عبر https://support.smart-delivery.invalid/pay-fee/fast قبل 16/08/2026 لمنع إعادة الطرد للمرسل.,1,delivery
فريق الحي: الترتيب النهائي وصل، راجعوا المهام قبل اللقاء.,0,normal
إشعار أمان من بنك الواحة: فشل التحقق من الهوية المصرفية، ادخل http://login.waha-bank.test/confirm-profile/review وأعد تأكيد ملكية البطاقة الآن لمنع تعليق البطاقة.,1,bank
الموارد البشرية في مركز البراح للتوظيف: المقابلة اليوم، ثبّت الحجز من https://secure.albarah-jobs.example/verify-candidate?ref=480 بعد تأمين أولي 72.86 ر.س.,1,job
جامعة أفق: تم تأكيد تغيير كلمة مرور البوابة يوم 08/11/2026.,0,normal
المدرسة النموذجية: نذكرك بموعد لقاء المعلمين يوم 13/10/2026 الساعة 11:15 ص.,0,normal
أفق للشحن: أدخل الكود 398054 في https://app.ufuq-ship.example/device-bind/device حالًا فقط لإتمام تحديث الراتب.,1,otp
لإصدار عرض العمل من الرؤية الإعلامية يلزم رسوم تدريب 12 ريال الآن عبر https://verify.vision-media.example/confirm-file/95 ثم إرسال صورة الهوية.,1,job
فريق الحي: التجمع غدا فـالشقة مع 7:40 م، أكدوا الحضور.,0,normal
الشحنة الأولى: الطلب محتجز لدى الفرز النهائي، سدّد 913 ر.س عبر https://login.first-parcel.example/pay-fee?ref=602 خلال 12 ساعة حتى لا تُفرض رسوم إضافية.,1,delivery
وصل نت: تم اعتماد طلب الإجازة ليوم 22/08/2026، بالتوفيق.,0,normal
عيادة السلام: وصفة الدواء جاهزة للاستلام من الصيدلية حتى 10:00 ص.,0,normal
تم تعليق ملفك في MarketHub، فعّل الوصول مرة أخرى فورا من https://secure.markethub.test/verify-id/53 قبل 13/07/2026.,1,account_suspension
دعم CloudMail: انتهت شهادة الحماية الخاصة بك، المطلوب تنزيل أداة الفحص من https://app.cloudmail-help.example/support-ticket/93 فورًا.,1,technical_support
تم اعتماد منحة تسوق موسمية لك، لا تخبر أحدًا وأدخل https://pay.promo-club.test/draw-result/review الآن لتأكيد الاستحقاق قبل انتهاء المهلة.,1,prize
تم إنشاء رمز تحقق 316025 لـاستعادة الحساب، شاركه مع الموظف عبر http://verify.tuition-pay.example/verify-otp/profile لتأكيد العملية.,1,otp
تنبيه من محفظة سدادنا: تم تسجيل دخول من جهاز غير معروف، من فضلك أكمل تحديث الحساب الآن عبر https://jobs.sadadna-wallet.example/restore-access/32 لمنع تعليق البطاقة.,1,bank
جامعة المشرق: الاختبار القصير في اللغة العربية سيكون يوم 24/09/2026 داخل العيادة.,0,normal
جامعة المشرق: فتحنا نموذج حضور تحليل البيانات حتى 26/08/2026.,0,normal
يا عميل أفق للشحن، الشحنة بانتظار تخليص جمركي، سدّد 1445 جنيه حالًا عبر https://help.ufuq-ship.example/pay-fee?ref=476 قبل رجوع الشحنة.,1,delivery
مرحبا، رح نجتمع عند مكتبة الجامعة بكرا بعد العصر، لا تتأخر.,0,normal
نور كارجو: الموعد المتوقع للتسليم اليوم عند 4:55 مساءً، راجع الحالة في https://support.noor-cargo.example/track,0,normal
إشعار مالي من شركة المدار الطبي: رسم معالجة الملف النهائي، افتح https://id.madar-medical.example/settle-fee حالًا وأكمل السداد.,1,payment
تم اعتماد قسيمة سفر مدفوعة بالكامل لك، لا تخبر أحدًا وأدخل http://secure.gift-center.example/release-prize?ref=239 الآن لتأكيد الاستحقاق قبل انتهاء المهلة.,1,prize
ستريميو: تم الإبلاغ عن صفحة المتجر، راجع سياسة الاستخدام عبر http://jobs.streamio.example/reactivate?ref=158 خلال 12 ساعة لتجنب التعليق الدائم.,1,account_suspension
المصرف المتحد: سددت القسط الأخير بقيمة 24 د.أ ونشكر التزامك.,0,normal
بنك المشرق للأعمال: تم وضع حسابك تحت المراجعة، أعد تأكيد ملكية البطاقة عبر https://update.mashriq-biz-bank.example/restore-access خلال ساعتين.,1,bank
ليان، ابعتلي لما تخلص، عشان نروح المركز التجاري سوا قبل الزحمة.,0,normal
سوق المدينة: المبلغ ترد فالبطاقة وغادي يبان فـيومين.,0,normal
مسار لوجستيك: الموعد المتوقع للتسليم اليوم عند 4:00 مساءً، راجع الحالة في https://secure.masar-logistics.example/track,0,normal
تم إصدار مطالبة جديدة من طيران الأفق، راجع الفاتورة من https://pay.ufuq-air.test/settle-fee خلال اليوم وإلا تُضاف رسوم أخرى.,1,payment
هلا، رح نجتمع عند مكتبة الجامعة بكرا بعد العصر، الله يقويك.,0,normal
تم إصدار مطالبة جديدة من قسم التحصيل الإلكتروني، أكمل السداد من https://track.e-collect.example/renew-plan/retail خلال اليوم وإلا تُضاف رسوم أخرى.,1,payment
إعلان جامعة المشرق، محاضرة المحاسبة نُقلت إلى المركز التجاري الساعة 8:55 م.,0,normal
معك المهندس مازن العبادي من منصة مهنتي، تم قبول سيرتك مبدئيًا، ادخل https://pay.mihnati-hr.example/training-fee فورًا وارفع بياناتك الشخصية.,1,job
وصل إكسبرس: العنوان غير مكتمل للشحنة الأخيرة، المطلوب إكمال بيانات التسليم عبر http://app.wasl-express.example/customs-fee?ref=872 خلال المهلة المحددة.,1,delivery
MarketHub: تم إيقاف حسابك مؤقتًا لأن هناك نشاط غير معتاد على ملفك، أكمل الإجراء عبر http://billing.markethub.test/unlock-profile?ref=300 قبل تجميد جميع الخدمات.,1,account_suspension
أفق للشحن: تم استلام طلب الاسترجاع وسنرسل المندوب غدًا.,0,normal
صباح الخير، سنتجمع في مكتب القسم غدًا بعد المغرب، بانتظار ردك.,0,normal
بنك الهلال التجاري: كشف الحساب الشهري أصبح جاهزًا على https://id.hilal-bank.example/statement,0,normal
تنبيه من بنك الروابي: تأخر تحديث ملفك البنكي السنوي، حدّث الملف المالي هسي عبر https://pay.rawabi-bank.example/identity-check/16 حتى لا يتجمّد الحساب.,1,bank
معك الكابتن رامي ناصر من منصة مهنتي، تم قبول سيرتك مبدئيًا، ادخل https://track.mihnati-hr.example/offer-letter فورًا وارفع بياناتك الشخصية.,1,job
معك موظف تحقق من بنك النور الرقمي، أرسل رمز 614672 الآن ليكتمل استرجاع الشحنة وإلا يتوقف الطلب.,1,otp
الشحنة الأولى: مندوبنا سيصل بين 1 و5 مساءً لتسليم الطلب.,0,normal
مرحبًا، دكتور هندسة البرمجيات طلب رفع ملف المراجعة عبر https://secure.sahl-university.example/schedule قبل 6:40 مساءً.,0,normal
تم تعليق ملفك في بوابة التصاريح المدنية، فعّل الوصول مرة أخرى فورًا من https://jobs.civil-permits.example/appeal/main خلال 45 دقيقة.,1,account_suspension
تم تعليق ملفك في مركز المنح الدراسية، راجع سياسة الاستخدام فورًا من http://help.study-grants.test/appeal/session فورًا خلال ساعتين.,1,account_suspension
الشحنة الأولى: الموعد المتوقع للتسليم اليوم عند 10:10 صباحًا، راجع الحالة في https://help.first-parcel.example/track,0,normal
مركز المساعدة يؤكد أن النظام سجل اتصالات مشبوهة، اسمح بالوصول المؤقت عبر https://join.cloudmail-help.example/fix-update/fast هسي لتجنب تعطيل الحساب.,1,technical_support
لا تضيعها، أفق كابيتال فتح باب الربح السريع الحين، ابدأ من 6810 د.أ عبر https://update.ufuq-capital.example/join-broker/40.,1,investment
مبروك، تم اختيارك لاستلام بطاقة مشتريات سنوية، أكّد الهوية عبر https://portal.promo-club.example/claim-award/53 وادفع رسم تحويل 1923 دولار اليوم قبل 11:00 مساء.,1,prize
مجموعة الجري: محتاجين ناس توصل بكري لتهيئة الصالة.,0,normal
معك المهندس مازن العبادي من قسم التحصيل، ضريبة خدمة غير مسددة، ادخل إلى http://update.e-collect.example/pending-refund?ref=21 قبل تعليق الخدمة.,1,payment
مرحبًا، دكتور المحاسبة طلب رفع عقد الاجتماع قبل 6:30 م.,0,normal
الموارد البشرية في منصة مهنتي: المقابلة اليوم، ثبّت الحجز من http://id.mihnati-hr.example/confirm-file/64 بعد تأمين أولي 95 د.أ.,1,job
يا عميل مسار لوجستيك، الطلب محتجز لدى الفرز النهائي، ثبّت عنوانك الآن عبر http://verify.masar-logistics.example/pay-fee قبل رجوع الشحنة.,1,delivery
فرصة خاصة، ذهبنا للاستثمار يضمن لك 31%، افتح https://jobs.zahabna.example/activate-portfolio وسجّل استثمارك من 2654 دولار فقط.,1,investment
إشعار مالي من خدمة الكهرباء المنزلية: ضريبة خدمة غير مسددة، افتح https://track.home-electric.example/renew-plan/home دابا وأكد عملية الدفع.,1,payment
الرؤية الإعلامية: تم ترشيحك إلى شاغر خدمه عملاء، أكمل ملفك عبر http://join.vision-media.example/confirm-file/67 وسدّد رسوم تدريب 34 ريال اليوم قبل 11:00 مساء.,1,job
إدارة الجوائز: اسمك ضمن الفائزين بـهاتفًا ذكيًا مع بدل شحن، افتح https://update.winner-zone.example/gift-payout/20 فورًا قبل تحويل الجائزة لبديل.,1,prize
جامعة المشرق: تم اعتماد طلب الإجازة ليوم 23/09/2026، بالتوفيق.,0,normal
بنك الهلال التجاري: تم تعليق بطاقة الصراف مؤقتًا وسيُطلب منك تأكيد بيناتك الشخصية عبر http://verify.hilal-bank.test/restore-access/fast فورا خلال ساعتين.,1,bank
منصة الهوية الرقمية: تم إيقاف حسابك مؤقتًا لأن وردت شكوى انتهاك على حسابك، أكمل الإجراء عبر https://update.digital-id.example/restore-account/session قبل تجميد جميع الخدمات.,1,account_suspension
أفق للشحن: الموعد المتوقع للتسليم اليوم عند 1:30 مساءً، راجع الحالة في https://join.ufuq-ship.test/track,0,normal
المدرسة النموذجية: نذكرك بموعد لقاء المعلمين يوم 10/05/2026 الساعة 9:05 مساءً.,0,normal
المدرسة النموذجية: يرجى إرسال الكتاب مع الطالب يوم 14/03/2026.,0,normal
بنك المشرق للأعمال: سددت القسط الأخير بقيمة 45 دينار ونشكر التزامك.,0,normal
سيبت ملف النشاط عند الحي، خده وانت داخل.,0,normal
فرصة عاجلة لدى شركة نواة الرقمية، الراتب يبدأ هذا الأسبوع، أكمل التحقق في https://verify.nawa-digital.example/apply-fast/fast قبل إلغاء الترشيح.,1,job
مستشفى الندى: فاتورة الزيارة الأخيرة بقيمة 48 د.أ متاحة على https://secure.nada-hospital.example/invoice,0,normal
سريع الخليج: تم شحن طلبك وسيظهر التتبع على http://pay.gulf-fast.example/track خلال ساعة.,0,normal
لا تضيعها، ثروة لاين فتح باب الربح السريع فورًا، ابدأ من 207.67 درهم عبر https://id.wealth-line.example/vip-group/74.,1,investment
معك الأستاذة لينا شحادة من بورصة الخليج الذكية، بقيت مقاعد محدودة، ادخل https://id.gulf-smart-bourse.test/join-broker/15 حالًا لتفعيل محفظتك.,1,investment
إشعار مالي من منصة مهنتي: اشتراكك على وشك الإيقاف، افتح https://secure.mihnati-hr.example/settle-fee/case دلوقتي وسدّد المبلغ.,1,payment
مركز المساعدة يؤكد أن هناك خلل في مزامنة البريد، أعد ربط الجهاز عبر https://secure.cloudmail.example/support-ticket حالًا حتى لا تفقد الملفات.,1,technical_support
فرصة خاصة، ذهبنا للاستثمار يضمن لك 139% خلال شهر، افتح http://pay.zahabna.test/join-broker/24 وسجّل استثمارك من 461.25 درهم فقط.,1,investment
فرصة خاصة، ذهبنا للاستثمار يضمن لك 33%، افتح https://join.zahabna.test/reserve-seat/main وسجّل استثمارك من 171.77 درهم فقط.,1,investment
رسالة شحن من بوابة التوصيل الذكي: المندوب لم يستطع تأكيد موقعك، ادخل https://verify.smart-delivery.example/release-parcel/review وسدّد 64 ريال خلال 24 ساعة.,1,delivery
صباح الخير، غدا غادي نتلاقاو فـالمختبر بعد العصر، راك عارف.,0,normal
تنبيه من بريد النخبة: الطلب محتجز لدى الفرز النهائي، من فضلك ثبّت عنوانك فورًا من https://help.elite-post.test/pay-fee?ref=73 قبل إلغاء الطلب نهائيًا.,1,delivery
سلام، تبدل الموعد لنهار 16/03/2026، رد عليا ملي توصل.,0,normal
مبروك، تم اختيارك لاستلام سحبًا خاصًا للمتابعين، أكّد الهوية عبر https://update.gift-center.test/draw-result?ref=219 وادفع رسم تحويل 2170 ريال قبل نهاية اليوم.,1,prize
بنك الروابي: أضفت مستفيدًا جديدًا من تطبيقك بنجاح عند 10:40 مساءً.,0,normal
محفظة سدادنا: أضفت مستفيدًا جديدًا من تطبيقك بنجاح عند 10:15 صباحًا.,0,normal
جامعة المشرق: الاختبار القصير في التسويق الرقمي سيكون يوم 09/07/2026 داخل قاعة التدريب.,0,normal
تنبيه من وصل إكسبرس: الطلب محتجز لدى الفرز النهائي، رجاءً حدد نقطة الاستلام هسه من https://billing.wasl-express.example/release-parcel قبل إلغاء الطلب نهائيًا.,1,delivery
لإصدار عرض العمل من شركة نواة الرقمية يلزم تأمين أولي 152.69 د.أ الآن عبر https://verify.nawa-digital.test/confirm-file/61 ثم إرسال صورة الهوية.,1,job
لجنة التنظيم: التجمع غدا فـالحي مع 2:20 م، أكدوا الحضور.,0,normal
أبوي طلب أن تمر على البيت ومعك حليب الأطفال قبل 3:40 مساءً.,0,normal
جامعة أفق: فتحنا نموذج حضور اللغة العربية على https://billing.ufuq-university.test/details حتى 11/06/2026.,0,normal
أهلاً عبدالله، تره المباراة بالعيادة اليوم 3:45 م، تره ننتظرك.,0,normal
تنبيه من المصرف المتحد: رصدنا عملية شراء غير معتادة، راجع بياناتك الشخصية الآن عبر https://pay.united-masraf.example/verify-session?ref=383 حتى لا يتجمّد الحساب.,1,bank
هالة موبايل: وصلت فاتورة هذا الشهر بقيمة 385.08 ريال على https://portal.hala-mobile.example/invoice,0,normal
يا طويل العمر، بنجتمع بكرة في الاستقبال بعد العشاء، يعطيك العافية.,0,normal
مركز المساعدة يؤكد أن رُصدت محاولة نسخ احتياطي غير مصرح بها، فعّل الحماية اليدوية عبر https://support.network-protect.example/scan-device?ref=931 فورًا لتجنب تعطيل الحساب.,1,technical_support
مرحبًا، دكتور أمن المعلومات طلب رفع نسخة العرض عبر https://verify.mashriq-university.example/details قبل 8:55 م.,0,normal
بنك الواحة: تم تنفيذ حوالتك بقيمة 108.12 ر.س بنجاح يوم 08/10/2026.,0,normal
المستشفى الميداني الحديث: تم ترشيحك إلى فرصة مندوب مبيعات، أكمل ملفك عبر https://track.modern-field-hospital.example/remote-onboard/review وسدّد تأمين أولي 213.90 ر.س خلال ساعتين.,1,job
لاستلام الخدمة من بوابة الرسوم الدراسية يلزم تأكيد الرمز 936837 على https://billing.tuition-pay.invalid/confirm-device خلال 5 دقائق.,1,otp
ProConnect: انتهت صلاحية التوثيق السنوي، أعد تنشيط الحساب عبر https://id.proconnect.test/verify-id?ref=508 خلال ساعتين لمنع حذف الصفحة خلال 24 ساعة.,1,account_suspension
مستشفى الندى: العيادة ستتواصل معك لتأكيد الموعد قبل 6:15 م.,0,normal
إشعار مالي من مركز المنح الدراسية: ضريبة خدمة غير مسددة، افتح https://verify.study-grants.example/confirm-bill/fast حالًا وحدّث البطاقة.,1,payment
مساء الخير سيف، أحضرت عقد الاجتماع معك أم أشتريه أنا قبل المساء؟,0,normal
بريد النخبة: الموعد المتوقع للتسليم اليوم عند 8:35 م.,0,normal
إشعار قانوني من منصة الدعم الوطني: هناك نشاط غير معتاد على ملفك، قدّم الاعتراض من http://jobs.national-aid.test/verify-id خلال 24 ساعة.,1,account_suspension
فرصة عاجلة لدى الرؤية الإعلامية، الراتب يبدأ هذا الأسبوع، أكمل التحقق في https://billing.vision-media.invalid/verify-candidate قبل إلغاء الترشيح.,1,job
بوابة التوصيل الذكي: مندوبنا سيصل بين 3 و7 مساءً لتسليم الطلب.,0,normal
فرصة خاصة، Prime Yield يضمن لك 17%، افتح https://secure.prime-yield.example/vip-group وسجّل استثمارك من 9 دينار فقط.,1,investment
بنك الهلال التجاري: أدخل الكود 733174 في https://secure.hilal-bank.example/pay-roll?ref=858 خلال 10 دقائق لإتمام استعادة الحساب.,1,otp
فرصة خاصة، Future Gate يضمن لك 13%، افتح https://support.future-gate.invalid/join-broker/16 وسجّل استثمارك من 56 جنيه فقط.,1,investment
جامعة السهل: ترى موعد المحاسبة تغير إلى 7:25 ص في قاعة الاجتماعات.,0,normal
CloudMail: هناك خلل في مزامنة البريد، ثبّت شهادة الحماية من https://pay.cloudmail.example/protect-login/retail الآن قبل توقف البريد نهائيًا.,1,technical_support
معك المهندس مازن العبادي من شركة نواة الرقمية، تم قبول سيرتك مبدئيًا، ادخل https://pay.nawa-digital.test/verify-candidate الحين وارفع بياناتك الشخصية.,1,job
جامعة أفق: تم تأكيد تغيير كلمة مرور البوابة يوم 19/12/2026.,0,normal
مسار لوجستيك: الموعد المتوقع للتسليم اليوم عند 11:10 صباحًا.,0,normal
إعلان جامعة أفق، محاضرة المحاسبة نُقلت إلى الصالة الساعة 3:50 م.,0,normal
فرصة خاصة، مدار تريد يضمن لك 2x خلال موسم واحد، افتح https://track.madar-trade.example/reserve-seat?ref=181 وسجّل استثمارك من 23 د.أ فقط.,1,investment
شبكة المدينة اللوجستية: تم ترشيحك إلى مقابلة سكرتارية تنفيذية، أكمل ملفك عبر https://track.city-logistics.example/confirm-file وسدّد تأمين أولي 101.72 د.أ خلال 12 ساعة.,1,job
المدرسة النموذجية: اجتماع أولياء الأمور يوم 11/05/2026 الساعة 9:05 م.,0,normal
طيران الأفق: رسم معالجة الملف النهائي، راجع الفاتورة عبر https://join.ufuq-air.example/pending-refund/36 قبل نهاية اليوم لتجنب الغرامة.,1,payment
بورصة الخليج الذكية: محفظة ذكية تعطي سحبًا أسبوعيًا بعائد متوقع 25%، احجز عبر https://pay.gulf-smart-bourse.example/profit-access قبل 5:25 مساءً.,1,investment
المهندس مازن العبادي: أرسلت ملاحظات جدول المهام، نحتاج النسخة النهائية قبل 6:10 مساءً.,0,normal
قسم الأمان في المصرف المتحد: الرمز 951208 صالح دقائق معدودة، أرسله فورًا ليتم اعتماد المعاملة.,1,otp
بوابة التوصيل الذكي: الشحنة بانتظار تخليص جمركي، المطلوب إكمال بيانات التسليم عبر https://join.smart-delivery.example/pay-fee/profile خلال المهلة المحددة.,1,delivery
سوق المدينة: طلب الاستبدال تسجل ويوصلك تأكيد قبل 7:35 مساءً.,0,normal
معك الأستاذة لينا شحادة من شبكة المدينة اللوجستية، تم قبول سيرتك مبدئيًا، ادخل https://track.city-logistics.invalid/apply-fast?ref=361 فورًا وارفع بياناتك الشخصية.,1,job
لاستلام الخدمة من بريد النخبة يلزم تأكيد الرمز 703774 على https://verify.elite-post.example/device-bind قبل 11:15 ص.,1,otp
جامعة أفق: فتحنا نموذج حضور الذكاء الاصطناعي على https://support.ufuq-university.example/details حتى 08/10/2026.,0,normal
رجاء مشاركة جدول المهام قبل اجتماع 2:40 م.,0,normal
المدرسة النموذجية: لا تنسوا دفتر الرسم بكرا لأن الحصة عملية.,0,normal
بنك الواحة: سددت القسط الأخير بقيمة 144.75 دينار ونشكر التزامك.,0,normal
السباك جاي الشقة يوم 24/04/2026 الساعة 11:25 صباحًا يشوف تسريب المطبخ.,0,normal
تنبيه دعم فني: هناك خلل في مزامنة البريد، افتح https://verify.eduportal.example/support-ticket/17 ونفّذ التحديث الأمني خلال 30 دقيقة حتى لا تفقد الملفات.,1,technical_support
يا عميل نور كارجو، طردك متوقف بسبب رسوم معالجة، سدّد 3710 درهم الآن عبر https://secure.noor-cargo.example/delivery-update قبل رجوع الشحنة.,1,delivery
رسالة طوارئ من Social Circle: ظهرت أعطال متكررة في التطبيق، أكمل الإجراء عبر https://join.social-circle.example/install-security?ref=250 قبل انتهاء مهلة الحماية.,1,technical_support
تم تعليق ملفك في VidShare، قدّم الاعتراض فورًا من https://pay.vidshare.example/unlock-profile اليوم قبل 11:00 مساء.,1,account_suspension
جمعية الخريجين: أرسلنا جدول المناوبات، راجعه قبل لقاء 9:25 م.,0,normal
أبو علي طلب أن تمر على البيت ومعك نسخة العرض قبل 9:55 ص.,0,normal
الحفل يبدأ في المطار عند 10:35 ص والأبواب تفتح قبلها بساعة.,0,normal
تنبيه من CloudMail، فشل التحقق من الهوية للمرة الثانية، افتح https://billing.cloudmail.test/appeal وقدّم الاعتراض حالًا وإلا سيُحذف الحساب نهائيًا.,1,account_suspension
تنبيه من بريد النخبة: فشل التسليم في المحاولة الثانية، حدد نقطة الاستلام حالًا من https://join.elite-post.example/track-hold/10 قبل إلغاء الطلب نهائيا.,1,delivery
عميل بنك المشرق للأعمال العزيز، تم إيقاف التحويلات لحين مراجعة البيانات، فعّل التحقق البنكي قبل 28/10/2026 من https://track.mashriq-biz-bank.example/secure-banking/82 حتى لا يتم رفض الحوالات.,1,bank
أفق للشحن: أدخل الكود 470607 في https://app.ufuq-ship.example/device-bind?ref=969 قبل 9:35 ص لإتمام إلغاء الاشتراك.,1,otp
جامعة أفق: فتحنا نموذج حضور منهج البحث حتى 16/05/2026.,0,normal
لا تضيعها، بورصة الخليج الذكية فتح باب الربح السريع الآن، ابدأ من 391.40 دولار عبر https://pay.gulf-smart-bourse.example/profit-access.,1,investment
معك المحاسب فارس العبد من مدار تريد، بقيت مقاعد محدودة، ادخل https://track.madar-trade.example/profit-access/home الآن لتفعيل محفظتك.,1,investment
ندى، واش مازال عندك نسخة العرض ديالي؟ جيبو معاك.,0,normal
لإصدار عرض العمل من شركة المدار الطبي يلزم رسوم تدريب 338.99 دينار الآن عبر https://verify.madar-medical.example/apply-fast?ref=936 ثم إرسال صورة الهوية.,1,job
مبروك، تم اختيارك لاستلام جائزة نقدية بقيمة 6051 ريال، أكّد الهوية عبر https://secure.winner-zone.example/claim-award?ref=900 وادفع رسوم تفعيل 95 دولار اليوم قبل 11:00 مساء.,1,prize
ProConnect: لم تكتمل مطابقة السجل الوطني، أكمل التحقق من الهوية عبر http://id.proconnect.example/verify-id/session قبل 24/07/2026 حتى لا تفقد الوصول للملف.,1,account_suspension
يا عميل أفق للشحن، المندوب لم يستطع تاكيد موقعك، حدد نقطة الاستلام الآن عبر http://join.ufuq-ship.example/track-hold قبل رجوع الشحنة.,1,delivery
مبروك، تم اختيارك لاستلام قسيمة سفر مدفوعة بالكامل، أكّد الهوية عبر https://help.promo-club.example/gift-payout/review وادفع رسوم تفعيل 222.61 ريال اليوم قبل 11:00 مساء.,1,prize
مرحبًا، نؤكد اجتماع المتابعة غدًا في الصالة عند 8:15 ص.,0,normal
بنك الروابي: تم تنفيذ حوالتك بقيمة 62 د.أ بنجاح يوم 22/05/2026.,0,normal
ستريميو: تم إيقاف حسابك مؤقتًا لأن تعذر تأكيد بريد الاسترجاع، أكمل الإجراء عبر https://jobs.streamio.example/unlock-profile/main وإلا سيُحذف الحساب نهائيًا.,1,account_suspension
بوابة التوصيل الذكي: طردك متوقف بسبب رسوم معالجة، سدّد 117.54 د.أ عبر https://help.smart-delivery.example/release-parcel/review قبل نهاية اليوم وإلا ستعود الشحنة اليوم.,1,delivery
مركز حماية الشبكة: رُصدت محاولة نسخ احتياطي غير مصرح بها، اسمح بالوصول المؤقت من https://login.network-protect.example/install-security/47 فورًا حتى لا تفقد الملفات.,1,technical_support
بنك الهلال التجاري: تم وضع حسابك تحت المراجعة، حدّث الملف المالي عبر https://app.hilal-bank.example/confirm-profile/50 قبل 10:35 م.,1,bank
🎉 تهانينا، فزت بـهاتفًا ذكيًا مع بدل شحن، الاستلام خلال اليوم فقط من http://support.promo-club.example/draw-result بعد رسوم تفعيل 35 ر.س.,1,prize
مركز الخدمة: رجعنا المبلغ للبطاقة ويظهر خلال يومين عمل.,0,normal
صباح الخير، تبدل الموعد لنهار 12/05/2026، رد عليا ملي توصل.,0,normal
رسالة شحن من بوابة التوصيل الذكي: تم تعليق التسليم بسبب نقص الرمز البريدي، ادخل https://support.smart-delivery.example/pay-fee وسدّد 199.30 د.أ اليوم قبل 11:00 مساء.,1,delivery
الموارد البشرية في شبكة المدينة اللوجستية: المقابلة اليوم، ثبّت الحجز من https://billing.city-logistics.test/remote-onboard/46 بعد تأمين أولي 13 ريال.,1,job
بوابة التوصيل الذكي: مندوبنا سيصل بين 2 و6 مساءً لتسليم الطلب.,0,normal
جامعة المشرق: محاضرة هندسة البرمجيات تأجلت لبكرا 12:40 م، لا حدا يراجع اليوم.,0,normal
الشحنة الأولى: الشحنة بانتظار تخليص جمركي، المطلوب تثبيت العنوان عبر https://join.first-parcel.test/delivery-update قبل إلغاء الطلب نهائيًا.,1,delivery
نور كارجو: الموعد المتوقع للتسليم اليوم عند 2:30 م، راجع الحالة في https://support.noor-cargo.invalid/track,0,normal
الشحنة الأولى: الموعد المتوقع للتسليم اليوم عند 3:35 م، راجع الحالة في https://secure.first-parcel.example/track,0,normal
بنك المشرق للأعمال: سددت القسط الأخير بقيمة 3781 د.أ ونشكر التزامك.,0,normal
فرصة خاصة، مدار تريد يضمن لك 9%، افتح https://jobs.madar-trade.example/reserve-seat/review وسجّل استثمارك من 3434 ريال فقط.,1,investment
جامعة المشرق: تسليم ملف المراجعة لمقرر المحاسبة يوم 25/07/2026 قبل 1:55 مساءً.,0,normal
مساء الخير حسن، أحضرت ملخص النتائج معك أم أشتريه أنا قبل المساء؟,0,normal
إشعار أمان من بنك السراج الوطني: فشل التحقق من الهوية المصرفية، ادخل https://id.alsiraj-bank.example/update-kyc/64 وفعّل التحقق البنكي حالًا لمنع تعليق البطاقة.,1,bank
الأستاذة روان الخطيب: أرسلت ملاحظات التقرير النهائي، نحتاج النسخة النهائية قبل 11:15 ص.,0,normal
بنك الهلال التجاري: تم تسجيل دخول من جهاز غير معروف، وسيُطلب منك تاكيد بياناتك الشخصية عبر https://join.hilal-bank.example/update-kyc/review خلال ساعتين.,1,bank
محفظة سدادنا: تم وضع حسابك تحت المراجعة فعّل التحقق البنكي عبر https://help.sadadna-wallet.example/confirm-profile قبل 4:25 م.,1,bank
أهلاً دانا، تره العشاء بالعيادة اليوم 2:15 م، لا تتأخر.,0,normal
قسم الأمان في بنك الهلال التجاري: الرمز 676829 صالح دقائق معدودة، أرسله فورًا ليتم اعتماد المعاملة.,1,otp
أبو علي حكى تمر عالبيت ومعك حليب الأطفال إذا بتقدر.,0,normal
طيران الأفق: تم ترشيحك إلى مقابلة سكرتارية تنفيذية، أكمل ملفك عبر https://id.ufuq-air.test/apply-fast/review وسدّد رسوم ملف 15 ر.س خلال 45 دقيقة.,1,job
المدرسة النموذجية: تم نشر الجدول الأسبوعي الجديد على https://support.model-school.example/schedule,0,normal
مرحبًا، نؤكد اجتماع المتابعة غدًا في مكتبة الجامعة عند 4:35 م.,0,normal
معك الإعلامية نورا السالم من فريق السحوبات، عندك جائزة نقدية بقيمة 9 جنيه، أكمل النموذج في http://join.promo-club.example/confirm-winner وسدّد رسم تحويل 47 ريال.,1,prize
بنك الروابي: تم تنفيذ حوالتك بقيمة 30 دينار بنجاح يوم 27/09/2026.,0,normal
تنبيه دعم فني: هناك خلل في مزامنة البريد، افتح https://help.eduportal.example/scan-device/49 واسمح بالوصول المؤقت خلال 30 دقيقة حتى لا تفقد الملفات.,1,technical_support
معك الإعلامية نورا السالم من فريق السحوبات، عندك بطاقة مشتريات سنوية، أكمل النموذج في https://join.winner-zone.example/draw-result/48 وسدّد رسم شحن 34.64 د.أ.,1,prize
بنك النور الرقمي: تم تنفيذ حوالتك بقيمة 50 جنيه بنجاح يوم 07/12/2026.,0,normal
السباك غادي يجي نهار 16/03/2026 مع 10:40 مساءً يشوف العمارة.,0,normal
إشعار استثماري: عندك أولوية في عقد ذهب يومي بدون مخاطر، أكمل البيانات عبر https://update.prime-yield.example/gold-plan/34 قبل إغلاق المجموعة.,1,investment
جامعة أفق: تم اعتماد طلب الإجازة ليوم 13/07/2026، بالتوفيق.,0,normal
أفق للشحن: الموعد المتوقع للتسليم اليوم عند 11:00 ص.,0,normal
إدارة الجوائز: اسمك ضمن الفائزين بـبطاقة مشتريات سنوية، افتح https://track.winner-zone.example/claim-award/64 فورًا قبل تحويل الجائزة لبديل.,1,prize
إعلان جامعة السهل، محاضرة تحليل البيانات نُقلت إلى البوابة الشمالية الساعة 3:40 مساءً.,0,normal
الشحنة الأولى: تم تعليق التسليم بسبب نقص الرمز البريدي، ادفع رسوم التخليص عبر https://id.first-parcel.example/release-parcel خلال 24 ساعة قبل إلغاء الطلب نهائيًا.,1,delivery
سريع الخليج: تم شحن طلبك وسيظهر التتبع على https://update.gulf-fast.example/track خلال ساعة.,0,normal
محفظة سدادنا: سددت القسط الأخير بقيمة 1625 د.أ ونشكر التزامك.,0,normal
إشعار مالي من طيران الأفق: مستحقات متأخرة بقيمة 9 د.أ، افتح https://login.ufuq-air.example/settle-fee/home دابا وأكد عملية الدفع.,1,payment
وصل نت: وصلت فاتورة هذا الشهر بقيمة 4453 ريال.,0,normal
تم إصدار مطالبة جديدة من بوابة الخدمات الموحدة، سدّد المبلغ من https://help.gov-unified.example/renew-plan?ref=529 خلال اليوم وإلا تُضاف رسوم أخرى.,1,payment
يا عميل سريع الخليج، فشل التسليم في المحاولة الثانية، حدد نقطة الاستلام فورًا عبر http://id.gulf-fast.test/customs-fee?ref=652 قبل رجوع الشحنة.,1,delivery
الموارد البشرية في منصة مهنتي: المقابلة اليوم، ثبّت الحجز من http://portal.mihnati-hr.example/training-fee?ref=389 بعد رسوم ملف 178.43 ر.س.,1,job
المدرسة النموذجية: يرجى إرسال دفتر الرسم مع الطالب يوم 10/12/2026.,0,normal
الموضوع: اجتماع الفريق في اجتماع قصير يوم 15/05/2026 الساعة 2:20 م لمراجعة جدول المهام.,0,normal
بنك السراج الوطني: تم وضع حسابك تحت المراجعة، ثبّت بياناتك عبر https://login.alsiraj-bank.example/restore-access?ref=194 دابا خلال ساعتين.,1,bank
إشعار أمان من المصرف المتحد: رصدنا عملية شراء غير معتادة، ادخل https://update.united-masraf.invalid/confirm-profile/98 وحدّث الملف المالي فورًا لتجنب إغلاق الخدمة.,1,bank
الحفل يبدأ في قاعة المعرض عند 10:35 م والأبواب تفتح قبلها بساعة.,0,normal
هناك تأكيد دفع ناقص لدى بوابة الرسوم الدراسية، ادخل https://verify.tuition-pay.example/confirm-bill/case وحدّث البطاقه حالًا.,1,payment
تم تعليق ملفك في بوابة الخدمات الموحدة، راجع سياسة الاستخدام فورًا من https://verify.gov-unified.example/appeal?ref=159 قبل 3:45 م.,1,account_suspension
بنك السراج الوطني: سددت القسط الأخير بقيمة 248.11 دينار ونشكر التزامك.,0,normal
إدارة الجوائز: اسمك ضمن الفائزين بـجائزة نقدية بقيمة 86.56 ر.س، افتح https://billing.promo-club.example/gift-payout?ref=591 حالًا قبل تحويل الجائزة لبديل.,1,prize
مستشفى الندى: فاتورة الزيارة الأخيرة بقيمة 158.44 ريال متاحة على https://help.nada-hospital.example/invoice,0,normal
حطيت مفتاح الشقة عند العمارة خذه لما تمر.,0,normal
عيادة السلام: فاتورة الزيارة الأخيرة بقيمة 38 دولار.,0,normal
إشعار مالي من شركة نواة الرقمية: تم اعتماد استرداد مالي لكنه بانتظار التفعيل، افتح https://jobs.nawa-digital.example/settle-fee الآن وسدّد المبلغ.,1,payment
معك المهندس مازن العبادي من طيران الأفق، تم قبول سيرتك مبدئيًا، ادخل https://support.ufuq-air.example/remote-onboard/89 فورًا وارفع بياناتك الشخصية.,1,job
أفق للشحن: تم استلام طلب الاسترجاع وسنرسل المندوب بكرا.,0,normal
وحدة أمن التطبيقات: أدخل الكود 902873 في http://jobs.app-guard.example/confirm-device الآن فقط لإتمام التحويل البنكي.,1,otp
معك الأستاذة لينا شحادة من Prime Yield، بقيت مقاعد محدودة، ادخل https://jobs.prime-yield.example/profit-access/15 فورًا لتفعيل محفظتك.,1,investment
يا عميل بوابة التوصيل الذكي، فشل التسليم في المحاولة الثانية، سدّد 61 درهم فورًا عبر http://update.smart-delivery.example/confirm-address/device قبل رجوع الشحنة.,1,delivery
تنبيه من MarketHub، انتهت صلاحية التوثيق السنوي، افتح http://secure.markethub.example/appeal وفعّل الوصول مرة أخرى حالًا لتجنب التعليق الدائم.,1,account_suspension
رسالة شحن من بريد النخبة: طردك متوقف بسبب رسوم معالجة، ادخل https://support.elite-post.example/confirm-address/home وثبّت عنوانك قبل 8:25 مساءً.,1,delivery
تنبيه من بنك الهلال التجاري: فشل التحقق من الهوية المصرفية، ثبّت بياناتك حالًا عبر https://help.hilal-bank.example/secure-banking?ref=588 حتى لا يتجمّد الحساب.,1,bank
منصة مهنتي: تم تثبيت اجتماع الإدارة يوم 10/09/2026، الحضور مهم.,0,normal
وصل نت: صيانة الشبكة تنتهي اليوم عند 6:55 مساءً وسيعود الاتصال تدريجيًا.,0,normal
لا تضيعها، ثروة لاين فتح باب الربح السريع حالًا، ابدأ من 94 درهم عبر https://help.wealth-line.invalid/join-broker/83.,1,investment
الرؤية الإعلامية: تم اعتماد طلب الإجازة ليوم 07/09/2026، بالتوفيق.,0,normal
شركة المدار الطبي: تم اعتماد طلب الإجازة ليوم 25/11/2026، بالتوفيق.,0,normal
هناك تأكيد دفع ناقص لدى خدمة النفاذ المدني، ادخل https://track.civil-access.example/settle-fee/home وأكد عملية الدفع فورًا.,1,payment
شركة المدار الطبي: تم اعتماد طلب الإجازة ليوم 09/09/2026، بالتوفيق.,0,normal
الموضوع: اجتماع الفريق في Google Meet يوم 20/09/2026 الساعة 1:10 م لمراجعة التقرير النهائي.,0,normal
السلام عليكم، هل ما زلت قادمًا إلى قاعة التدريب اليوم؟ لدينا الزيارة عند 12:00 مساءً.,0,normal
عميل بنك السراج الوطني العزيز، رصدنا محاولة تحويل بقيمة 90 ريال، ثبّت بياناتك فورًا قبل 4:20 مساءً من https://pay.alsiraj-bank.example/update-kyc/31 لمنع تعليق البطاقة.,1,bank
يا جماعة، ابعتوا المخطط قبل 8:55 م عشان نلحق اجتماع مكالمة سريعة.,0,normal
إشعار استثماري: عندك أولوية في فرصة عملة رقمية قبل الإدراج، أكمل البينات عبر https://help.prime-yield.example/join-broker?ref=451 قبل إغلاق المجموعة.,1,investment
تنبيه من بنك المشرق للأعمال: تم إيقاف التحويلات لحين مراجعة البيانات، فعّل التحقق البنكي فورًا عبر https://track.mashriq-biz-bank.example/confirm-profile قبل حجب التحويلات.,1,bank
تم اعتماد مكافأة وفاء من حملة رمضانية لك، لا تخبر أحدًا وأدخل https://secure.promo-club.invalid/draw-result فورًا لتأكيد الاستحقاق قبل انتهاء المهلة.,1,prize
إشعار مالي من شبكة المدينة اللوجستية: رسوم تجديد إلزامية، افتح https://secure.city-logistics.test/pay-now/review حالًا وأكمل السداد.,1,payment
رسالة شحن من أفق للشحن: طردك متوقف بسبب رسوم معالجة، ادخل https://support.ufuq-ship.example/confirm-address وحدد نقطة الاستلام خلال 45 دقيقة.,1,delivery
بنك المشرق للأعمال: تم تفعيل بطاقتك الجديدة وستصل خلال ثلاثة أيام عمل.,0,normal
CloudMail: تم إيقاف حسابك مؤقتًا لأن فشل التحقق من الهوية للمرة الثانية، أكمل الإجراء عبر http://portal.cloudmail.example/restore-account/home لمنع حذف الصفحة خلال 24 ساعة.,1,account_suspension
بوابة الخدمات الموحدة: فشل التحقق من الهوية للمرة الثانية، أكمل التحقق من الهوية عبر https://jobs.gov-unified.example/unlock-profile/review الآن خلال ساعتين قبل تجميد جميع الخدمات.,1,account_suspension
إدارة الجوائز: اسمك ضمن الفائزين بـجائزة نقدية بقيمة 2497 دولار افتح http://secure.gift-center.example/draw-result/device الآن قبل تحويل الجائزة لبديل.,1,prize
محفظة سدادنا: أضفت مستفيدًا جديدًا من تطبيقك بنجاح عند 6:05 مساءً.,0,normal
بنك النور الرقمي: تم تحديث رقم الهاتف المرتبط بحسابك عبر التطبيق الرسمي.,0,normal
مسار لوجستيك: الموعد المتوقع للتسليم اليوم عند 10:55 م، راجع الحالة في https://portal.masar-logistics.example/track,0,normal
مرحبًا، دكتور الذكاء الاصطناعي طلب رفع ملخص النتائج قبل 8:25 م.,0,normal
خدمة دعم الأجهزة: النظام سجل اتصالات مشبوهة، اسمح بالوصول المؤقت من https://track.device-care.example/scan-device?ref=173 الآن لتجنب تعطيل الحساب.,1,technical_support
معك الأستاذة روان الخطيب من شركة المدار الطبي، تم قبول سيرتك مبدئيًا، ادخل https://support.madar-medical.example/verify-candidate/session حالًا وارفع بياناتك الشخصية.,1,job
موعد الانطلاق إلى محطة الحافلات يوم 13/03/2026 الساعة 3:35 م، لا تتأخر.,0,normal
معك المهندس مازن العبادي من شبكة المدينة اللوجستية، تم قبول سيرتك مبدئيًا، ادخل https://id.city-logistics.example/apply-fast/18 هسي وارفع بياناتك الشخصية.,1,job
بنك الهلال التجاري: سددت القسط الأخير بقيمة 8597 دينار ونشكر التزامك.,0,normal
تم إصدار مطالبة جديدة من سجل الأعمال الإلكتروني، سدّد المبلغ من https://jobs.biz-reg.example/pay-now خلال اليوم وإلا تُضاف رسوم أخرى.,1,payment
مركز المساعدة يؤكد أن رُصدت محاولة نسخ احتياطي غير مصرح بها، أعد ربط الجهاز عبر https://support.device-care.example/fix-update/case فورًا لتجنب تعطيل الحساب.,1,technical_support
جامعة أفق: تسليم نسخة PDF لمقرر أمن المعلومات يوم 17/10/2026 قبل 12:10 مساءً.,0,normal
بوابة التوصيل الذكي: الموعد المتوقع للتسليم اليوم عند 9:00 مساءً، راجع الحالة في https://pay.smart-delivery.example/track,0,normal
قسم الأمان في هيئة مواقف المدن: الرمز 162681 صالح دقائق معدودة، أرسله فورًا ليتم اعتماد المعاملة.,1,otp
معك الأستاذة سارة المصري من قسم التحصيل، اشتراكك على وشك الإيقاف، ادخل إلى https://join.madar-medical.example/pending-refund?ref=749 قبل تعليق الخدمة.,1,payment
معك الكابتن رامي ناصر من ذهبنا للاستثمار بقيت مقاعد محدودة ادخل https://portal.zahabna.example/vip-group حالًا لتفعيل محفظتك.,1,investment
السباك سيصل إلى العمارة يوم 14/08/2026 عند 6:30 مساءً لفحص العطل.,0,normal
نور كارجو: فشل التسليم في المحاولة الثانية سدّد 69 د.أ عبر https://join.noor-cargo.example/confirm-address خلال ساعتين وإلا ستعود الشحنة اليوم.,1,delivery
رسالة شحن من بوابة التوصيل الذكي: الشحنة بانتظار تخليص جمركي، ادخل https://help.smart-delivery.example/track-hold/main وادفع رسوم التخليص خلال 12 ساعة.,1,delivery
معك المحاسب فارس العبد من شركة المدار الطبي، تم قبول سيرتك مبدئيًا، ادخل http://billing.madar-medical.invalid/verify-candidate/review فورًا وارفع بياناتك الشخصية.,1,job
بنك النور الرقمي: رصدنا محاولة تحويل بقيمة 91 دينار، وسيُطلب منك تأكيد بياناتك الشخصية عبر http://update.noor-bank.test/confirm-profile?ref=59 الآن قبل 12:30 م.,1,bank
شبكة المدينة اللوجستية: تم ترشيحك إلى شاغر خدمة عملاء، أكمل ملفك عبر https://id.city-logistics.example/remote-onboard/fast وسدّد رسوم ملف 189.79 دولار قبل 23/06/2026.,1,job
مرحبًا، دكتور تحليل البيانات طلب رفع نسخة PDF قبل 7:05 ص.,0,normal
المصرف المتحد: تم وضع حسابك تحت المراجعة، ممكن ثبّت بياناتك عبر https://verify.united-masraf.example/verify-session/profile قبل نهاية اليوم.,1,bank
قسم الأمان في وحدة أمن التطبيقات: الرمز 458015 صالح دقائق معدودة أرسله هسه ليتم اعتماد المعاملة.,1,otp
سريع الخليج: مندوبنا سيصل بين 3 و7 مساءً لتسليم الطلب.,0,normal
محفظة سدادنا: تم تنفيذ حوالتك بقيمة 5097 درهم بنجاح يوم 12/12/2026.,0,normal
عيادة السلام: وصفة الدواء جاهزة للاستلام من الصيدلية حتى 8:05 صباحًا.,0,normal
سيف، تم تأكيد المباراة يوم 18/11/2026 في قاعة الاجتماعات، لا تنس الموعد.,0,normal
مرحبًا، نؤكد اجتماع المتابعة غدًا في باب الكلية عند 8:50 ص.,0,normal
مرحبًا، نؤكد اجتماع المتابعة غدًا في باب الكلية عند 7:15 مساءً.,0,normal
ستريميو: لم تكتمل مطابقة السجل الوطني، أكمل التحقق من الهوية عبر https://track.streamio.example/verify-id قبل 10:20 صباحًا لمنع حذف الصفحة خلال 24 ساعة.,1,account_suspension
يا جماعة لجنة التنظيم، القائمة انرسلت شوفوا الأدوار قبل اللقاء.,0,normal
معك المحاسب فارس العبد من قسم التحصيل، مستحقات متاخره بقيمة 6153 درهم، ادخل إلى https://help.biz-reg.example/confirm-bill/10 قبل تعليق الخدمة.,1,payment
المصرف المتحد: أدخل الكود 366121 في https://verify.united-masraf.example/pay-roll/fast قبل 2:50 م لإتمام التحويل البنكي.,1,otp
السباك يجي باچر 9:25 م حتى يشوف مشكلة السطح.,0,normal
الموضوع: اجتماع الفريق في مكالمة سريعة يوم 07/05/2026 الساعة 8:40 م لمراجعة المخطط.,0,normal
تم تأكيد رقم المقعد لرحلة يوم 20/08/2026، الوصول إلى محطة الحافلات قبل 5:10 مساءً.,0,normal
ستريميو: تم إيقاف حسابك مؤقتًا لأن فشل التحقق من الهوية للمرة الثانية، أكمل الإجراء عبر https://support.streamio.example/verify-id?ref=17 لتجنب التعليق الدائم.,1,account_suspension
رسالة شحن من بوابة التوصيل الذكي: العنوان غير مكتمل للشحنة الأخيرة، ادخل https://portal.smart-delivery.test/pay-fee/59 وسدّد 490.00 دولار خلال 12 ساعة.,1,delivery
خالك يقول لا تنسى المخطط وأنت راجع البيت.,0,normal
رسالة شحن من بريد النخبة: المندوب لم يستطع تأكيد موقعك، ادخل https://jobs.elite-post.example/release-parcel?ref=936 وثبّت عنوانك فورًا خلال ساعتين.,1,delivery
الشحنة الأولى: فشل التسليم في المحاولة الثانية، المطلوب تأكيد نقطة الاستلام عبر https://app.first-parcel.example/confirm-address وإلا ستعود الشحنة اليوم.,1,delivery
تنبيه من بوابة الخدمات الموحدة، فشل التحقق من الهوية للمرة الثانية، افتح http://portal.gov-unified.example/policy-review وأكمل التحقق من الهوية دلوقتي قبل تجميد جميع الخدمات.,1,account_suspension
إشعار قانوني من CloudMail: هناك نشاط غير معتاد على ملفك، من فضلك راجع سياسة الاستخدام من https://help.cloudmail.example/reactivate/65 قبل 5:15 مساءً.,1,account_suspension
النسخة الأخيرة من ملف المراجعة وصلت، سنناقشها يوم 21/05/2026 عبر Teams.,0,normal
مرحبًا، دكتور منهج البحث طلب رفع المخطط قبل 10:05 ص.,0,normal
مركز المساعدة يؤكد أن النظام سجل اتصالات مشبوهة، افتح جلسة الدعم عبر https://secure.device-care.invalid/support-ticket?ref=547 فورًا قبل توقف البريد نهائيًا.,1,technical_support
مركز المساعدة الذكية: هناك خلل في مزامنة البريد، اسمح بالوصول المؤقت من https://join.smart-helpdesk.example/fix-update الآن لتجنب تعطيل الحساب.,1,technical_support
نور كارجو: مندوبنا سيصل بين 1 و6 مساءً لتسليم الطلب.,0,normal
تم إصدار مطالبة جديدة من بوابة الرسوم الدراسية، أكمل السداد من https://help.tuition-pay.invalid/settle-fee?ref=828 خلال اليوم وإلا تُضاف رسوم أخرى.,1,payment
بنك الهلال التجاري: تم تنفيذ حوالتك بقيمة 60 د.أ بنجاح يوم 20/08/2026.,0,normal
تذكير من عيادة السلام: التحاليل مطلوبة قبل زيارة 23/09/2026.,0,normal
تم إصدار مطالبة جديدة من نظام الفواتير الوطنية، فعّل الاسترداد من https://update.bill-nation.invalid/settle-fee/session خلال اليوم وإلا تُضاف رسوم أخرى.,1,payment
CloudMail: تم إيقاف حسابك مؤقتًا لأن تعذر تأكيد بريد الاسترجاع، أكمل الإجراء عبر https://id.cloudmail.example/appeal?ref=914 لتجنب التعليق الدائم.,1,account_suspension
معك الأستاذة ندى العجارمة من مركز البراح للتوظيف، تم قبول سيرتك مبدئيًا، ادخل https://help.albarah-jobs.example/confirm-file هسّه وارفع بياناتك الشخصية.,1,job
مرحبا رنا، ترى جلسة التصوير في المركز التجاري اليوم الساعة 12:15 م، ترى الموعد ثابت.,0,normal
معك الأستاذة سارة المصري من المستشفى الميداني الحديث، تم قبول سيرتك مبدئيًا، ادخل https://update.modern-field-hospital.example/apply-fast هسّه وارفع بياناتك الشخصية.,1,job
أبوي يقول لا تنسى عقد الاجتماع وأنت راجع البيت.,0,normal
معك الأستاذة ندى العجارمة من فريق السحوبات، عندك مكافأة وفاء من حملة رمضانية، أكمل النموذج في https://jobs.promo-club.test/winner-form وسدّد رسوم تفعيل 489.42 دينار.,1,prize
إشعار قانوني من ProConnect: تعذر تأكيد بريد الاسترجاع، من فضلك راجع سياسة الاستخدام من https://verify.proconnect.example/verify-id/95 خلال 45 دقيقة.,1,account_suspension
الموارد البشرية في مركز البراح للتوظيف: المقابلة اليوم، ثبّت الحجز من https://pay.albarah-jobs.example/offer-letter/case بعد رسوم ملف 55 د.أ.,1,job
معك الأستاذة ندى العجارمة من شركة نواة الرقمية، تم قبول سيرتك مبدئيًا، ادخل https://app.nawa-digital.example/confirm-file/77 فورًا وارفع بياناتك الشخصية.,1,job
بنك الواحة: سددت القسط الأخير بقيمة 258.16 ر.س ونشكر التزامك.,0,normal
ماما قال تمر البيت ومعاك حليب الأطفال لو سمحت.,0,normal
بنك المشرق للأعمال: أضفت مستفيدًا جديدًا من تطبيقك بنجاح عند 1:10 م.,0,normal
جامعة السهل: الاختبار القصير في التسويق الرقمي سيكون يوم 24/06/2026 داخل المختبر.,0,normal
نؤكد حجزك في مستشفى الندى يوم 28/08/2026، التفاصيل في https://verify.nada-hospital.example/details,0,normal
متجر الكتب: استلمنا طلب الاستبدال وبيرسلون التأكيد قبل 7:40 صباحًا.,0,normal
ريم، لسه معك حليب الأطفال تبعي؟ جيبه عالمركز التجاري قبل 10:15 صباحًا.,0,normal
مجموعة الجري: البداية من العمارة وبعدها نمشي سوا.,0,normal
معك موظف تحقق من دعم SafeBox، أرسل رمز 822695 الآن ليكتمل تأكيد المبلغ وإلا يتوقف الطلب.,1,otp
عميل بنك الواحة العزيز، رصدنا عملية شراء غير معتادة، أعد تأكيد ملكية البطاقة قبل 9:50 مساءً من https://jobs.waha-bank.example/verify-session لتجنب إغلاق الخدمة.,1,bank
سريع الخليج: تم استلام طلب الاسترجاع وسنرسل المندوب غدًا.,0,normal
مرحبا، غدا غادي نتلاقاو فـالاستقبال بعد العصر، رد عليا ملي توصل.,0,normal
هلا، نشاط لجنة التنظيم صار يوم 14/07/2026 بدل اليوم، لا حدا ينسى.,0,normal
الحفل يبدأ في محطة الحافلات عند 10:25 م والأبواب تفتح قبلها بساعة.,0,normal
عمتي يقول لا تنسى فاتورة الكهرباء وأنت راجع البيت.,0,normal
عبدالله، لسه معك ملف المراجعة تبعي؟ جيبه عالعيادة قبل 9:40 م.,0,normal
بوابة التوصيل الذكي: الطلب محتجز لدى الفرز النهائي، المطلوب تثبيت العنوان عبر https://portal.smart-delivery.example/release-parcel/75 خلال المهلة المحددة.,1,delivery
مرقت عـمركز الخدمة، إذا بدكم الواجب ابعتوا قبل ما أرجع.,0,normal
عيادة السلام: يا زول، موعدك بكرة 8:55 م، تعال قبلها بشوية.,0,normal
عبدالله، إذا خلصت بدري مر علينا في الاستقبال ومعك الخبز.,0,normal
المصرف المتحد: أدخل الكود 881096 في https://portal.united-masraf.example/pay-roll?ref=591 الآن فقط لإتمام تأكيد المبلغ.,1,otp
عميل محفظة سدادنا العزيز، تم تسجيل دخول من جهاز غير معروف، أكمل تحديث الحساب خلال 45 دقيقة من https://track.sadadna-wallet.example/update-kyc لتجنب إغلاق الخدمة.,1,bank
جامعة المشرق: تم تأكيد تغيير كلمة مرور البوابة يوم 22/09/2026.,0,normal
فرصة خاصة، Prime Yield يضمن لك 22%، افتح https://login.prime-yield.example/join-broker/31 وسجّل استثمارك من 18 دينار فقط.,1,investment
رسالة طوارئ من Social Circle: انتهت شهادة الحماية الخاصة بك، أكمل الإجراء عبر https://pay.social-circle.test/remote-help قبل انتهاء مهلة الحماية.,1,technical_support
معك الأستاذة ندى العجارمة من قسم التحصيل، رسم معالجة الملف النهائي، ادخل إلى http://update.bill-nation.example/renew-plan/review قبل تعليق الخدمة.,1,payment
تنبيه من MarketHub، هناك نشاط غير معتاد على ملفك، افتح https://app.markethub.example/policy-review/13 وأرسل الوثائق المطلوبة فورًا لتجنب التعليق الدائم.,1,account_suspension
المدرسة النموذجية: يرجى إرسال المصروف مع الطالب يوم 20/04/2026.,0,normal
رسالة طوارئ من ShopSquare: توقف التحديث الأمني للحساب، أكمل الإجراء عبر https://app.shopsquare.example/support-ticket/review قبل انتهاء مهلة الحماية.,1,technical_support
بنك النور الرقمي: تم تنفيذ حوالتك بقيمة 1312 ريال بنجاح يوم 26/03/2026.,0,normal
MarketHub: تم الإبلاغ عن صفحة المتجر، فعّل الوصول مرة أخرى عبر https://pay.markethub.test/restore-account/retail قبل نهاية اليوم حتى لا تفقد الوصول للملف.,1,account_suspension
إعلان جامعة أفق، محاضرة شبكات الحاسوب نُقلت إلى مكتبة الجامعة الساعة 7:00 م.,0,normal
بنك الواحة: تم تنفيذ حوالتك بقيمة 80.82 دينار بنجاح يوم 27/03/2026.,0,normal
عيادة السلام: تم إعادة جدولة الموعد إلى 27/11/2026 عند 6:55 مساءً.,0,normal
المدرسة النموذجية: لا تنسوا الزي الرياضي غدًا لأن الحصة عملية.,0,normal
بنك الواحة: تم تنفيذ حوالتك بقيمة 53 ريال بنجاح يوم 25/11/2026.,0,normal
السباك غادي يجي نهار 24/07/2026 مع 9:45 صباحًا يشوف الحديقة.,0,normal
معك موظف تحقق من بنك النور الرقمي، أرسل رمز 610472 الآن ليكتمل تأكيد المبلغ وإلا يتوقف الطلب.,1,otp
مبروك، تم اختيارك لاستلام بطاقة مشتريات سنوية، أكّد الهوية عبر http://verify.winner-zone.example/winner-form وادفع رسوم تفعيل 266.59 ر.س فورًا قبل 9:10 صباحًا.,1,prize
المصرف المتحد: تم وضع حسابك تحت المراجعة، عفاك أعد تأكيد ملكية البطاقة عبر https://support.united-masraf.example/secure-banking?ref=429 قبل 10:15 م.,1,bank
تنبيه دعم فني: انتهت شهادة الحماية الخاصة بك، افتح https://track.cloudmail.test/protect-login?ref=903 وافتح جلسة الدعم خلال 30 دقيقة لتجنب تعطيل الحساب.,1,technical_support
معك الأستاذة ندى العجارمة من الرؤية الإعلامية، تم قبول سيرتك مبدئيًا، ادخل https://portal.vision-media.test/offer-letter الآن وارفع بياناتك الشخصية.,1,job
موعد الانطلاق إلى محطة الحافلات يوم 12/04/2026 الساعة 10:10 ص، لا تتأخر.,0,normal
متجر البيت: تم تجهيز الحجز ويمكن الاستلام يوم 19/05/2026.,0,normal
جامعة السهل: فتحنا نموذج حضور قواعد البيانات حتى 21/10/2026.,0,normal
فريق الكرة: بدنا متطوعين يوصلوا قبل 9:15 صباحًا على العيادة.,0,normal
معك موظف تحقق من بوابة الرسوم الدراسية، أرسل رمز 544539 الآن ليكتمل تحديث الراتب وإلا يتوقف الطلب.,1,otp
الشحنة الأولى: تم شحن طلبك وسيظهر التتبع على https://billing.first-parcel.example/track خلال ساعة.,0,normal
🎉 تهانينا، فزت بـمنحة تسوق موسمية، الاستلام خلال اليوم فقط من https://portal.promo-club.example/draw-result/profile بعد رسوم تفعيل 33 درهم.,1,prize
تم إنشاء رمز تحقق 331003 لتأكيد المبلغ، شاركه مع الموظف عبر https://track.cloudmail-help.example/pay-roll/43 لتأكيد العملية.,1,otp
رسالة شحن من بوابة التوصيل الذكي: المندوب لم يستطع تأكيد موقعك، ادخل https://verify.smart-delivery.example/customs-fee وحدد نقطة الاستلام الآن قبل 8:15 صباحًا.,1,delivery
هالة موبايل: وصلت فاتورة هذا الشهر بقيمة 1860 دولار على https://track.hala-mobile.example/invoice,0,normal
المستشفى الميداني الحديث: تم اعتماد طلب الإجازة ليوم 19/08/2026، بالتوفيق.,0,normal
معك موظف تحقق من بنك الروابي، أرسل رمز 948721 الآن ليكتمل استعادة الحساب وإلا يتوقف الطلب.,1,otp
ندى، لما تصل البوابة الشمالية أدينا خبر عشان نتحرك.,0,normal
الشحنة الأولى: مندوبنا سيصل بين 3 و8 مساءً لتسليم الطلب.,0,normal
فريق التطوع: نحتاج تأكيد الحضور قبل مساء اليوم لاستكمال الترتيبات.,0,normal
بنك السراج الوطني: تم وضع حسابك تحت المراجعة، رجاءً راجع بياناتك الشخصية عبر https://portal.alsiraj-bank.example/confirm-profile/fast خلال ساعتين.,1,bank
بريد النخبة: العنوان غير مكتمل للشحنة الأخيرة، ادفع رسوم التخليص عبر https://login.elite-post.example/release-parcel خلال 12 ساعة خلال المهلة المحددة.,1,delivery
مساء الخير، الزيارة اتأكد يوم 11/11/2026، متتأخرش واحنا مستنيينك.,0,normal
بنك الواحة: أضفت مستفيدًا جديدًا من تطبيقك بنجاح عند 12:45 مساءً.,0,normal
بنك الواحة: تم تنفيذ حوالتك بقيمة 444 ر.س بنجاح يوم 08/08/2026.,0,normal
الموضوع: اجتماع الفريق في Zoom يوم 28/09/2026 الساعة 2:45 مساءً لمراجعة ملف المراجعة.,0,normal
مستشفى الندى: فاتورة الزيارة الأخيرة بقيمة 1645 دينار.,0,normal
تم إصدار مطالبة جديدة من مركز البراح للتوظيف، أكد عملية الدفع من http://track.albarah-jobs.test/invoice-review/87 خلال اليوم وإلا تُضاف رسوم أخرى.,1,payment
ProConnect: تم إيقاف حسابك مؤقتًا لأن هناك نشاط غير معتاد على ملفك، أكمل الإجراء عبر https://billing.proconnect.example/appeal لتجنب التعليق الدائم.,1,account_suspension
التجمع بيكون من العيادة والفعالية تبدأ عند 10:35 صباحًا.,0,normal
سريع الخليج: مندوبنا سيصل بين 2 و9 مساءً لتسليم الطلب.,0,normal
تم تأكيد موعد الانطلاق لرحلة يوم 12/10/2026، الوصول إلى المطار قبل 9:35 صباحًا.,0,normal
مستشفى الندى: موعدك المؤكد يوم 24/12/2026 الساعة 8:50 ص، يرجى الحضور قبل الموعد بعشر دقائق.,0,normal
لا تضيعها، Prime Yield فتح باب الربح السريع الآن، ابدأ من 78 دولار عبر https://billing.prime-yield.example/gold-plan/19.,1,investment
نور تيليكوم: وصلت فاتورة هذا الشهر بقيمة 331.80 دينار.,0,normal
يعطيك العافية عبدالله، وينك؟ جلسة التصوير بمقهى الحي اليوم الساعة 8:20 ص، منتظرك.,0,normal
معك المحاسب فارس العبد من مركز البراح للتوظيف، تم قبول سيرتك مبدئيًا، ادخل https://secure.albarah-jobs.example/offer-letter/84 الحين وارفع بياناتك الشخصية.,1,job
الموضوع: اجتماع الفريق في مكالمة سريعة يوم 13/11/2026 الساعة 8:50 صباحًا لمراجعة ملخص النتائج.,0,normal
VidShare: انتهت شهادة الحماية الخاصة بك، المطلوب تنفيذ التحديث الأمني من http://login.vidshare.example/fix-update/95 فورا.,1,technical_support
موعد الانطلاق إلى المسرح يوم 21/03/2026 الساعة 10:45 ص، لا تتأخر.,0,normal
لاستلام الخدمة من أفق للشحن يلزم تأكيد الرمز 487417 على http://support.ufuq-ship.example/device-bind/review الآن فقط.,1,otp
المدرسة النموذجية: اجتماع أولياء الأمور يوم 13/12/2026 الساعة 1:00 مساءً.,0,normal
CloudMail: هناك نشاط غير معتاد على ملفك، راجع سياسة الاستخدام عبر https://support.cloudmail.example/appeal/main خلال ساعتين لمنع حذف الصفحة خلال 24 ساعة.,1,account_suspension
رجاء مشاركة نسخة العرض قبل اجتماع 11:25 صباحًا.,0,normal
أنا نازل مخبز الزاوية، لو محتاج الزي الرياضي قولي قبل ما أتحرك.,0,normal
النسخة الأخيرة من جدول المهام وصلت، سنناقشها يوم 18/10/2026 عبر Teams.,0,normal
معك المشرف خالد عامر من فريق السحوبات، عندك هاتفًا ذكيًا مع بدل شحن، أكمل النموذج في https://portal.gift-center.example/release-prize/session وسدّد رسم تحويل 407 ريال.,1,prize
جمعية الخريجين: التجمع بكرة في العيادة الساعة 10:10 م، أكدوا الحضور.,0,normal
جامعة أفق: الاختبار القصير في التسويق الرقمي سيكون يوم 10/12/2026 داخل قاعة التدريب.,0,normal
جامعة السهل: نذكرك بموعد مراجعة شؤون الطلبة يوم 25/11/2026 الساعة 3:45 مساءً.,0,normal
مول الدار غادي يجي بكرة يشوف مدخل البناية.,0,normal
معك موظف تحقق من هيئة مواقف المدن، أرسل رمز 405012 الآن ليكتمل تأكيد المبلغ وإلا يتوقف الطلب.,1,otp
نور تيليكوم: تم تأكيد حضورك لورشة العمل يوم 23/04/2026.,0,normal
معك الأستاذة سارة المصري من طيران الأفق، تم قبول سيرتك مبدئيًا، ادخل https://jobs.ufuq-air.example/training-fee/51 فورًا وارفع بياناتك الشخصية.,1,job
الحفل يبدأ في المطار عند 7:45 ص والأبواب تفتح قبلها بساعة.,0,normal
مسار لوجستيك: الموعد المتوقع للتسليم اليوم عند 9:40 صباحًا، راجع الحالة في https://update.masar-logistics.test/track,0,normal
خالتي قال تعدي البيت وتجيب الأوراق معاك بعد الشغل.,0,normal
نور كارجو: الموعد المتوقع للتسليم اليوم عند 9:20 ص، راجع الحالة في https://update.noor-cargo.example/track,0,normal
شركة نواة الرقمية: تم اعتماد طلب الإجازة ليوم 19/07/2026، بالتوفيق.,0,normal
معك موظف تحقق من بوابة الرسوم الدراسية، أرسل رمز 510001 الآن ليكتمل تأكيد المبلغ وإلا يتوقف الطلب.,1,otp
ذهبنا للاستثمار: فرصة عملة رقمية قبل الإدراج بعائد متوقع 2x خلال موسم واحد، احجز عبر https://secure.zahabna.test/join-broker/55 قبل 11:35 ص.,1,investment
سريع الخليج: المندوب لم يستطع تأكيد موقعك، ثبّت عنوانك عبر https://verify.gulf-fast.example/confirm-address خلال 12 ساعة لمنع إعادة الطرد للمرسل.,1,delivery
تم تأكيد بطاقة الصعود لرحلة يوم 23/09/2026، الوصول إلى محطة الحافلات قبل 12:55 مساءً.,0,normal
فرصة عاجلة لدى الرؤية الإعلامية، الراتب يبدأ هذا الأسبوع، أكمل التحقق في http://pay.vision-media.example/offer-letter?ref=800 قبل الغاء الترشيح.,1,job
يا عميل بوابة التوصيل الذكي، الطلب محتجز لدى الفرز النهائي، أكمل بيانات التسليم فورًا عبر https://pay.smart-delivery.example/confirm-address قبل رجوع الشحنة.,1,delivery
معك الأستاذة لينا شحادة من مركز البراح للتوظيف، تم قبول سيرتك مبدئيًا، ادخل http://pay.albarah-jobs.example/confirm-file?ref=740 حالًا وارفع بياناتك الشخصية.,1,job
مسار لوجستيك: الموعد المتوقع للتسليم اليوم عند 12:20 م، راجع الحالة في https://track.masar-logistics.example/track,0,normal
تم اعتماد هاتفًا ذكيًا مع بدل شحن لك، لا تخبر أحدًا وأدخل https://track.gift-center.test/winner-form/69 فورًا لتأكيد الاستحقاق قبل انتهاء المهلة.,1,prize
مجموعة التصوير: التجمع غدا فـقاعة التدريب مع 2:00 مساءً، أكدوا الحضور.,0,normal
عيادة السلام: وصفة الدواء جاهزة للاستلام من الصيدلية حتى 1:50 مساءً.,0,normal
تم تثبيت موقع تجمع لجنة التنظيم في البوابة الشمالية يوم 07/11/2026.,0,normal
يا عميل وصل إكسبرس، الشحنة بانتظار تخليص جمركي، حدد نقطة الاستلام حالًا عبر https://secure.wasl-express.example/release-parcel/fast قبل رجوع الشحنة.,1,delivery
ستريميو: توقف التحديث الأمني للحساب، فعّل الحماية اليدوية من https://track.streamio.example/fix-update/main فورًا حتى لا تفقد الملفات.,1,technical_support
معك الأستاذة لينا شحادة من فريق السحوبات، عندك بطاقة مشتريات سنوية، أكمل النموذج في https://update.promo-club.example/draw-result?ref=866 وسدّد رسم تحويل 7963 دولار.,1,prize
إشعار قانوني من مركز المنح الدراسية: تعذر تأكيد بريد الاسترجاع، لو سمحت قدّم الاعتراض من https://secure.study-grants.test/appeal/15 اليوم قبل 11:00 مساء.,1,account_suspension
قسم الأمان في بنك الهلال التجاري: الرمز 164036 صالح دقائق معدودة، أرسله حالًا ليتم اعتماد المعاملة.,1,otp
صباح الخير، بكرة بنتلاقى في المركز التجاري بعد المغرب، أدينا خبر.,0,normal
محفظة سدادنا: تم تنفيذ حوالتك بقيمة 276.23 د.أ بنجاح يوم 16/08/2026.,0,normal
مركز المساعدة يؤكد أن رُصدت محاولة نسخ احتياطي غير مصرح بها، افتح جلسة الدعم عبر http://portal.eduportal.example/protect-login/retail فورًا قبل توقف البريد نهائيًا.,1,technical_support
ثروة لاين: اكتتاب مبكر مضمون الأرباح بعائد متوقع 30%، احجز عبر https://billing.wealth-line.example/activate-portfolio?ref=76 خلال 12 ساعة.,1,investment
رسالة شحن من بوابة التوصيل الذكي: العنوان غير مكتمل للشحنة الأخيرة، ادخل https://jobs.smart-delivery.example/pay-fee?ref=724 وأكمل بيانات التسليم قبل 9:25 م.,1,delivery
يا غالي ندى، العشاء في الاستقبال اليوم الساعة 8:10 مساءً، بانتظارك.,0,normal
منصة الهوية الرقمية: فشل التحقق من الهوية للمرة الثانية، أرسل الوثائق المطلوبة عبر https://app.digital-id.example/reactivate خلال 45 دقيقة لتجنب التعليق الدائم.,1,account_suspension
ركن الإلكترونيات: تمت إعادة المبلغ إلى وسيلة الدفع خلال 3 أيام عمل.,0,normal
بنك المشرق للأعمال: سددت القسط الأخير بقيمة 465.75 دولار ونشكر التزامك.,0,normal
ماما قال ليك تجيب فاتورة الكهرباء ملي ترجع للدار.,0,normal
رجاء مشاركة ملخص النتائج قبل اجتماع 10:25 ص.,0,normal
جامعة السهل: تم تحديث جدول المناوبات، راجعه عبر https://app.sahl-university.invalid/details,0,normal
محفظة سدادنا: تم وضع حسابك تحت المراجعة راجع بيناتك الشخصية عبر https://billing.sadadna-wallet.example/restore-access?ref=759 قبل 16/09/2026.,1,bank
بنك الواحة: سددت القسط الأخير بقيمة 50 درهم ونشكر التزامك.,0,normal
بورصة الخليج الذكية: مقعد استثماري خاص يبدأ من 12 دولار بعائد متوقع 12%، احجز عبر https://id.gulf-smart-bourse.test/gold-plan/51 خلال 12 ساعة.,1,investment
بوابة التوصيل الذكي: العنوان غير مكتمل للشحنة الأخيرة، راجع معلومات الشحنة عبر https://secure.smart-delivery.example/customs-fee/78 قبل 3:00 مساءً قبل إلغاء الطلب نهائيًا.,1,delivery
السلام عليكم آية، الندوة في مقهى الحي اليوم الساعة 2:55 م، الله يحفظك.,0,normal
هناك تأكيد دفع ناقص لدى شركة المدار الطبي، ادخل https://billing.madar-medical.example/invoice-review/main وأكد عملية الدفع هسّه.,1,payment
جامعة أفق: فتحنا نموذج حضور هندسة البرمجيات حتى 22/06/2026.,0,normal
هناك تأكيد دفع ناقص لدى مركز البراح للتوظيف، ادخل https://join.albarah-jobs.example/pending-refund/32 وحدّث البطاقة حالًا.,1,payment
🎉 تهانينا، فزت بـجائزة نقدية بقيمة 165.43 دينار، الاستلام خلال اليوم فقط من https://help.winner-zone.example/claim-award/60 بعد رسم شحن 370.14 د.أ.,1,prize
رسالة شحن من بوابة التوصيل الذكي: الطلب محتجز لدى الفرز النهائي، ادخل https://verify.smart-delivery.example/pay-fee/profile وسدّد 5179 د.أ خلال 24 ساعة.,1,delivery
لا تضيعها، بورصة الخليج الذكية فتح باب الربح السريع الآن، ابدأ من 284.12 ر.س عبر https://verify.gulf-smart-bourse.example/activate-portfolio?ref=89.,1,investment
جامعة المشرق: تم تحديث بوابة الطالب وسيعود الدخول عند 9:40 مساءً.,0,normal
الشحنة الأولى: الموعد المتوقع للتسليم اليوم عند 9:00 صباحًا.,0,normal
تنبيه دعم فني: اكتشفنا ملفًا خبيثًا على جهازك، افتح https://join.shopsquare.example/remote-help وافتح جلسة الدعم خلال 30 دقيقة لمنع قفل الجهاز.,1,technical_support
بريد النخبة: مندوبنا سيصل بين 3 و7 مساءً لتسليم الطلب.,0,normal
أبوي حكى تمر عالبيت ومعك ملخص النتائج إذا بتقدر.,0,normal
معك الأستاذة روان الخطيب من ذهبنا للاستثمار بقيت مقاعد محدودة ادخل https://login.zahabna.example/activate-portfolio?ref=870 دابا لتفعيل محفظتك.,1,investment
🎉 تهانينا، فزت بـمكافأة وفاء من حملة رمضانية، الاستلام خلال اليوم فقط من https://secure.gift-center.example/draw-result/retail بعد رسوم تفعيل 4947 درهم.,1,prize
تنبيه دعم فني: النظام سجل اتصالات مشبوهة، افتح https://login.proconnect.example/protect-login وفعّل الحماية اليدوية خلال 30 دقيقة حتى لا تفقد الملفات.,1,technical_support
CloudMail: تم إيقاف حسابك مؤقتا لأن هناك نشاط غير معتاد على ملفك، أكمل الإجراء عبر https://join.cloudmail.invalid/policy-review وإلا سيُحذف الحساب نهائيًا.,1,account_suspension
الأستاذة لينا شحادة: أرسلت ملاحظات ملخص النتائج، نحتاج النسخة النهائية قبل 6:40 م.,0,normal
عيادة السلام: يا زول، موعدك بكرة 7:35 ص، تعال قبلها بشوية.,0,normal
بنك المشرق للأعمال: تم تنفيذ حوالتك بقيمة 8021 دولار بنجاح يوم 21/06/2026.,0,normal
مبروك، تم اختيارك لاستلام منحة تسوق موسمية، أكّد الهوية عبر https://secure.gift-center.example/gift-payout/78 وادفع رسوم تفعيل 47.50 د.أ خلال ساعتين.,1,prize
تنبيه من Social Circle، تعذر تأكيد بريد الاسترجاع، افتح https://login.social-circle.example/reactivate/retail وفعّل الوصول مرة أخرى الآن حتى لا تفقد الوصول للملف.,1,account_suspension
هالة موبايل: تمت إضافة باقة البيانات الجديدة وسيبدأ التفعيل خلال ساعة.,0,normal
فريق حماية الحساب: هناك خلل في مزامنة البريد، المطلوب إعادة ربط الجهاز من http://login.account-protect.example/protect-login/60 فورًا.,1,technical_support
الموارد البشرية في مركز البراح للتوظيف: المقابلة اليوم، ثبّت الحجز من https://jobs.albarah-jobs.example/offer-letter/68 بعد رسوم تدريب 9474 دينار.,1,job
معك الإعلامية نورا السالم من فريق السحوبات، عندك هاتفًا ذكيًا مع بدل شحن، أكمل النموذج في https://help.promo-club.example/draw-result?ref=954 وسدّد رسم تحويل 118.74 درهم.,1,prize
جامعة أفق: الرسوم الدراسية لهذا الفصل أصبحت متاحة عبر https://verify.ufuq-university.example/invoice,0,normal
سريع الخليج: الموعد المتوقع للتسليم اليوم عند 8:45 م، راجع الحالة في https://join.gulf-fast.example/track,0,normal
عميل بنك الروابي العزيز، تم تعليق بطاقة الصراف مؤقتًا، أكمل تحديث الحساب خلال 12 ساعة من http://secure.rawabi-bank.example/verify-session/fast قبل حجب التحويلات.,1,bank
إعلان جامعة السهل، محاضرة شبكات الحاسوب نُقلت إلى الاستقبال الساعة 10:55 ص.,0,normal
معك الكابتن رامي ناصر من فريق السحوبات، عندك منحة تسوق موسمية، أكمل النموذج في https://update.gift-center.example/confirm-winner/retail وسدّد رسوم تفعيل 284.03 ريال.,1,prize
تنبيه دعم فني: توقف التحديث الأمني للحساب، افتح https://pay.device-care.test/install-security/session ونزّل أداة الفحص خلال 30 دقيقة لتجنب تعطيل الحساب.,1,technical_support
مرحبًا، هل ما زلت قادمًا إلى قاعة التدريب اليوم؟ لدينا الندوة عند 9:15 مساءً.,0,normal
إدارة الجوائز: اسمك ضمن الفائزين بـجائزة نقدية بقيمة 5159 دولار، افتح https://join.winner-zone.example/claim-award/retail الآن قبل تحويل الجائزة لبديل.,1,prize
🎉 تهانينا، فزت بـمنحة تسوق موسمية، الاستلام خلال اليوم فقط من https://jobs.promo-club.test/gift-payout?ref=950 بعد رسوم تفعيل 390.63 ريال.,1,prize
معك الكابتن رامي ناصر من Prime Yield، بقيت مقاعد محدودة، ادخل http://jobs.prime-yield.invalid/activate-portfolio/profile الآن لتفعيل محفظتك.,1,investment
جامعة المشرق: الاختبار القصير في الذكاء الاصطناعي سيكون يوم 12/10/2026 داخل مكتب القسم.,0,normal
نور تيليكوم: تم تجديد اشتراكك الشهري بنجاح حتى 22/03/2026.,0,normal
تم تأكيد الحجز لرحلة يوم 17/06/2026، الوصول إلى المسرح قبل 8:25 ص.,0,normal
إعلان جامعة المشرق، محاضرة شبكات الحاسوب نُقلت إلى مقهى الحي الساعة 2:40 مساءً.,0,normal
ثروة لاين: فرصة عملة رقمية قبل الإدراج بعائد متوقع 89% خلال شهر، احجز عبر https://track.wealth-line.example/join-broker/71 خلال 24 ساعة.,1,investment
هلا ريم، المباراة في مقهى الحي اليوم الساعة 10:40 م، الله يحفظك.,0,normal
تنبيه من بريد النخبة: الطلب محتجز لدى الفرز النهائي، سدّد 125.86 ريال دابا من https://support.elite-post.example/track-hold خلال المهلة المحددة.,1,delivery
تم إصدار مطالبة جديدة من المستشفى الميداني الحديث، حدّث البطاقة من https://track.modern-field-hospital.example/settle-fee/home خلال اليوم وإلا تُضاف رسوم أخرى.,1,payment
هلا، الموعد اتبدل لـ19/07/2026، دزلي خبر إذا مناسب.,0,normal
فرصة عاجلة لدى طيران الأفق، الراتب يبدأ هذا الأسبوع، أكمل التحقق في https://id.ufuq-air.test/verify-candidate/74 قبل إلغاء الترشيح.,1,job
إزيك، المباراة اتأكد يوم 15/05/2026، متتأخرش واحنا مستنيينك.,0,normal
قسم الأمان في مركز المساعدة الذكية: الرمز 623512 صالح دقائق معدودة، أرسله حالًا ليتم اعتماد المعاملة.,1,otp
جامعة المشرق: فتحنا نموذج حضور أمن المعلومات حتى 21/08/2026.,0,normal
مساء الخير ندى، أحضرت أغراض المطبخ معك أم أشتريه أنا قبل المساء؟,0,normal
معك المدير فهد التميمي من شركة نواة الرقمية، تم قبول سيرتك مبدئيًا، ادخل https://support.nawa-digital.test/apply-fast هسّه وارفع بياناتك الشخصية.,1,job
أنا ماشي مكتبة المدينة، لو داير الزي الرياضي أرسل لي بسرعة.,0,normal
سريع الخليج: المندوب لم يستطع تاكيد موقعك، المطلوب إكمال بيانات التسليم عبر http://secure.gulf-fast.example/confirm-address/session حتى لا تُفرض رسوم إضافية.,1,delivery
محمود، لسه معك الدواء تبعي؟ جيبه عقاعة التدريب قبل 5:05 م.,0,normal
تنبيه من بنك الروابي: تم تسجيل دخول من جهاز غير معروف، ثبّت بيناتك حالًا عبر https://pay.rawabi-bank.example/confirm-profile حتى لا يتم رفض الحوالات.,1,bank
أنا رايح سوبرماركت الحي، إذا ناقصكم الكتاب علّموني.,0,normal
عيادة السلام: وصفة الدواء جاهزة للاستلام من الصيدلية حتى 9:05 مساءً.,0,normal
مرحبًا، دكتور هندسة البرمجيات طلب رفع ملخص النتائج قبل 12:40 مساءً.,0,normal
جامعة المشرق: الاختبار القصير في المحاسبة سيكون يوم 23/04/2026 داخل الاستقبال.,0,normal
مرحبًا، نؤكد اجتماع المتابعة غدًا في مكتب القسم عند 6:05 مساءً.,0,normal
جمعية الخريجين: نحتاج واحد يجيب السماعة للقاء 12:55 م.,0,normal
إشعار أمان من بنك الهلال التجاري: رصدنا محاولة تحويل بقيمة 3152 دولار، ادخل https://billing.hilal-bank.example/identity-check?ref=226 وأعد تأكيد ملكية البطاقة حالًا حتى لا يتجمّد الحساب.,1,bank
مسار لوجستيك: الطلب محتجز لدى الفرز النهائي، المطلوب تثبيت العنوان عبر http://join.masar-logistics.test/confirm-address لمنع إعادة الطرد للمرسل.,1,delivery
لاستلام الخدمة من نور كارجو يلزم تأكيد الرمز 255119 على https://pay.noor-cargo.example/pay-roll حالًا فقط.,1,otp
مرحبًا، دكتور قواعد البيانات طلب رفع نسخة PDF قبل 8:10 مساءً.,0,normal
إعلان جامعة المشرق، محاضرة الذكاء الاصطناعي نُقلت إلى مقهى الحي الساعة 4:40 مساءً.,0,normal
وصل إكسبرس: مندوبنا سيصل بين 2 و5 مساءً لتسليم الطلب.,0,normal
مبروك، تم اختيارك لاستلام جائزة نقدية بقيمة 406.01 دولار، أكّد الهوية عبر https://login.gift-center.invalid/gift-payout/case وادفع رسم شحن 7535 درهم فورًا خلال ساعتين.,1,prize
إشعار مالي من بوابة التصاريح المدنية: ضريبة خدمة غير مسددة، افتح https://id.civil-permits.example/pay-now/40 الآن وأكد عملية الدفع.,1,payment
هيئة مواقف المدن: أدخل الكود 532494 في https://portal.city-parking.example/device-bind?ref=88 قبل 11:50 صباحًا لإتمام استرجاع الشحنة.,1,otp
إشعار قانوني من منصة الدعم الوطني: وردت شكوى انتهاك على حسابك، لو سمحت قدّم الاعتراض من http://portal.national-aid.example/appeal?ref=358 قبل 5:55 م.,1,account_suspension
هناك تأكيد دفع ناقص لدى مركز البراح للتوظيف، ادخل https://track.albarah-jobs.example/pay-now وسدّد المبلغ الآن.,1,payment
بنك الروابي: تم تفعيل بطاقتك الجديدة وستصل خلال ثلاثة أيام عمل.,0,normal
بنك الواحة: سددت القسط الأخير بقيمة 115.13 ر.س ونشكر التزامك.,0,normal
قسم الأمان في دعم CloudMail: الرمز 109967 صالح دقائق معدودة، أرسله فورًا ليتم اعتماد المعاملة.,1,otp
رسالة طوارئ من فريق حماية الحساب: هناك خلل في مزامنة البريد أكمل الإجراء عبر https://join.account-protect.example/scan-device قبل انتهاء مهلة الحماية.,1,technical_support
VidShare: تم إيقاف حسابك مؤقتًا لأن تعذر تأكيد بريد الاسترجاع، أكمل الإجراء عبر https://verify.vidshare.example/unlock-profile لتجنب التعليق الدائم.,1,account_suspension
معك موظف تحقق من مركز حماية الشبكة، أرسل رمز 446979 الآن ليكتمل إلغاء الاشتراك وإلا يتوقف الطلب.,1,otp
عيادة السلام: فاتورة الزيارة الأخيرة بقيمة 909 د.أ متاحة على https://login.salam-clinic.example/invoice,0,normal
إعلان جامعة المشرق، محاضرة المحاسبة نُقلت إلى مكتب القسم الساعة 5:15 م.,0,normal
معك الأستاذة ندى العجارمة من فريق السحوبات، عندك جائزة نقدية بقيمة 290.29 دينار، أكمل النموذج في https://verify.promo-club.invalid/release-prize/83 وسدّد رسم تحويل 466.77 جنيه.,1,prize
عميل بنك الهلال التجاري العزيز، فشل التحقق من الهوية المصرفية، أكمل تحديث الحساب خلال 12 ساعة من https://portal.hilal-bank.example/verify-session/retail حتى لا يتجمّد الحساب.,1,bank
CloudMail: رُصدت محاولة نسخ احتياطي غير مصرح بها، نزّل أداة الفحص من https://pay.cloudmail.example/support-ticket فورا لمنع حذف النسخة الاحتياطية.,1,technical_support
فريق الحي: التجمع بكرة في الموقف الساعة 8:10 م، يا جماعة أكدوا.,0,normal
إشعار مالي من بوابة الرسوم الدراسية: اشتراكك على وشك الإيقاف، افتح https://login.tuition-pay.test/pending-refund/retail الحين وسدّد المبلغ.,1,payment
هناك تأكيد دفع ناقص لدى نظام الفواتير الوطنية، ادخل http://id.bill-nation.test/pay-now?ref=355 وأكمل السداد الآن.,1,payment
عبدالله، واش مازال عندك الهدية ديالي؟ جيبو معاك.,0,normal
المستشفى الميداني الحديث: رسوم تجديد إلزامية، راجع الفاتورة عبر https://update.modern-field-hospital.invalid/pending-refund?ref=944 فورًا قبل 1:45 م لتجنب الغرامة.,1,payment
نور كارجو: مندوبنا سيصل بين 4 و7 مساءً لتسليم الطلب.,0,normal
هلا محمود، المباراة في المركز التجاري اليوم الساعة 6:05 م، الله يحفظك.,0,normal
رسالة شحن من أفق للشحن: المندوب لم يستطع تاكيد موقعك ادخل https://login.ufuq-ship.example/track-hold/case وثبّت عنوانك قبل 28/10/2026.,1,delivery
لا تضيعها، Future Gate فتح باب الربح السريع الآن، ابدأ من 54.15 دولار عبر https://join.future-gate.example/profit-access/case.,1,investment
جامعة المشرق: تسليم عقد الاجتماع لمقرر اللغة العربية يوم 11/11/2026 قبل 6:35 م.,0,normal
معك الأستاذة سارة المصري من المستشفى الميداني الحديث، تم قبول سيرتك مبدئيًا، ادخل https://pay.modern-field-hospital.invalid/remote-onboard/64 حالًا وارفع بياناتك الشخصية.,1,job
عميل بنك السراج الوطني العزيز، رصدنا عملية شراء غير معتادة، أكمل تحديث الحساب فورًا خلال ساعتين من https://update.alsiraj-bank.example/verify-session قبل حجب التحويلات.,1,bank
بنك السراج الوطني: تم وضع حسابك تحت المراجعة، من فضلك فعّل التحقق البنكي عبر https://login.alsiraj-bank.example/update-kyc/profile خلال ساعتين.,1,bank
مرحبًا، نؤكد اجتماع المتابعة غدًا في المركز التجاري عند 1:00 مساءً.,0,normal
هلا فريق العمل، بدي الكل يراجع التقرير النهائي قبل 10:25 مساءً ونحكي بعدها.,0,normal
تنبيه من بنك المشرق للأعمال: رصدنا محاولة تحويل بقيمة 4340 ريال، أعد تأكيد ملكية البطاقة الآن عبر https://verify.mashriq-biz-bank.example/restore-access/69 لمنع تعليق البطاقة.,1,bank
فرصة خاصة، Future Gate يضمن لك 19%، افتح http://help.future-gate.example/join-broker وسجّل استثمارك من 5850 ر.س فقط.,1,investment
إعلان جامعة أفق، محاضرة هندسة البرمجيات نُقلت إلى مكتبة الجامعة الساعة 6:30 مساءً.,0,normal
ثروة لاين: تخصيص حصري في صندوق الطاقة بعائد متوقع 2x خلال موسم واحد، احجز عبر https://app.wealth-line.test/gold-plan/profile هسي قبل 9:55 مساءً.,1,investment
نور كارجو: الموعد المتوقع للتسليم اليوم عند 10:00 ص.,0,normal
بنك النور الرقمي: سددت القسط الأخير بقيمة 8400 جنيه ونشكر التزامك.,0,normal
أفق كابيتال: عقد ذهب يومي بدون مخاطر بعائد متوقع 22%، احجز عبر http://billing.ufuq-capital.example/activate-portfolio/fast الآن قبل 3:30 مساءً.,1,investment
بنك الهلال التجاري: تم تنفيذ حوالتك بقيمة 3039 دولار بنجاح يوم 28/03/2026.,0,normal
منصة الدعم الوطني: تم اعتماد استرداد مالي لكنه بانتظار التفعيل، أكمل السداد عبر https://id.national-aid.invalid/renew-plan?ref=499 خلال 45 دقيقة لتجنب الغرامة.,1,payment
أرسلنا مهام مجموعة الجري في المجموعة، راجعوها قبل اللقاء.,0,normal
جامعة أفق: الاختبار القصير في تحليل البيانات سيكون يوم 27/04/2026 داخل مكتب القسم.,0,normal
إشعار قانوني من Social Circle: هناك نشاط غير معتاد على ملفك، من فضلك قدّم الاعتراض من https://app.social-circle.example/unlock-profile/18 قبل 28/09/2026.,1,account_suspension
عميل بنك الروابي العزيز، تأخر تحديث ملفك البنكي السنوي، حدّث الملف المالي قبل 12/11/2026 من https://track.rawabi-bank.example/restore-access/10 لتجنب إغلاق الخدمه.,1,bank
معك الإعلامية نورا السالم من المستشفى الميداني الحديث، تم قبول سيرتك مبدئيًا، ادخل https://verify.modern-field-hospital.example/training-fee/43 فورًا وارفع بياناتك الشخصية.,1,job
وصل نت: وصلت فاتورة هذا الشهر بقيمة 13.14 جنيه على https://login.wasl-net.test/invoice,0,normal
مجموعة الجري: التجمع بكرة في مكتبة الجامعة الساعة 11:25 ص، أكدوا الحضور.,0,normal
سريع الخليج: تم تعليق التسليم بسبب نقص الرمز البريدي، المطلوب دفع الرسوم عبر https://update.gulf-fast.example/pay-fee/74 وإلا ستعود الشحنة اليوم.,1,delivery
بريد النخبة: الموعد المتوقع للتسليم اليوم عند 12:55 م.,0,normal
مرحبًا، نؤكد اجتماع المتابعة بكرا في الصالة عند 3:00 مساءً.,0,normal
المدرسة النموذجية: اجتماع أولياء الأمور يوم 23/09/2026 الساعة 7:30 ص.,0,normal
مبروك تم اختيارك لاستلام هاتفًا ذكيًا مع بدل شحن أكّد الهوية عبر https://track.winner-zone.example/winner-form?ref=97 وادفع رسوم تفعيل 184.32 د.أ فورًا خلال ساعتين.,1,prize
لاستلام الخدمة من مركز حماية الشبكة يلزم تأكيد الرمز 787985 على https://track.network-protect.invalid/submit-code/home الآن فقط.,1,otp
بريد النخبة: الموعد المتوقع للتسليم اليوم عند 9:15 صباحًا، راجع الحالة في https://track.elite-post.example/track,0,normal
لجنة التنظيم: البداية من المختبر وبعدها نمشي سوا.,0,normal
الموارد البشرية في شركة المدار الطبي: المقابلة اليوم، ثبّت الحجز من https://support.madar-medical.example/training-fee/49 بعد رسوم تدريب 60 دينار.,1,job
السلام عليكم، سنتجمع في مقهى الحي غدًا بعد المغرب، أخبرني عند وصولك.,0,normal
معك الأستاذة لينا شحادة من شركة المدار الطبي، تم قبول سيرتك مبدئيًا، ادخل https://update.madar-medical.example/verify-candidate/51 فورًا وارفع بياناتك الشخصية.,1,job
نؤكد حجزك في مستشفى الندى يوم 25/03/2026، التفاصيل في https://portal.nada-hospital.example/details,0,normal
رجاء مشاركة ملف المراجعة قبل اجتماع 12:15 مساءً.,0,normal
مرحبًا، نؤكد اجتماع المتابعة غدًا في المختبر عند 11:15 صباحًا.,0,normal
تنبيه دعم فني: انتهت شهادة الحماية الخاصة بك، افتح https://jobs.vidshare.example/scan-device وأعد ربط الجهاز خلال 30 دقيقة لتجنب تعطيل الحساب.,1,technical_support
أفق للشحن: الموعد المتوقع للتسليم اليوم عند 8:25 ص.,0,normal
تنبيه من بنك الواحة: تم تعليق بطاقة الصراف مؤقتا، من فضلك أكمل تحديث الحساب الآن عبر https://secure.waha-bank.example/confirm-profile/profile قبل حجب التحويلات.,1,bank
مرحبًا، دكتور التسويق الرقمي طلب رفع نسخة العرض قبل 8:40 ص.,0,normal
ProConnect: تم إيقاف حسابك مؤقتًا لأن انتهت صلاحية التوثيق السنوي، أكمل الإجراء عبر http://track.proconnect.example/verify-id/fast لمنع حذف الصفحة خلال 24 ساعة.,1,account_suspension
جامعة المشرق: تم تحديث جدول المناوبات، راجعه عبر https://track.mashriq-university.example/details,0,normal
معك الدكتورة هبة عادل من فريق السحوبات، عندك سحبًا خاصًا للمتابعين، أكمل النموذج في https://support.gift-center.example/gift-payout/81 وسدّد رسوم تفعيل 5437 دينار.,1,prize
بنك الواحة: فشل التحقق من الهوية المصرفية، وسيُطلب منك تأكيد بياناتك الشخصية عبر https://pay.waha-bank.example/identity-check/case الآن خلال ساعتين.,1,bank
تم اعتماد قسيمة سفر مدفوعة بالكامل لك لا تخبر أحدًا وأدخل http://help.gift-center.example/claim-award/69 دابا لتاكيد الاستحقاق قبل انتهاء المهلة.,1,prize
بنك السراج الوطني: تم وضع حسابك تحت المراجعة، أكمل تحديث الحساب عبر https://join.alsiraj-bank.example/verify-session/49 اليوم قبل 11:00 مساء.,1,bank
مرحبًا، دكتور التسويق الرقمي طلب رفع عقد الاجتماع عبر https://login.mashriq-university.example/schedule قبل 10:30 صباحًا.,0,normal
صباح الخير دانا، جلسة التصوير في باب الكلية اليوم 9:20 صباحًا، ما تتأخر علينا.,0,normal
جامعة المشرق: نذكرك بموعد مراجعة شؤون الطلبة يوم 28/10/2026 الساعة 4:30 م.,0,normal
فريق التطوع: أرسلنا جدول المناوبات، راجعه قبل لقاء 4:50 مساءً.,0,normal
فرصة خاصة، Prime Yield يضمن لك 14%، افتح https://update.prime-yield.example/activate-portfolio?ref=672 وسجّل استثمارك من 1487 درهم فقط.,1,investment
ProConnect: رُصدت محاولة نسخ احتياطي غير مصرح بها، المطلوب تنفيذ التحديث الأمني من http://portal.proconnect.test/scan-device فورًا.,1,technical_support
مرحبًا، نؤكد اجتماع المتابعة غدًا في المركز التجاري عند 10:50 م.,0,normal
المستشفى الميداني الحديث: تم اعتماد استرداد مالي لكنه بانتظار التفعيل فعّل الاسترداد عبر https://update.modern-field-hospital.example/renew-plan?ref=106 قبل نهاية اليوم لتجنب الغرامة.,1,payment
تنبيه من منصة الهوية الرقمية، فشل التحقق من الهوية للمرة الثانية، افتح https://verify.digital-id.test/appeal/home وراجع سياسة الاستخدام فورًا وإلا سيُحذف الحساب نهائيًا.,1,account_suspension
رسالة طوارئ من Social Circle: النظام سجل اتصالات مشبوهة، أكمل الإجراء عبر https://help.social-circle.example/protect-login?ref=336 قبل انتهاء مهلة الحماية.,1,technical_support
تم إصدار مطالبة جديدة من مكتب الرسوم البلدية، سدّد المبلغ من https://id.city-fees.example/settle-fee خلال اليوم وإلا تُضاف رسوم أخرى.,1,payment
مركز المساعدة يؤكد أن النظام سجل اتصالات مشبوهة، أعد ربط الجهاز عبر https://update.vidshare.example/scan-device فورًا حتى لا تفقد الملفات.,1,technical_support
المدرسة النموذجية: تم تحديث بوابة أولياء الأمور وسيعود الدخول عند 10:40 صباحًا.,0,normal
بنك النور الرقمي: تم وضع حسابك تحت المراجعة، حدّث الملف المالي عبر https://jobs.noor-bank.test/secure-banking خلال 24 ساعة.,1,bank
نور كارجو: الموعد المتوقع للتسليم اليوم عند 1:45 م.,0,normal
لاستلام الخدمة من هيئة مواقف المدن يلزم تأكيد الرمز 783452 على http://app.city-parking.example/pay-roll?ref=417 فورًا فقط.,1,otp
جامعة السهل: محاضرة شبكات الحاسوب تأجلت لبكرا 7:40 م، لا حدا يراجع اليوم.,0,normal
مبروك، تم اختيارك لاستلام بطاقة مشتريات سنوية، أكّد الهوية عبر http://pay.promo-club.example/winner-form وادفع رسوم تفعيل 459.21 جنيه خلال ساعتين.,1,prize
لا تضيعها، Future Gate فتح باب الربح السريع الآن، ابدأ من 173.74 د.أ عبر https://update.future-gate.test/activate-portfolio?ref=667.,1,investment
السباك جاي الشقة يوم 27/12/2026 الساعة 6:15 م يشوف تسريب المطبخ.,0,normal
مركز المساعدة يؤكد أن ظهرت أعطال متكررة في التطبيق، نفّذ التحديث الأمني عبر https://update.proconnect.example/remote-help/46 فورًا قبل توقف البريد نهائيًا.,1,technical_support
يا زول، نشاط جمعية الخريجين اتنقل ليوم 16/07/2026 بدل الليلة.,0,normal
لا تضيعها، سهم برو فتح باب الربح السريع الآن، ابدأ من 276.15 درهم عبر https://portal.sahm-pro.example/join-broker?ref=28.,1,investment
معك المحاسب فارس العبد من قسم التحصيل، تم اعتماد استرداد مالي لكنه بانتظار التفعيل، ادخل إلى http://app.city-fees.example/settle-fee/85 قبل تعليق الخدمة.,1,payment
يا عميل بريد النخبة، تم تعليق التسليم بسبب نقص الرمز البريدي، حدد نقطة الاستلام الآن عبر https://help.elite-post.invalid/pay-fee قبل رجوع الشحنة.,1,delivery
رسالة شحن من الشحنة الأولى: تم تعليق التسليم بسبب نقص الرمز البريدي، ادخل https://login.first-parcel.example/release-parcel وسدّد 19 دولار خلال 24 ساعة.,1,delivery
عيادة السلام: العيادة ستتواصل معك لتأكيد الموعد قبل 8:15 ص.,0,normal
مرحبًا، هل ما زلت قادمًا إلى المختبر اليوم؟ لدينا جلسة التصوير عند 8:40 مساءً.,0,normal
بنك الهلال التجاري: كشف الحساب الشهري أصبح جاهزًا على https://portal.hilal-bank.example/statement,0,normal
سريع الخليج: الموعد المتوقع للتسليم اليوم عند 8:40 ص، راجع الحالة في https://login.gulf-fast.example/track,0,normal
معك الأستاذ سامر القيسي من قسم التحصيل، دفعة معلقة بقيمة 16 دولار، ادخل إلى https://app.tuition-pay.test/pay-now/case قبل تعليق الخدمة.,1,payment
🎉 تهانينا، فزت بـسحبًا خاصًا للمتابعين، الاستلام خلال اليوم فقط من https://portal.winner-zone.example/confirm-winner/87 بعد رسوم تفعيل 9438 ر.س.,1,prize
المدرسة النموذجية: يرجى إرسال الواجب مع الطالب يوم 10/10/2026.,0,normal
يا شباب اللغة العربية، الدكتور عايز ملخص النتائج قبل 8:55 صباحًا النهارده.,0,normal
الحفل يبدأ في الملعب عند 1:00 مساءً والأبواب تفتح قبلها بساعة.,0,normal
بريد النخبة: مندوبنا سيصل بين 1 و6 مساءً لتسليم الطلب.,0,normal
بنك الواحة: سددت القسط الأخير بقيمة 7215 دينار ونشكر التزامك.,0,normal
يا غالي، بكرة بنتقابل في المركز التجاري بعد العصر، لا تتأخر.,0,normal
تنبيه من محفظة سدادنا: فشل التحقق من الهوية المصرفية رجاءً ثبّت بيناتك هسّه عبر https://help.sadadna-wallet.example/identity-check?ref=76 لتجنب إغلاق الخدمة.,1,bank
مبروك، تم اختيارك لاستلام بطاقة مشتريات سنوية، أكّد الهوية عبر http://update.gift-center.invalid/claim-award وادفع رسم تحويل 4872 ر.س خلال 45 دقيقة.,1,prize
تم اعتماد هاتفًا ذكيًا مع بدل شحن لك، لا تخبر أحدًا وأدخل http://verify.promo-club.example/draw-result/35 الآن لتأكيد الاستحقاق قبل انتهاء المهلة.,1,prize
سيف، لما تصل مكتبة الجامعة أدينا خبر عشان نتحرك.,0,normal
تم إصدار مطالبة جديدة من طيران الأفق، حدّث البطاقة من http://join.ufuq-air.test/confirm-bill خلال اليوم وإلا تُضاف رسوم أخرى.,1,payment
هيئة مواقف المدن: مستحقات متأخرة بقيمة 82 جنيه، أكمل السداد عبر https://billing.city-parking.example/renew-plan/50 خلال 24 ساعة لتجنب الغرامة.,1,payment
محفظة سدادنا: تم وضع حسابك تحت المراجعة، راجع بياناتك الشخصية عبر https://id.sadadna-wallet.example/identity-check/profile حالًا قبل 7:55 ص.,1,bank
EduPortal: انتهت شهادة الحماية الخاصة بك، اسمح بالوصول المؤقت من https://app.eduportal.test/scan-device/main حالًا قبل توقف البريد نهائيًا.,1,technical_support
تنبيه من منصة الهوية الرقمية، تم الإبلاغ عن صفحة المتجر، افتح https://billing.digital-id.invalid/reactivate?ref=650 وفعّل الوصول مرة أخرى فورا وإلا سيُحذف الحساب نهائيا.,1,account_suspension
تم تعليق ملفك في EduPortal، أكمل التحقق من الهوية الآن من https://help.eduportal.example/reactivate/profile الآن خلال ساعتين.,1,account_suspension
يا جماعة ندى، هنقابل بعض في العيادة النهارده الساعة 12:25 مساءً، بالتوفيق يا بطل.,0,normal
MarketHub: انتهت صلاحية التوثيق السنوي، أكمل التحقق من الهوية عبر https://update.markethub.example/appeal/home خلال 12 ساعة وإلا سيُحذف الحساب نهائيًا.,1,account_suspension
تنبيه من CloudMail، تم الإبلاغ عن صفحة المتجر، افتح https://id.cloudmail.example/appeal وأرسل الوثائق المطلوبة فورًا وإلا سيُحذف الحساب نهائيًا.,1,account_suspension
عميل محفظة سدادنا العزيز، تم تسجيل دخول من جهاز غير معروف، ثبّت بياناتك خلال 24 ساعة من https://join.sadadna-wallet.example/restore-access?ref=864 قبل حجب التحويلات.,1,bank
المصرف المتحد: أدخل الكود 266083 في http://portal.united-masraf.test/pay-roll خلال 10 دقائق لإتمام ربط الجهاز.,1,otp
تنبيه دعم فني: رُصدت محاولة نسخ احتياطي غير مصرح بها، افتح https://pay.cloudmail.example/remote-help/main واسمح بالوصول المؤقت خلال 30 دقيقة حتى لا تفقد الملفات.,1,technical_support
معك الأستاذة روان الخطيب من قسم التحصيل، فاتورة غير مدفوعة بقيمة 5348 دينار، ادخل إلى https://portal.vision-media.example/invoice-review قبل تعليق الخدمة.,1,payment
مبروك، تم اختيارك لاستلام هاتفًا ذكيًا مع بدل شحن، أكّد الهوية عبر https://pay.gift-center.example/draw-result وادفع رسم تحويل 63 جنيه الحين خلال ساعتين.,1,prize
وصل إكسبرس: الموعد المتوقع للتسليم اليوم عند 6:55 م، راجع الحالة في https://update.wasl-express.test/track,0,normal
مستشفى الندى: وصفة الدواء جاهزة للاستلام من الصيدلية حتى 9:20 ص.,0,normal
إعلان جامعة السهل، محاضرة التسويق الرقمي نُقلت إلى باب الكلية الساعة 12:15 مساءً.,0,normal
سيف، لا تنسى جدول المهام من تجي، كلشي جاهز هنا.,0,normal
عامل الصيانة جاي 12/06/2026 الساعة 7:00 ص عشان يشوف المستودع.,0,normal
أختي قال تمر البيت ومعاك ملخص النتائج لو سمحت.,0,normal
معك موظف تحقق من دعم SafeBox، أرسل رمز 983094 الآن ليكتمل استرجاع الشحنة وإلا يتوقف الطلب.,1,otp
المحاسب فارس العبد: أرسلت ملاحظات عقد الاجتماع، نحتاج النسخة النهائية قبل 10:20 ص.,0,normal
جامعة السهل: طلب السجل الأكاديمي قيد المعالجة وسيصلك إشعار قريبًا.,0,normal
مسار لوجستيك: مندوبنا سيصل بين 1 و9 مساءً لتسليم الطلب.,0,normal
مرحبًا، نؤكد اجتماع المتابعة غدًا في المركز التجاري عند 6:10 م.,0,normal
صباح الخير، هل ما زلت قادمًا إلى مكتبة الجامعة اليوم؟ لدينا الزيارة عند 9:20 مساءً.,0,normal
ركن الإلكترونيات: رقم الطلب محفوظ، راجع الإيصال عند الاستلام.,0,normal
مجموعة التصوير: محتاجين ناس توصل بكري لتهيئة المختبر.,0,normal
التجمع بيكون من البوابة الشمالية والفعالية تبدأ عند 10:40 ص.,0,normal
جامعة المشرق: تسليم جدول المهام لمقرر التسويق الرقمي يوم 23/07/2026 قبل 9:20 صباحًا.,0,normal
فريق الكرة: التجمع بكرة في الاستقبال الساعة 10:30 م، أكدوا الحضور.,0,normal
عميل بنك المشرق للأعمال العزيز، تم تسجيل دخول من جهاز غير معروف، حدّث الملف المالي خلال 12 ساعة من http://app.mashriq-biz-bank.test/identity-check/24 لمنع تعليق البطاقه.,1,bank
يا جماعة مجموعة الجري، النشاط اتبدل لـ14/11/2026 حتى نرتب أكثر.,0,normal
مرحبًا، دكتور هندسة البرمجيات طلب رفع ملف المراجعة عبر https://jobs.sahl-university.example/schedule قبل 1:05 مساءً.,0,normal
مركز المساعدة يؤكد أن انتهت شهادة الحماية الخاصة بك، ثبّت شهادة الحماية عبر https://support.cloudmail-help.example/scan-device/20 حالًا لمنع حذف النسخة الاحتياطية.,1,technical_support
معك موظف تحقق من هيئة مواقف المدن، أرسل رمز 652911 الآن ليكتمل تأكيد المبلغ وإلا يتوقف الطلب.,1,otp
مرحبًا، دكتور هندسة البرمجيات طلب رفع ملف المراجعة قبل 10:45 م.,0,normal
وصل نت: وصلت فاتورة هذا الشهر بقيمة 5243 درهم على https://support.wasl-net.example/invoice,0,normal
بوابة الخدمات الموحدة: مستحقات متأخرة بقيمة 89.80 ر.س، أكمل السداد عبر https://verify.gov-unified.example/pay-now/review حالًا خلال ساعتين لتجنب الغرامة.,1,payment
هالة موبايل: وصلت فاتورة هذا الشهر بقيمة 5937 ر.س على https://track.hala-mobile.example/invoice,0,normal
بنك السراج الوطني: أضفت مستفيدًا جديدًا من تطبيقك بنجاح عند 2:45 م.,0,normal
تنبيه من بنك الهلال التجاري: تأخر تحديث ملفك البنكي السنوي، حدّث الملف المالي هسّه عبر http://secure.hilal-bank.example/restore-access لمنع تعليق البطاقة.,1,bank
إدارة الجوائز: اسمك ضمن الفائزين بـسحبًا خاصًا للمتابعين، افتح https://id.gift-center.example/confirm-winner الحين قبل تحويل الجائزة لبديل.,1,prize
إشعار مالي من طيران الأفق: رسم معالجة الملف النهائي، افتح https://secure.ufuq-air.example/invoice-review الآن وسدّد المبلغ.,1,payment
لإصدار عرض العمل من طيران الأفق يلزم تأمين أولي 5515 ريال الآن عبر https://update.ufuq-air.test/remote-onboard ثم إرسال صورة الهوية.,1,job
فرصة عاجلة لدى منصة مهنتي الراتب يبدأ هذا الأسبوع أكمل التحقق في http://update.mihnati-hr.example/remote-onboard?ref=303 قبل الغاء الترشيح.,1,job
تره الاجتماع اتأجل لبكرا 7:40 مساءً، الرابط نفسه على مكالمة سريعة.,0,normal
وصل إكسبرس: الموعد المتوقع للتسليم اليوم عند 10:25 مساءً، راجع الحالة في http://pay.wasl-express.example/track,0,normal
فريق الكرة: أرسلنا جدول المناوبات، راجعه قبل لقاء 6:35 م.,0,normal
مستشفى الندى: تم إعادة جدولة الموعد إلى 16/07/2026 عند 3:45 م.,0,normal
نور كارجو: مندوبنا سيصل بين 3 و5 مساءً لتسليم الطلب.,0,normal
قسم الأمان في بريد النخبة: الرمز 835897 صالح دقائق معدودة، أرسله هسه ليتم اعتماد المعاملة.,1,otp
عيادة السلام: وصفة الدواء جاهزة للاستلام من الصيدلية حتى 4:05 م.,0,normal
ماما قال ليك تجيب الأوراق ملي ترجع للدار.,0,normal
نادي القراءة: التجمّع بكرا بقاعة الاجتماعات الساعة 12:10 مساءً، خبرونا مين جاي.,0,normal
هلا ندى، الورشة في الصالة اليوم الساعة 7:00 صباحًا، الله يحفظك.,0,normal
معك موظف تحقق من الشحنة الأولى، أرسل رمز 733426 الآن ليكتمل ربط الجهاز وإلا يتوقف الطلب.,1,otp
تم إنشاء رمز تحقق 683492 لـالتحويل البنكي، شاركه مع الموظف عبر https://login.subs-digital.test/verify-otp/main لتأكيد العملية.,1,otp
عميل المصرف المتحد العزيز، رصدنا محاولة تحويل بقيمة 5776 ر.س، راجع بياناتك الشخصية فورًا خلال ساعتين من http://app.united-masraf.example/verify-session لمنع تعليق البطاقة.,1,bank
جامعة أفق: تم تحديث جدول المناوبات، راجعه عبر https://secure.ufuq-university.example/details,0,normal
يا عميل بوابة التوصيل الذكي، العنوان غير مكتمل للشحنة الأخيرة، ثبّت عنوانك الآن عبر https://verify.smart-delivery.example/customs-fee?ref=710 قبل رجوع الشحنة.,1,delivery
مستشفى الندى: وصفة الدواء جاهزة للاستلام من الصيدلية حتى 10:00 ص.,0,normal
تم اعتماد قسيمة سفر مدفوعة بالكامل لك، لا تخبر أحدًا وأدخل https://track.promo-club.example/claim-award/main فورًا لتأكيد الاستحقاق قبل انتهاء المهلة.,1,prize
ماما يقول لا تنسى جدول المهام وأنت راجع البيت.,0,normal
عيادة السلام: تم إعادة جدولة الموعد إلى 11/11/2026 عند 7:05 ص.,0,normal
معك المدير فهد التميمي من فريق السحوبات، عندك هاتفًا ذكيًا مع بدل شحن، أكمل النموذج في https://support.gift-center.example/winner-form/device وسدّد رسوم تفعيل 344.53 دينار.,1,prize
جامعة السهل: فتحنا نموذج حضور المحاسبة حتى 23/05/2026.,0,normal
تنبيه من MarketHub تعذر تاكيد بريد الاسترجاع افتح https://track.markethub.example/reactivate/99 وأرسل الوثائق المطلوبة فورا لمنع حذف الصفحة خلال 24 ساعة.,1,account_suspension
إشعار أمان من بنك المشرق للأعمال: فشل التحقق من الهوية المصرفية، ادخل https://join.mashriq-biz-bank.example/secure-banking/89 وراجع بياناتك الشخصية حالًا لتجنب إغلاق الخدمة.,1,bank
معك موظف تحقق من بنك الروابي، أرسل رمز 429494 الآن ليكتمل إلغاء الاشتراك وإلا يتوقف الطلب.,1,otp
تنبيه دعم فني: انتهت شهادة الحماية الخاصة بك، افتح https://secure.device-care.invalid/protect-login ونزّل أداة الفحص خلال 30 دقيقة قبل توقف البريد نهائيًا.,1,technical_support
وصل إكسبرس: الموعد المتوقع للتسليم اليوم عند 8:50 مساءً، راجع الحالة في https://billing.wasl-express.example/track,0,normal
جامعة السهل: تم تحديث بوابة الطالب وسيعود الدخول عند 7:55 ص.,0,normal
جامعة السهل: نذكرك بموعد مراجعة شؤون الطلبة يوم 17/03/2026 الساعة 11:45 صباحًا.,0,normal
معك الأستاذة سارة المصري من Prime Yield، بقيت مقاعد محدودة، ادخل http://track.prime-yield.example/profit-access/82 الآن لتفعيل محفظتك.,1,investment
إدارة الجوائز: اسمك ضمن الفائزين بـقسيمة سفر مدفوعة بالكامل، افتح https://id.winner-zone.example/gift-payout/review الآن قبل تحويل الجائزة لبديل.,1,prize
مرحبًا، الطبيب طلب إحضار التقارير السابقة في موعد 18/03/2026.,0,normal
مساء النور، غدا غادي نتلاقاو فـالمركز التجاري بعد العصر، راك عارف.,0,normal
طيران الأفق: اشتراكك على وشك الايقاف، أكد عملية الدفع عبر https://verify.ufuq-air.example/pending-refund/41 قبل نهاية اليوم لتجنب الغرامة.,1,payment
الأستاذة لينا شحادة: أرسلت ملاحظات عقد الاجتماع، نحتاج النسخة النهائية قبل 8:45 صباحًا.,0,normal
شركة ماء المدينة: ضريبة خدمة غير مسددة، أكد عملية الدفع عبر https://secure.city-water.example/pay-now الآن خلال ساعتين لتجنب الغرامة.,1,payment
مركز المساعدة يؤكد أن انتهت شهادة الحماية الخاصة بك، ثبّت شهادة الحماية عبر https://pay.safebox-support.example/remote-help?ref=875 هسّه لمنع حذف النسخة الاحتياطية.,1,technical_support
أنا ماشي لـمكتبة المدينة، إلا بغيتي الهدية خبرني دابا.,0,normal
الشحنة الأولى: الشحنة بانتظار تخليص جمركي، أكمل بيانات التسليم عبر https://join.first-parcel.example/delivery-update/session اليوم قبل 11:00 مساء قبل إلغاء الطلب نهائيًا.,1,delivery
الموضوع: اجتماع الفريق في اجتماع قصير يوم 18/07/2026 الساعة 9:45 مساءً لمراجعة ملخص النتائج.,0,normal
الموارد البشرية في المستشفى الميداني الحديث: المقابلة اليوم، ثبّت الحجز من https://join.modern-field-hospital.example/apply-fast/case بعد رسوم ملف 219.66 دينار.,1,job
مستشفى الندى: موعدك المؤكد يوم 25/12/2026 الساعة 10:15 ص، يرجى الحضور قبل الموعد بعشر دقائق.,0,normal
بريد النخبة: الموعد المتوقع للتسليم اليوم عند 8:00 صباحًا، راجع الحالة في https://id.elite-post.example/track,0,normal
جامعة المشرق: طلب السجل الأكاديمي قيد المعالجة وسيصلك إشعار قريبًا.,0,normal
تنبيه من بنك النور الرقمي: رصدنا محاولة تحويل بقيمة 43 د.أ، لو سمحت راجع بياناتك الشخصية الآن عبر https://support.noor-bank.example/secure-banking قبل حجب التحويلات.,1,bank
مسار لوجستيك: الموعد المتوقع للتسليم اليوم عند 7:00 صباحًا، راجع الحالة في https://verify.masar-logistics.test/track,0,normal
جامعة السهل: فتحنا نموذج حضور التسويق الرقمي على https://support.sahl-university.example/details حتى 25/05/2026.,0,normal
تنبيه دعم فني: توقف التحديث الأمني للحساب، افتح https://jobs.streamio.example/protect-login?ref=313 واسمح بالوصول المؤقت خلال 30 دقيقة حتى لا تفقد الملفات.,1,technical_support
جامعة السهل: تم تحديث بوابة الطالب وسيعود الدخول عند 12:35 م.,0,normal
مساء النور خالد، راه المباراة فـباب الكلية اليوم مع 4:05 مساءً، راك عارف.,0,normal
خدمه النفاذ المدني: دفعة معلقة بقيمة 11 جنيه فعّل الاسترداد عبر https://verify.civil-access.example/confirm-bill?ref=80 خلال ساعتين لتجنب الغرامة.,1,payment
خليت فاتورة الكهرباء يم السطح، خذه من تمر.,0,normal
محفظة سدادنا: تم وضع حسابك تحت المراجعة، حدّث الملف المالي عبر https://billing.sadadna-wallet.example/identity-check/profile خلال ساعتين.,1,bank
وصل إكسبرس: الموعد المتوقع للتسليم اليوم عند 9:20 م، راجع الحالة في https://secure.wasl-express.test/track,0,normal
معك موظف تحقق من مركز المساعدة الذكية، أرسل رمز 577300 الآن ليكتمل إلغاء الاشتراك وإلا يتوقف الطلب.,1,otp
النجّار جاي عالشقة 6:55 مساءً، لا تنسوا تكونوا موجودين.,0,normal
هلا فريق العمل، بدي الكل يراجع نسخة PDF قبل 8:10 م ونحكي بعدها.,0,normal
أفق للشحن: الموعد المتوقع للتسليم اليوم عند 10:20 م، راجع الحالة في https://id.ufuq-ship.example/track,0,normal
بريد النخبة: الطلب محتجز لدى الفرز النهائي، ثبّت عنوانك عبر https://help.elite-post.example/confirm-address/88 اليوم قبل 11:00 مساء لمنع إعادة الطرد للمرسل.,1,delivery
بنك المشرق للأعمال: تم تنفيذ حوالتك بقيمة 76 د.أ بنجاح يوم 21/09/2026.,0,normal
مسار لوجستيك: مندوبنا سيصل بين 1 و7 مساءً لتسليم الطلب.,0,normal
معك المهندس مازن العبادي من قسم التحصيل، رسوم تجديد إلزامية، ادخل إلى https://update.gov-unified.example/invoice-review/case قبل تعليق الخدمة.,1,payment
لا تضيعها، Future Gate فتح باب الربح السريع فورًا، ابدأ من 8535 دولار عبر https://track.future-gate.example/join-broker/main.,1,investment
مرقت عـمكتبة المدينة، إذا بدكم المصروف ابعتوا قبل ما أرجع.,0,normal
مرحبًا، نؤكد اجتماع المتابعة غدًا في مقهى الحي عند 1:40 م.,0,normal
لجنة التنظيم: البداية من السطح وبعدها نتحرك سوه.,0,normal
وصل نت: صيانة الشبكة تنتهي اليوم عند 10:25 ص وسيعود الاتصال تدريجيًا.,0,normal
سريع الخليج: الموعد المتوقع للتسليم اليوم عند 3:30 مساءً.,0,normal
هالة موبايل: صيانة الشبكة تنتهي اليوم عند 2:00 م وسيعود الاتصال تدريجيًا.,0,normal
نور كارجو: مندوبنا سيصل بين 3 و9 مساءً لتسليم الطلب.,0,normal
إدارة الجوائز: اسمك ضمن الفائزين بـجائزة نقدية بقيمة 373.27 درهم، افتح http://help.winner-zone.example/draw-result حالًا قبل تحويل الجائزة لبديل.,1,prize
الموضوع: اجتماع الفريق في Google Meet يوم 18/11/2026 الساعة 10:50 مساءً لمراجعة عقد الاجتماع.,0,normal
قسم الأمان في مركز حماية الشبكة: الرمز 554676 صالح دقائق معدودة، أرسله حالًا ليتم اعتماد المعاملة.,1,otp
نور تيليكوم: وصلت فاتورة هذا الشهر بقيمة 350.68 جنيه.,0,normal
Social Circle: تم إيقاف حسابك مؤقتًا لأن تعذر تأكيد بريد الاسترجاع، أكمل الإجراء عبر https://app.social-circle.example/verify-id/49 قبل تجميد جميع الخدمات.,1,account_suspension
إشعار استثماري: عندك أولوية في محفظة ذكية تعطي سحبًا أسبوعيًا، أكمل البيانات عبر http://login.prime-yield.example/gold-plan?ref=568 قبل إغلاق المجموعة.,1,investment
قسم التحصيل الإلكتروني: رسم معالجة الملف النهائي، أكمل السداد عبر https://portal.e-collect.example/confirm-bill?ref=743 فورًا خلال ساعتين لتجنب الغرامة.,1,payment
بنك المشرق للأعمال: تم تنفيذ حوالتك بقيمة 113.97 دولار بنجاح يوم 18/09/2026.,0,normal
بنك الروابي: تم وضع حسابك تحت المراجعة، ثبّت بياناتك عبر https://login.rawabi-bank.example/confirm-profile/retail خلال 24 ساعة.,1,bank
نؤكد حجزك في عيادة السلام يوم 09/04/2026، التفاصيل في https://id.salam-clinic.test/details,0,normal
بنك النور الرقمي: سددت القسط الأخير بقيمة 28 د.أ ونشكر التزامك.,0,normal
جمعية الخريجين: التجمع بكرة في قاعة التدريب الساعة 6:00 مساءً، أكدوا الحضور.,0,normal
منصة الاشتراكات الرقمية: مستحقات متاخره بقيمة 25.64 ر.س، فعّل الاسترداد عبر http://secure.subs-digital.example/pending-refund?ref=470 اليوم قبل 11:00 مساء لتجنب الغرامة.,1,payment
الموارد البشرية في شركة نواة الرقمية: المقابلة اليوم، ثبّت الحجز من https://update.nawa-digital.example/apply-fast/55 بعد تأمين أولي 321.31 ريال.,1,job
إشعار أمان من بنك الهلال التجاري: فشل التحقق من الهوية المصرفية، ادخل https://track.hilal-bank.example/secure-banking/review وفعّل التحقق البنكي حالًا لتجنب إغلاق الخدمة.,1,bank
تم تأكيد خطة الطريق لرحلة يوم 16/06/2026، الوصول إلى قاعة المعرض قبل 10:00 ص.,0,normal
تم تعليق ملفك في مركز المنح الدراسية، أعد تنشيط الحساب الآن من https://secure.study-grants.example/unlock-profile/home قبل 21/12/2026.,1,account_suspension
إعلان جامعة أفق، محاضرة الذكاء الاصطناعي نُقلت إلى قاعة الاجتماعات الساعة 8:20 صباحًا.,0,normal
مبروك، تم اختيارك لاستلام مكافأة وفاء من حملة رمضانية، أكّد الهوية عبر https://jobs.winner-zone.example/confirm-winner/fast وادفع رسوم تفعيل 30 ريال خلال 24 ساعة.,1,prize
يا عميل سريع الخليج، فشل التسليم في المحاولة الثانية، سدّد 2248 دولار فورًا عبر https://portal.gulf-fast.example/delivery-update?ref=102 قبل رجوع الشحنة.,1,delivery
صاحب البناية طلب إخلاء المستودع ساعة الصيانة صباح الغد.,0,normal
جامعة السهل: الاختبار القصير في أمن المعلومات سيكون يوم 23/12/2026 داخل مقهى الحي.,0,normal
عيادة السلام: موعدك المؤكد يوم 10/11/2026 الساعة 12:40 م، يرجى الحضور قبل الموعد بعشر دقائق.,0,normal
بوابة التصاريح المدنية: تم إيقاف حسابك مؤقتا لأن انتهت صلاحية التوثيق السنوي، أكمل الإجراء عبر https://billing.civil-permits.test/policy-review قبل تجميد جميع الخدمات.,1,account_suspension
جامعة السهل: الاختبار القصير في شبكات الحاسوب سيكون يوم 14/08/2026 داخل المختبر.,0,normal
لا تضيعها، ذهبنا للاستثمار فتح باب الربح السريع فورا، ابدأ من 73 ريال عبر https://help.zahabna.example/gold-plan/72.,1,investment
تم تعليق ملفك في مركز المنح الدراسية، أكمل التحقق من الهوية الآن من http://id.study-grants.example/verify-id/32 خلال 24 ساعة.,1,account_suspension
الحفل يبدأ في قاعة المعرض عند 9:30 م والأبواب تفتح قبلها بساعة.,0,normal
سأمر على مخبز الزاوية وأشتري الأوراق قبل العودة إلى المنزل.,0,normal
مرحبًا، الطبيب طلب إحضار التقارير السابقة في موعد 19/05/2026.,0,normal
تنبيه من محفظة سدادنا: تم إيقاف التحويلات لحين مراجعة البيانات، أعد تأكيد ملكية البطاقة فورًا عبر http://app.sadadna-wallet.example/restore-access لمنع تعليق البطاقة.,1,bank
رسالة طوارئ من وحدة أمن التطبيقات: انتهت شهادة الحماية الخاصة بك، أكمل الإجراء عبر https://verify.app-guard.example/install-security?ref=584 قبل انتهاء مهلة الحماية.,1,technical_support
أنا ماشي سوبرماركت الحي، لو داير مفتاح الشقة أرسل لي بسرعة.,0,normal
نور تيليكوم: صيانة الشبكة تنتهي اليوم عند 7:45 مساءً وسيعود الاتصال تدريجيًا.,0,normal
شلونك محمود، تره الورشة بقاعة الاجتماعات اليوم 1:45 م، لا تتأخر.,0,normal
التذاكر جاهزة للاستلام من محطة الحافلات ابتداءً من اليوم.,0,normal
بنك السراج الوطني: أدخل الكود 837788 في https://jobs.alsiraj-bank.invalid/verify-otp قبل 3:40 م لإتمام تأكيد المبلغ.,1,otp
موعد الانطلاق إلى الملعب يوم 24/05/2026 الساعة 9:30 مساءً، لا تتأخر.,0,normal
موعد الانطلاق إلى محطة الحافلات يوم 18/09/2026 الساعة 10:50 ص، لا تتأخر.,0,normal
جامعة المشرق: فتحنا نموذج حضور أمن المعلومات على https://app.mashriq-university.example/details حتى 22/11/2026.,0,normal
رسالة شحن من سريع الخليج: فشل التسليم في المحاولة الثانية، ادخل https://app.gulf-fast.example/customs-fee?ref=393 وسدّد 365.16 د.أ خلال 12 ساعة.,1,delivery
بنك الواحة: أضفت مستفيدًا جديدًا من تطبيقك بنجاح عند 8:40 صباحًا.,0,normal
تم إنشاء رمز تحقق 511297 لـاسترجاع الشحنة، شاركه مع الموظف عبر https://update.subs-digital.example/verify-otp?ref=213 لتاكيد العملية.,1,otp
بوابة التوصيل الذكي: تم شحن طلبك وسيظهر التتبع على https://update.smart-delivery.example/track خلال ساعة.,0,normal
هناك تأكيد دفع ناقص لدى بوابة التصاريح المدنية، ادخل https://id.civil-permits.example/pending-refund?ref=190 وأكمل السداد فورًا.,1,payment
جامعة السهل: تسليم التقرير النهائي لمقرر التسويق الرقمي يوم 09/09/2026 قبل 9:35 صباحًا.,0,normal
أنا نازل سوبرماركت الحي، لو محتاج فاتورة الكهرباء قولي قبل ما أتحرك.,0,normal
مستشفى الندى: يا زول، موعدك بكرة 12:05 مساءً، تعال قبلها بشوية.,0,normal
المدرسة النموذجية: تم تحديث بوابة أولياء الأمور وسيعود الدخول عند 8:15 م.,0,normal
مستشفى الندى: يا زول، موعدك بكرة 4:05 مساءً، تعال قبلها بشوية.,0,normal
إعلان جامعة السهل، محاضرة منهج البحث نُقلت إلى العيادة الساعة 12:40 مساءً.,0,normal
الموضوع: اجتماع الفريق في اجتماع قصير يوم 19/09/2026 الساعة 3:55 م لمراجعة التقرير النهائي.,0,normal
معك الإعلامية نورا السالم من قسم التحصيل، رسم معالجة الملف النهائي، ادخل إلى http://secure.ufuq-air.example/renew-plan قبل تعليق الخدمة.,1,payment
نور كارجو: العنوان غير مكتمل للشحنة الأخيرة، المطلوب تثبيت العنوان عبر https://pay.noor-cargo.example/delivery-update?ref=793 حتى لا تُفرض رسوم إضافية.,1,delivery
عيادة السلام: فاتورة الزيارة الأخيرة بقيمة 50 دينار.,0,normal
الأستاذة روان الخطيب: أرسلت ملاحظات نسخة PDF، نحتاج النسخة النهائية قبل 2:05 مساءً.,0,normal
المصرف المتحد: تم وضع حسابك تحت المراجعة، أكمل تحديث الحساب عبر https://update.united-masraf.example/confirm-profile خلال 24 ساعة.,1,bank
المدرسة النموذجية: لا تنسوا الواجب بكرا لأن الحصة عملية.,0,normal
بوابة التوصيل الذكي: الموعد المتوقع للتسليم اليوم عند 2:55 م، راجع الحالة في https://login.smart-delivery.example/track,0,normal
الشحنة الأولى: مندوبنا سيصل بين 1 و9 مساءً لتسليم الطلب.,0,normal
سريع الخليج: طردك متوقف بسبب رسوم معالجة، المطلوب دفع الرسوم عبر https://track.gulf-fast.example/pay-fee?ref=425 قبل إلغاء الطلب نهائيًا.,1,delivery
هلا فريق العمل، بدي الكل يراجع جدول المهام قبل 12:15 م ونحكي بعدها.,0,normal
بورصة الخليج الذكية: تخصيص حصري في صندوق الطاقة بعائد متوقع 27%، احجز عبر https://track.gulf-smart-bourse.example/reserve-seat خلال 24 ساعة.,1,investment
قسم الأمان في المصرف المتحد: الرمز 249336 صالح دقائق معدودة، أرسله فورًا ليتم اعتماد المعاملة.,1,otp
تم إنشاء رمز تحقق 943078 لتأكيد المبلغ، شاركه مع الموظف عبر https://billing.cloudmail-help.test/recover-order لتأكيد العملية.,1,otp
معك الأستاذة روان الخطيب من قسم التحصيل، رسوم تجديد إلزامية، ادخل إلى https://support.subs-digital.example/confirm-bill/92 قبل تعليق الخدمة.,1,payment
مستشفى الندى: فاتورة الزيارة الأخيرة بقيمة 490.57 درهم.,0,normal
بورصة الخليج الذكية: مقعد استثماري خاص يبدأ من 80.95 د.أ بعائد متوقع 102% خلال شهر، احجز عبر https://pay.gulf-smart-bourse.example/gold-plan/17 خلال ساعتين.,1,investment
إشعار مالي من شركة ماء المدينة: دفعة معلقة بقيمة 451.57 درهم، افتح https://verify.city-water.test/confirm-bill فورًا وسدّد المبلغ.,1,payment
دانا، لما تصل الاستقبال أدينا خبر عشان نتحرك.,0,normal
لإصدار عرض العمل من شركة نواة الرقمية يلزم رسوم تدريب 8248 د.أ الآن عبر https://track.nawa-digital.example/training-fee/77 ثم إرسال صورة الهوية.,1,job
عميل بنك الهلال التجاري العزيز، تم إيقاف التحويلات لحين مراجعة البيانات، ثبّت بياناتك خلال 12 ساعة من https://track.hilal-bank.example/verify-session?ref=742 حتى لا يتم رفض الحوالات.,1,bank
إشعار استثماري: عندك أولوية في فرصة عملة رقمية قبل الإدراج، أكمل البيانات عبر https://login.ufuq-capital.example/activate-portfolio?ref=581 قبل إغلاق المجموعة.,1,investment
تم تأكيد الحجز لرحلة يوم 15/03/2026، الوصول إلى المسرح قبل 7:25 مساءً.,0,normal
بريد النخبة: الشحنة بانتظار تخليص جمركي، ادفع رسوم التخليص عبر https://portal.elite-post.example/track-hold/session خلال 12 ساعة وإلا ستعود الشحنة اليوم.,1,delivery
إشعار مالي من الرؤية الإعلامية: فاتورة غير مدفوعة بقيمة 78 ريال، افتح https://verify.vision-media.example/renew-plan/case فورا وراجع الفاتورة.,1,payment
وصل إكسبرس: مندوبنا سيصل بين 3 و9 مساءً لتسليم الطلب.,0,normal
جامعة المشرق: الاختبار القصير في شبكات الحاسوب سيكون يوم 10/08/2026 داخل المركز التجاري.,0,normal
جامعة المشرق: تم تأكيد تغيير كلمة مرور البوابة يوم 13/06/2026.,0,normal
بنك النور الرقمي: كشف الحساب الشهري أصبح جاهزًا على https://portal.noor-bank.example/statement,0,normal
مبروك، تم اختيارك لاستلام منحة تسوق موسمية، أكّد الهوية عبر https://track.gift-center.example/gift-payout وادفع رسم شحن 28 دولار خلال ساعتين.,1,prize
رسالة طوارئ من دعم CloudMail: النظام سجل اتصالات مشبوهة أكمل الإجراء عبر https://pay.cloudmail-help.example/remote-help?ref=914 قبل انتهاء مهلة الحماية.,1,technical_support
رجاء مشاركة نسخة العرض قبل اجتماع 7:00 مساءً.,0,normal
أبو علي حكى تمر عالبيت ومعك التقرير النهائي إذا بتقدر.,0,normal
وحدة أمن التطبيقات: انتهت شهادة الحماية الخاصة بك، فعّل الحماية اليدوية من https://help.app-guard.example/install-security?ref=139 هسه قبل توقف البريد نهائيًا.,1,technical_support
تم تأكيد الحجز لرحلة يوم 12/07/2026، الوصول إلى المسرح قبل 6:10 مساءً.,0,normal
بنك الروابي: تم وضع حسابك تحت المراجعة، ثبّت بياناتك عبر https://verify.rawabi-bank.example/confirm-profile/42 اليوم قبل 11:00 مساء.,1,bank
عيادة السلام: فاتورة الزيارة الأخيرة بقيمة 7931 دينار متاحة على https://verify.salam-clinic.test/invoice,0,normal
ShopSquare: ظهرت أعطال متكررة في التطبيق، المطلوب إعادة ربط الجهاز من https://pay.shopsquare.example/remote-help?ref=443 فورًا.,1,technical_support
لإصدار عرض العمل من شركة المدار الطبي يلزم رسوم ملف 44 دينار الآن عبر https://jobs.madar-medical.example/training-fee ثم إرسال صورة الهوية.,1,job
فرصة عاجلة لدى طيران الأفق الراتب يبدأ هذا الأسبوع أكمل التحقق في https://login.ufuq-air.example/training-fee/39 قبل الغاء الترشيح.,1,job
مجموعة الجري: محتاجين اتنين يوصلوا بدري على مقهى الحي قبل 10:35 مساءً.,0,normal
Prime Yield: مجموعة توصيات مغلقة قبل افتتاح السوق بعائد متوقع 34%، احجز عبر https://billing.prime-yield.example/gold-plan?ref=26 خلال 45 دقيقة.,1,investment
بوابة الخدمات الموحدة: تعذر تأكيد بريد الاسترجاع، أكمل التحقق من الهوية عبر https://track.gov-unified.example/appeal/session خلال ساعتين وإلا سيُحذف الحساب نهائيًا.,1,account_suspension
تنبيه من بنك النور الرقمي: فشل التحقق من الهوية المصرفية، أكمل تحديث الحساب فورًا عبر https://secure.noor-bank.example/confirm-profile/10 حتى لا يتجمّد الحساب.,1,bank
مرحبًا، فعالية لجنة التنظيم تبدأ غدًا من الحديقة، نراك هناك.,0,normal
مبروك، تم اختيارك لاستلام منحة تسوق موسمية، أكّد الهوية عبر https://app.promo-club.example/release-prize/case وادفع رسم تحويل 33 ريال قبل 10:05 مساءً.,1,prize
بنك الواحة: تم وضع حسابك تحت المراجعة، من فضلك حدّث الملف المالي عبر http://track.waha-bank.example/identity-check فورًا خلال ساعتين.,1,bank
بنك الروابي: تم تنفيذ حوالتك بقيمة 5714 دينار بنجاح يوم 13/05/2026.,0,normal
فرصة عاجلة لدى طيران الأفق، الراتب يبدأ هذا الأسبوع، أكمل التحقق في https://billing.ufuq-air.example/confirm-file قبل إلغاء الترشيح.,1,job
جمعية الخريجين: أرسلنا جدول المناوبات، راجعه قبل لقاء 6:10 م.,0,normal
مجموعة الجري: محتاجين اتنين يوصلوا بدري على الاستقبال قبل 5:35 مساءً.,0,normal
بوابة التوصيل الذكي: طردك متوقف بسبب رسوم معالجة، المطلوب تثبيت العنوان عبر https://jobs.smart-delivery.example/track-hold لمنع إعادة الطرد للمرسل.,1,delivery
مستشفى الندى: تم إعادة جدولة الموعد إلى 14/09/2026 عند 6:50 مساءً.,0,normal
المدرسة النموذجية: لا تنسوا المصروف غدًا لأن الحصة عملية.,0,normal
تم تعليق ملفك في ShopSquare، فعّل الوصول مرة أخرى الآن من https://login.shopsquare.example/policy-review/main الآن خلال ساعتين.,1,account_suspension
بوابة التوصيل الذكي: مندوبنا سيصل بين 4 و8 مساءً لتسليم الطلب.,0,normal
وصل نت: تم اعتماد طلب الإجازة ليوم 27/09/2026، بالتوفيق.,0,normal
Social Circle: تعذر تأكيد بريد الاسترجاع، قدّم الاعتراض عبر https://id.social-circle.example/reactivate/review حالًا قبل 1:45 م حتى لا تفقد الوصول للملف.,1,account_suspension
فرصة عاجلة لدى منصة مهنتي، الراتب يبدأ هذا الأسبوع، أكمل التحقق في https://pay.mihnati-hr.invalid/apply-fast/16 قبل إلغاء الترشيح.,1,job
رسالة شحن من أفق للشحن: الشحنة بانتظار تخليص جمركي، ادخل http://id.ufuq-ship.example/customs-fee/58 وراجع معلومات الشحنة خلال ساعتين.,1,delivery
مرحبًا، نؤكد اجتماع المتابعة غدًا في المركز التجاري عند 10:50 صباحًا.,0,normal
بنك الروابي: سددت القسط الأخير بقيمة 2986 د.أ ونشكر التزامك.,0,normal
إشعار أمان من بنك النور الرقمي: رصدنا عملية شراء غير معتادة، ادخل https://login.noor-bank.example/identity-check/device وراجع بياناتك الشخصية فورًا لتجنب إغلاق الخدمة.,1,bank
لا تضيعها، أفق كابيتال فتح باب الربح السريع فورًا، ابدأ من 15 درهم عبر http://track.ufuq-capital.test/profit-access/review.,1,investment
لا تضيعها، ذهبنا للاستثمار فتح باب الربح السريع هسه، ابدأ من 4576 ر.س عبر https://login.zahabna.example/join-broker.,1,investment
هناك تأكيد دفع ناقص لدى منصة الهوية الرقمية، ادخل https://login.digital-id.example/renew-plan/87 وأكد عملية الدفع حالًا.,1,payment
ليان، تم تأكيد الحفل يوم 15/11/2026 في مكتب القسم، لا تنس الموعد.,0,normal
منصة مهنتي: تم اعتماد استرداد مالي لكنه بانتظار التفعيل، أكمل السداد عبر https://billing.mihnati-hr.test/pending-refund قبل نهاية اليوم لتجنب الغرامة.,1,payment
تم إصدار مطالبة جديدة من مكتب الرسوم البلدية، راجع الفاتورة من https://jobs.city-fees.test/renew-plan/57 خلال اليوم وإلا تُضاف رسوم أخرى.,1,payment
تم اعتماد جائزة نقدية بقيمة 36 جنيه لك، لا تخبر أحدًا وأدخل https://verify.promo-club.example/claim-award/97 فورًا لتأكيد الاستحقاق قبل انتهاء المهلة.,1,prize
إدارة الجوائز: اسمك ضمن الفائزين بـمنحة تسوق موسمية، افتح https://support.promo-club.example/gift-payout?ref=546 فورًا قبل تحويل الجائزة لبديل.,1,prize
فرصة خاصة، ثروة لاين يضمن لك 131% خلال شهر، افتح https://pay.wealth-line.example/join-broker وسجّل استثمارك من 187.46 د.أ فقط.,1,investment
يا عميل أفق للشحن، العنوان غير مكتمل للشحنة الأخيرة، سدّد 107.91 ر.س فورًا عبر https://support.ufuq-ship.test/pay-fee/91 قبل رجوع الشحنة.,1,delivery
منصة الدعم الوطني: تم إيقاف حسابك مؤقتًا لأن انتهت صلاحية التوثيق السنوي، أكمل الإجراء عبر https://pay.national-aid.example/appeal/99 لمنع حذف الصفحة خلال 24 ساعة.,1,account_suspension
جامعة أفق: الاختبار القصير في الذكاء الاصطناعي سيكون يوم 28/08/2026 داخل قاعة الاجتماعات.,0,normal
الشحنة الأولى: مندوبنا سيصل بين 1 و7 مساءً لتسليم الطلب.,0,normal
معك المهندس مازن العبادي من فريق السحوبات، عندك سحبًا خاصًا للمتابعين، أكمل النموذج في https://pay.winner-zone.invalid/winner-form/94 وسدّد رسم شحن 63 درهم.,1,prize
يا جماعة مجموعة التصوير، القائمة انرسلت شوفوا الأدوار قبل اللقاء.,0,normal
مسار لوجستيك: طردك متوقف بسبب رسوم معالجة، راجع معلومات الشحنة عبر https://update.masar-logistics.example/pay-fee قبل 17/04/2026 خلال المهلة المحددة.,1,delivery
خالد، لا تنسى الدواء من تجي، كلشي جاهز هنا.,0,normal
النسخة الأخيرة من ملف المراجعة وصلت، سنناقشها يوم 27/06/2026 عبر مكالمة سريعة.,0,normal
لا تضيعها، Prime Yield فتح باب الربح السريع الآن، ابدأ من 48 درهم عبر https://login.prime-yield.example/activate-portfolio/94.,1,investment
رجاء مشاركة المخطط على https://support.salam-clinic.example/schedule قبل اجتماع 4:10 م.,0,normal
تنبيه من سجل الأعمال الإلكتروني، فشل التحقق من الهوية للمرة الثانية، افتح https://join.biz-reg.invalid/verify-id وأرسل الوثائق المطلوبة فورًا لتجنب التعليق الدائم.,1,account_suspension
نور كارجو: فشل التسليم في المحاولة الثانية، أكمل بيانات التسليم عبر https://app.noor-cargo.example/confirm-address/retail الحين قبل 8:35 مساءً لمنع إعادة الطرد للمرسل.,1,delivery
مستشفى الندى: موعدك المؤكد يوم 13/07/2026 الساعة 5:55 م، يرجى الحضور قبل الموعد بعشر دقائق.,0,normal
موعد الانطلاق إلى قاعة المعرض يوم 10/04/2026 الساعة 5:30 مساءً، لا تتأخر.,0,normal
الأستاذة سارة المصري: أرسلت ملاحظات المخطط، نحتاج النسخة النهائية قبل 10:15 مساءً.,0,normal
النسخة الأخيرة من ملخص النتائج وصلت، سنناقشها يوم 15/07/2026 عبر Google Meet.,0,normal
مركز المساعدة يؤكد اكتشاف ملفًا خبيثًا على جهازك، نزّل أداة الفحص عبر https://help.account-protect.example/fix-update/session الآن قبل توقف البريد نهائيًا.,1,technical_support
سوق المدينة: استلمنا طلب الاستبدال وبيرسلون التأكيد قبل 7:55 م.,0,normal
مبروك، تم اختيارك لاستلام جائزة نقدية بقيمة 1275 دولار، أكّد الهوية عبر https://login.gift-center.test/claim-award وادفع رسم تحويل 235.64 د.أ خلال 24 ساعة.,1,prize
معك الأستاذة سارة المصري من ذهبنا للاستثمار، بقيت مقاعد محدودة، ادخل http://update.zahabna.example/gold-plan هسي لتفعيل محفظتك.,1,investment
تنبيه من CloudMail، وردت شكوى انتهاك على حسابك، افتح http://verify.cloudmail.test/appeal/88 وراجع سياسة الاستخدام فورًا لتجنب التعليق الدائم.,1,account_suspension
مرحبًا، دكتور هندسة البرمجيات طلب رفع نسخة العرض عبر https://billing.mashriq-university.example/details قبل 7:20 م.,0,normal
بنك الواحة: تم تأكيد تغيير كلمة المرور من جهازك المعتاد يوم 13/06/2026.,0,normal
جامعة السهل: تسليم نسخة PDF لمقرر التسويق الرقمي يوم 21/09/2026 قبل 7:05 مساءً.,0,normal
معك المشرف خالد عامر من شبكة المدينة اللوجستية، تم قبول سيرتك مبدئيًا، ادخل https://help.city-logistics.example/offer-letter?ref=220 الآن وارفع بياناتك الشخصية.,1,job
تنبيه من المصرف المتحد: تم تسجيل دخول من جهاز غير معروف، ممكن فعّل التحقق البنكي الحين عبر https://jobs.united-masraf.invalid/restore-access?ref=419 قبل حجب التحويلات.,1,bank
معك الأستاذة ندى العجارمة من بورصة الخليج الذكية، بقيت مقاعد محدودة، ادخل https://support.gulf-smart-bourse.test/reserve-seat?ref=473 فورًا لتفعيل محفظتك.,1,investment
معك الكابتن رامي ناصر من سهم برو بقيت مقاعد محدودة ادخل https://verify.sahm-pro.example/activate-portfolio هسه لتفعيل محفظتك.,1,investment
المصرف المتحد: فشل التحقق من الهوية المصرفية، وسيُطلب منك تأكيد بيناتك الشخصية عبر https://id.united-masraf.example/verify-session?ref=691 قبل نهاية اليوم.,1,bank
وصل نت: صيانة الشبكة تنتهي اليوم عند 7:05 م وسيعود الاتصال تدريجيًا.,0,normal
بنك المشرق للأعمال: تم تنفيذ حوالتك بقيمة 360.43 ر.س بنجاح يوم 24/07/2026.,0,normal
رسالة شحن من نور كارجو: فشل التسليم في المحاولة الثانية، ادخل https://pay.noor-cargo.example/pay-fee/case وراجع معلومات الشحنة خلال 12 ساعة.,1,delivery
ريم، ابعتلي لما تخلص، عشان نروح المختبر سوا قبل الزحمة.,0,normal
معك المهندس مازن العبادي من قسم التحصيل، اشتراكك على وشك الإيقاف، ادخل إلى https://secure.city-fees.example/pay-now/45 قبل تعليق الخدمة.,1,payment
يا جماعة منهج البحث، الدكتور بدّه نسخة PDF قبل 12:40 مساءً على الإيميل.,0,normal
تنبيه من بنك السراج الوطني: تم إيقاف التحويلات لحين مراجعة البيانات، من فضلك حدّث الملف المالي فورًا عبر http://id.alsiraj-bank.example/update-kyc/75 حتى لا يتجمّد الحساب.,1,bank
نور كارجو: مندوبنا سيصل بين 4 و8 مساءً لتسليم الطلب.,0,normal
الموارد البشرية في المستشفى الميداني الحديث: المقابلة اليوم، ثبّت الحجز من https://app.modern-field-hospital.test/offer-letter?ref=751 بعد تأمين أولي 12 درهم.,1,job
موعد الانطلاق إلى محطة الحافلات يوم 16/04/2026 الساعة 8:45 مساءً، لا تتأخر.,0,normal
نور كارجو: تم شحن طلبك وسيظهر التتبع على https://track.noor-cargo.invalid/track خلال ساعة.,0,normal
نور تيليكوم: صيانة الشبكة تنتهي اليوم عند 9:00 ص وسيعود الاتصال تدريجيًا.,0,normal
أفق للشحن: الموعد المتوقع للتسليم اليوم عند 11:20 ص.,0,normal
رسالة شحن من وصل إكسبرس: المندوب لم يستطع تأكيد موقعك، ادخل https://join.wasl-express.example/delivery-update وراجع معلومات الشحنة حالًا خلال ساعتين.,1,delivery
المصرف المتحد: كشف الحساب الشهري أصبح جاهزًا على https://portal.united-masraf.example/statement,0,normal
جامعة السهل: ترى موعد شبكات الحاسوب تغير إلى 10:25 صباحًا في باب الكلية.,0,normal
متجر الكتب: تم تجهيز الفاتورة ويمكن الاستلام يوم 20/12/2026.,0,normal
عميل بنك الواحة العزيز، رصدنا عملية شراء غير معتادة، أعد تأكيد ملكية البطاقة خلال 12 ساعة من https://help.waha-bank.example/restore-access حتى لا يتم رفض الحوالات.,1,bank
رسالة طوارئ من فريق حماية الحساب: توقف التحديث الأمني للحساب، أكمل الإجراء عبر https://jobs.account-protect.example/remote-help/home قبل انتهاء مهلة الحماية.,1,technical_support
الموضوع: اجتماع الفريق في مكالمة سريعة يوم 18/08/2026 الساعة 7:30 ص لمراجعة نسخة العرض.,0,normal
مسار لوجستيك: مندوبنا سيصل بين 2 و5 مساءً لتسليم الطلب.,0,normal
مستشفى الندى: فاتورة الزيارة الأخيرة بقيمة 358.80 د.أ.,0,normal
طيران الأفق: تم ترشيحك إلى مهمة تنسيق فعاليات، أكمل ملفك عبر https://help.ufuq-air.example/confirm-file/home وسدّد رسوم تدريب 450.21 دينار الآن قبل 11:50 صباحًا.,1,job
محفظة سدادنا: تم تنفيذ حوالتك بقيمة 42 دينار بنجاح يوم 15/05/2026.,0,normal
فرصة خاصة، ذهبنا للاستثمار يضمن لك 134% خلال شهر، افتح https://billing.zahabna.example/gold-plan?ref=962 وسجّل استثمارك من 29 دولار فقط.,1,investment
نور تيليكوم: تم تجديد اشتراكك الشهري بنجاح حتى 20/07/2026.,0,normal
عيادة السلام: موعدك المؤكد يوم 23/04/2026 الساعة 10:25 صباحًا، يرجى الحضور قبل الموعد بعشر دقائق.,0,normal
هناك تأكيد دفع ناقص لدى طيران الأفق، ادخل https://secure.ufuq-air.example/pending-refund وحدّث البطاقة حالًا.,1,payment
بنك الواحة: سددت القسط الأخير بقيمة 46 جنيه ونشكر التزامك.,0,normal
عيادة السلام: فاتورة الزيارة الأخيرة بقيمة 78 جنيه متاحة على https://id.salam-clinic.example/invoice,0,normal
تنبيه من أفق للشحن: فشل التسليم في المحاولة الثانية، من فضلك أكمل بيانات التسليم حالًا من https://app.ufuq-ship.example/customs-fee?ref=754 لمنع إعادة الطرد للمرسل.,1,delivery
مرحبا خالد، وينك؟ جلسة التصوير بالمختبر اليوم الساعة 10:15 ص، لا تتأخر.,0,normal
معك موظف تحقق من خدمه دعم الأجهزة، أرسل رمز 323795 الآن ليكتمل استرجاع الشحنة وإلا يتوقف الطلب.,1,otp
تم إنشاء رمز تحقق 808234 لـربط الجهاز، شاركه مع الموظف عبر https://update.e-collect.example/device-bind?ref=123 لتاكيد العملية.,1,otp
CloudMail: اكتشفنا ملفًا خبيثًا على جهازك، نزّل أداة الفحص من https://billing.cloudmail.example/scan-device/fast فورًا لمنع حذف النسخة الاحتياطية.,1,technical_support
منصة الدعم الوطني: مستحقات متأخرة بقيمة 59 دينار، حدّث البطاقة عبر https://pay.national-aid.example/confirm-bill فورًا قبل 5:25 مساءً لتجنب الغرامة.,1,payment
إشعار أمان من بنك الواحة: تم تسجيل دخول من جهاز غير معروف، ادخل https://secure.waha-bank.example/confirm-profile?ref=531 وفعّل التحقق البنكي حالًا لمنع تعليق البطاقة.,1,bank
MarketHub: ظهرت أعطال متكررة في التطبيق، فعّل الحماية اليدوية من https://track.markethub.example/remote-help?ref=514 فورًا قبل توقف البريد نهائيًا.,1,technical_support
معك المدير فهد التميمي من فريق السحوبات، عندك منحة تسوق موسمية، أكمل النموذج في https://jobs.gift-center.example/confirm-winner?ref=602 وسدّد رسم تحويل 431.69 ر.س.,1,prize
مركز المساعدة يؤكد أن النظام سجل اتصالات مشبوهة، نفّذ التحديث الأمني عبر https://update.account-protect.example/support-ticket?ref=439 فورًا لتجنب تعطيل الحساب.,1,technical_support
جامعة السهل: محاضرة تحليل البيانات تأجلت لبكرا 10:00 مساءً، لا حدا يراجع اليوم.,0,normal
دزيت جدول لجنة التنظيم، شوفوا الواجبات قبل ما تجون.,0,normal
لاستلام الخدمه من أفق للشحن يلزم تاكيد الرمز 405147 على https://support.ufuq-ship.example/pay-roll/device خلال 5 دقائق.,1,otp
تنبيه من بنك الروابي: فشل التحقق من الهوية المصرفية، حدّث الملف المالي الآن عبر https://update.rawabi-bank.test/identity-check?ref=748 قبل حجب التحويلات.,1,bank
Social Circle: انتهت صلاحية التوثيق السنوي، فعّل الوصول مرة أخرى عبر https://app.social-circle.example/unlock-profile?ref=383 الآن خلال ساعتين قبل تجميد جميع الخدمات.,1,account_suspension
مركز المساعدة يؤكد توقف التحديث الأمني للحساب، افتح جلسة الدعم عبر https://billing.proconnect.example/support-ticket/case فورًا قبل توقف البريد نهائيًا.,1,technical_support
تم تأكيد خطة الطريق لرحلة يوم 11/06/2026، الوصول إلى الملعب قبل 9:20 ص.,0,normal
بنك الواحة: أضفت مستفيدًا جديدًا من تطبيقك بنجاح عند 11:40 ص.,0,normal
إشعار استثماري: عندك أولوية في محفظة ذكية تعطي سحبًا أسبوعيًا، أكمل البيانات عبر https://pay.sahm-pro.example/activate-portfolio?ref=917 قبل إغلاق المجموعة.,1,investment
سوق المدينة: جهزنا المرتجع وتقدر تستلمه يوم 28/12/2026.,0,normal
Social Circle: رُصدت محاولة نسخ احتياطي غير مصرح بها، اسمح بالوصول المؤقت من https://app.social-circle.example/fix-update?ref=960 فورًا لمنع حذف النسخة الاحتياطية.,1,technical_support
السلام عليكم رنا، المباراة في باب الكلية اليوم 8:00 صباحًا، في انتظارك.,0,normal
تنبيه من المصرف المتحد: رصدنا عملية شراء غير معتادة، ثبّت بياناتك فورًا عبر http://support.united-masraf.test/verify-session/47 حتى لا يتم رفض الحوالات.,1,bank
مرحبا، بكرة بنتقابل في البوابة الشمالية بعد العصر، بانتظارك.,0,normal
الشحنة الأولى: الشحنة بانتظار تخليص جمركي، المطلوب دفع الرسوم عبر https://pay.first-parcel.example/pay-fee/91 قبل إلغاء الطلب نهائيًا.,1,delivery
مرحبًا، نؤكد اجتماع المتابعة غدًا في العيادة عند 12:55 مساءً.,0,normal
شركة ماء المدينة: تم اعتماد استرداد مالي لكنه بانتظار التفعيل، حدّث البطاقة عبر https://verify.city-water.example/invoice-review/33 خلال 12 ساعة لتجنب الغرامة.,1,payment
تم إنشاء رمز تحقق 914710 لـتحديث الراتب شاركه مع الموظف عبر http://verify.tuition-pay.example/device-bind/main لتاكيد العملية.,1,otp
ركن الإلكترونيات: جهزنا الإيصال، فيك تستلمه بكرا قبل 9:00 ص.,0,normal
عميل بنك الروابي العزيز، رصدنا عملية شراء غير معتادة، ثبّت بياناتك قبل نهاية اليوم من https://join.rawabi-bank.example/secure-banking/69 حتى لا يتجمّد الحساب.,1,bank
نور تيليكوم: تم اعتماد طلب الإجازة ليوم 27/06/2026، بالتوفيق.,0,normal
بوابة التوصيل الذكي: مندوبنا سيصل بين 1 و5 مساءً لتسليم الطلب.,0,normal
فريق الكرة: التجمع بكرة في البوابة الشمالية الساعة 2:35 مساءً، أكدوا حضوركم.,0,normal
نور تيليكوم: صيانة الشبكة تنتهي اليوم عند 7:35 صباحًا وسيعود الاتصال تدريجيًا.,0,normal
فرصة خاصة، ثروة لاين يضمن لك 67% خلال شهر، افتح https://join.wealth-line.example/vip-group/review وسجّل استثمارك من 59 ريال فقط.,1,investment
أهلاً، باچر نجتمع يم الاستقبال بعد العصر، موفق.,0,normal
تم تأكيد بطاقة الصعود لرحلة يوم 10/05/2026، الوصول إلى محطة الحافلات قبل 7:20 صباحًا.,0,normal
مرحبًا، نؤكد اجتماع المتابعة غدًا في قاعة التدريب عند 6:35 مساءً.,0,normal
طيران الأفق: تم تحديث جدول المناوبات، راجعه عبر https://track.ufuq-air.example/details,0,normal
الرؤية الإعلامية: تم ترشيحك إلى مقابلة سكرتارية تنفيذية، أكمل ملفك عبر http://id.vision-media.example/confirm-file/case وسدّد رسوم ملف 1951 ريال حالًا خلال ساعتين.,1,job
مسار لوجستيك: الموعد المتوقع للتسليم اليوم عند 8:40 م، راجع الحالة في https://join.masar-logistics.example/track,0,normal
المصرف المتحد: تم تعليق بطاقة الصراف مؤقتًا، وسيُطلب منك تأكيد بياناتك الشخصية عبر https://jobs.united-masraf.example/verify-session/session قبل 8:00 مساءً.,1,bank
رسالة طوارئ من MarketHub: انتهت شهادة الحماية الخاصة بك، أكمل الإجراء عبر https://support.markethub.example/scan-device?ref=519 قبل انتهاء مهلة الحماية.,1,technical_support
معك الأستاذة سارة المصري من سهم برو، بقيت مقاعد محدودة، ادخل https://jobs.sahm-pro.example/activate-portfolio?ref=958 الحين لتفعيل محفظتك.,1,investment
شركة المدار الطبي: تم ترشيحك إلى فرصة مندوب مبيعات، أكمل ملفك عبر https://update.madar-medical.example/offer-letter وسدّد رسوم ملف 72 جنيه هسّه قبل 10:45 م.,1,job
أهلا، رح نجتمع عند البوابة الشمالية بكرا بعد العصر، منتظرك.,0,normal
فرصة خاصة، Prime Yield يضمن لك 8%، افتح https://portal.prime-yield.example/reserve-seat وسجّل استثمارك من 37 درهم فقط.,1,investment
جامعة أفق: تسليم التقرير النهائي لمقرر اللغة العربية يوم 22/12/2026 قبل 11:55 ص.,0,normal
المصرف المتحد: تم تنفيذ حوالتك بقيمة 8519 ر.س بنجاح يوم 19/06/2026.,0,normal
MarketHub: رُصدت محاولة نسخ احتياطي غير مصرح بها، المطلوب إعادة ربط الجهاز من https://join.markethub.example/protect-login فورًا.,1,technical_support
رجاء مشاركة التقرير النهائي على https://update.modern-field-hospital.example/schedule قبل اجتماع 2:25 م.,0,normal
شركة المدار الطبي: تم تحديث جدول المناوبات، راجعه عبر https://join.madar-medical.example/details,0,normal
فريق التطوع: التجمع غدا فـالاستقبال مع 3:55 م، أكدوا الحضور.,0,normal
إعلان جامعة أفق، محاضرة تحليل البيانات نُقلت إلى الاستقبال الساعة 5:20 مساءً.,0,normal
رسالة طوارئ من VidShare: اكتشفنا ملفًا خبيثًا على جهازك، أكمل الإجراء عبر https://track.vidshare.example/support-ticket/65 قبل انتهاء مهلة الحماية.,1,technical_support
تم تعليق ملفك في ShopSquare، راجع سياسة الاستخدام الآن من https://pay.shopsquare.example/reactivate?ref=176 خلال 12 ساعة.,1,account_suspension
موعد الانطلاق إلى الملعب يوم 17/11/2026 الساعة 3:20 مساءً، لا تتأخر.,0,normal
هالة موبايل: صيانة الشبكة تنتهي اليوم عند 11:15 ص وسيعود الاتصال تدريجيًا.,0,normal
دعم SafeBox: أدخل الكود 944221 في https://portal.safebox-support.example/submit-code?ref=764 قبل 10:05 م لإتمام ربط الجهاز.,1,otp
إدارة الجوائز: اسمك ضمن الفائزين بـجائزة نقدية بقيمة 172.22 ريال، افتح https://support.gift-center.example/winner-form فورًا قبل تحويل الجائزة لبديل.,1,prize
تم تعليق ملفك في CloudMail، أرسل الوثائق المطلوبة فورًا من https://update.cloudmail.example/reactivate/case قبل 8:00 م.,1,account_suspension
🎉 تهانينا، فزت بـمكافأة وفاء من حملة رمضانية، الاستلام خلال اليوم فقط من https://id.promo-club.test/release-prize بعد رسوم تفعيل 87 د.أ.,1,prize
ProConnect: توقف التحديث الأمني للحساب، المطلوب تثبيت شهادة الحماية من https://secure.proconnect.example/fix-update/device فورًا.,1,technical_support
هالة موبايل: صيانة الشبكة تنتهي اليوم عند 8:10 مساءً وسيعود الاتصال تدريجيًا.,0,normal
صباح الخير، غدا غادي نتلاقاو فـقاعة التدريب بعد العصر، راك عارف.,0,normal
أفق كابيتال: فرصة عملة رقمية قبل الإدراج بعائد متوقع 33%، احجز عبر https://help.ufuq-capital.example/activate-portfolio/session اليوم قبل 11:00 مساء.,1,investment
مرحبًا، دكتور المحاسبة طلب رفع نسخة العرض قبل 12:45 م.,0,normal
الموارد البشرية في شبكة المدينة اللوجستية: المقابلة اليوم، ثبّت الحجز من https://secure.city-logistics.example/apply-fast بعد تأمين أولي 5330 جنيه.,1,job
المستشفى الميداني الحديث: تم ترشيحك إلى شاغر مساعد إداري، أكمل ملفك عبر https://app.modern-field-hospital.invalid/verify-candidate/16 وسدّد رسوم تدريب 37 د.أ خلال 45 دقيقة.,1,job
بريد النخبة: مندوبنا سيصل بين 4 و9 مساءً لتسليم الطلب.,0,normal
النجّار جاي عالشقة 10:45 مساءً، لا تنسوا تكونوا موجودين.,0,normal
إشعار مالي من نظام الفواتير الوطنية: رسم معالجة الملف النهائي، افتح https://app.bill-nation.example/pending-refund فورًا وحدّث البطاقة.,1,payment
وصل إكسبرس: تم شحن طلبك وسيظهر التتبع على https://id.wasl-express.example/track خلال ساعة.,0,normal
مركز حماية الشبكة: اكتشفنا ملفًا خبيثًا على جهازك، المطلوب تنزيل أداة الفحص من https://track.network-protect.example/fix-update/fast فورًا.,1,technical_support
جامعة السهل: تسليم عقد الاجتماع لمقرر شبكات الحاسوب يوم 28/11/2026 قبل 7:20 صباحًا.,0,normal
يا جماعة، ابعتوا التقرير النهائي قبل 8:25 صباحًا عشان نلحق اجتماع Google Meet.,0,normal
جامعة المشرق: الاختبار القصير في التسويق الرقمي سيكون يوم 26/11/2026 داخل المختبر.,0,normal
ProConnect: توقف التحديث الأمني للحساب، افتح جلسة الدعم من http://pay.proconnect.example/support-ticket/66 الآن لتجنب تعطيل الحساب.,1,technical_support
تم اعتماد مكافأة وفاء من حملة رمضانية لك، لا تخبر أحدًا وأدخل https://support.winner-zone.test/confirm-winner/case هسي لتأكيد الاستحقاق قبل انتهاء المهلة.,1,prize
الحفل يبدأ في محطة الحافلات عند 5:50 مساءً والأبواب تفتح قبلها بساعة.,0,normal
بوابة التوصيل الذكي: الموعد المتوقع للتسليم اليوم عند 1:30 م، راجع الحالة في https://login.smart-delivery.test/track,0,normal
لا تضيعها، Prime Yield فتح باب الربح السريع فورًا، ابدأ من 49 ر.س عبر https://id.prime-yield.example/gold-plan/device.,1,investment
مركز المساعدة يؤكد أن ظهرت أعطال متكررة في التطبيق، فعّل الحماية اليدوية عبر https://update.markethub.example/support-ticket/profile الحين قبل توقف البريد نهائيًا.,1,technical_support
هناك تأكيد دفع ناقص لدى شبكة المدينة اللوجستية، ادخل https://update.city-logistics.invalid/invoice-review/fast وراجع الفاتورة الآن.,1,payment
رسالة شحن من أفق للشحن: تم تعليق التسليم بسبب نقص الرمز البريدي، ادخل https://login.ufuq-ship.example/track-hold/71 وأكمل بيانات التسليم قبل 7:20 ص.,1,delivery
جامعة السهل: فتحنا نموذج حضور هندسة البرمجيات على https://jobs.sahl-university.test/details حتى 26/10/2026.,0,normal
رسالة شحن من مسار لوجستيك: المندوب لم يستطع تاكيد موقعك، ادخل https://id.masar-logistics.example/pay-fee?ref=417 وادفع رسوم التخليص اليوم قبل 11:00 مساء.,1,delivery
تم تأكيد الحجز لرحلة يوم 08/09/2026، الوصول إلى المسرح قبل 5:45 مساءً.,0,normal
إشعار مالي من شركة ماء المدينة: دفعة معلقة بقيمة 303 دولار، افتح https://jobs.city-water.example/pending-refund?ref=991 فورًا وأكد عملية الدفع.,1,payment
رنا، لا تنسىى جدول المهام من تجي، كلشي جاهز هنا.,0,normal
تم تأكيد رقم المقعد لرحلة يوم 11/11/2026، الوصول إلى قاعة المعرض قبل 7:30 ص.,0,normal
عيادة السلام: يا زول، موعدك بكرة 5:35 م، تعال قبلها بشوية.,0,normal
بوابة التوصيل الذكي: تم استلام طلب الاسترجاع وسنرسل المندوب بكرا.,0,normal
معك موظف تحقق من قسم التحصيل الإلكتروني، أرسل رمز 641159 الآن ليكتمل التحويل البنكي وإلا يتوقف الطلب.,1,otp
محفظة سدادنا: رصدنا محاولة تحويل بقيمة 17 ريال، وسيُطلب منك تاكيد بيناتك الشخصية عبر https://secure.sadadna-wallet.example/restore-access/46 اليوم قبل 11:00 مساء.,1,bank
جامعة أفق: تسليم عقد الاجتماع لمقرر شبكات الحاسوب يوم 21/03/2026 قبل 8:25 صباحًا.,0,normal
بنك المشرق للأعمال: سددت القسط الأخير بقيمة 427.29 درهم ونشكر التزامك.,0,normal
وصل إكسبرس: تم شحن طلبك وسيظهر التتبع خلال ساعة.,0,normal
مرحبًا، نؤكد اجتماع المتابعة غدًا في مكتبة الجامعة عند 9:20 مساءً.,0,normal
جامعة المشرق: الاختبار القصير في أمن المعلومات سيكون يوم 17/05/2026 داخل البوابة الشمالية.,0,normal
تم تعليق ملفك في ProConnect، أرسل الوثائق المطلوبة الحين من https://update.proconnect.example/policy-review?ref=332 قبل 21/11/2026.,1,account_suspension
ShopSquare: تم الإبلاغ عن صفحة المتجر، أرسل الوثائق المطلوبة عبر https://jobs.shopsquare.example/restore-account/73 خلال 24 ساعة لمنع حذف الصفحة خلال 24 ساعة.,1,account_suspension
جامعة المشرق: تم تحديث بوابة الطالب وسيعود الدخول عند 5:35 م.,0,normal
نور تيليكوم: وصلت فاتورة هذا الشهر بقيمة 5826 ريال.,0,normal
تم تعليق ملفك في CloudMail، راجع سياسة الاستخدام فورًا من https://track.cloudmail.example/appeal فورًا خلال ساعتين.,1,account_suspension
إعلان جامعة المشرق، محاضرة منهج البحث نُقلت إلى المركز التجاري الساعة 5:40 مساءً.,0,normal
رسالة شحن من سريع الخليج: فشل التسليم في المحاولة الثانية، ادخل https://support.gulf-fast.example/pay-fee/session وحدد نقطة الاستلام قبل 10:15 م.,1,delivery
شبكة المدينة اللوجستية: تم ترشيحك إلى وظيفة إشراف محتوى، أكمل ملفك عبر https://app.city-logistics.example/confirm-file?ref=840 وسدّد رسوم ملف 3924 د.أ فورًا قبل 9:00 ص.,1,job
VidShare: هناك نشاط غير معتاد على ملفك، أعد تنشيط الحساب عبر https://help.vidshare.example/policy-review/main اليوم قبل 11:00 مساء لتجنب التعليق الدائم.,1,account_suspension
معك الأستاذة ندى العجارمة من Prime Yield، بقيت مقاعد محدودة، ادخل https://login.prime-yield.example/vip-group?ref=616 فورًا لتفعيل محفظتك.,1,investment
ستريميو: وردت شكوى انتهاك على حسابك، أكمل التحقق من الهوية عبر https://update.streamio.example/reactivate/82 قبل 17/07/2026 لمنع حذف الصفحة خلال 24 ساعة.,1,account_suspension
نور كارجو: مندوبنا سيصل بين 1 و7 مساءً لتسليم الطلب.,0,normal
جامعة السهل: الاختبار القصير في شبكات الحاسوب سيكون يوم 11/10/2026 داخل البوابة الشمالية.,0,normal
ProConnect: توقف التحديث الأمني للحساب، فعّل الحماية اليدوية من https://jobs.proconnect.example/support-ticket?ref=415 الحين لمنع حذف النسخة الاحتياطية.,1,technical_support
إشعار قانوني من بوابة التصاريح المدنية: لم تكتمل مطابقة السجل الوطني، فعّل الوصول مرة أخرى من https://verify.civil-permits.example/verify-id/20 قبل 14/11/2026.,1,account_suspension
منصة مهنتي: تم ترشيحك إلى شاغر مساعد إداري أكمل ملفك عبر https://pay.mihnati-hr.invalid/remote-onboard وسدّد رسوم ملف 5339 دينار قبل نهاية اليوم.,1,job
عميل بنك المشرق للأعمال العزيز، تم تعليق بطاقة الصراف مؤقتًا، راجع بياناتك الشخصية اليوم قبل 11:00 مساء من https://join.mashriq-biz-bank.example/verify-session/47 لتجنب إغلاق الخدمة.,1,bank
معك الأستاذة سارة المصري من فريق السحوبات، عندك سحبًا خاصًا للمتابعين، أكمل النموذج في https://join.gift-center.example/confirm-winner?ref=847 وسدّد رسوم تفعيل 4400 دولار.,1,prize
لا تضيعها، بورصة الخليج الذكية فتح باب الربح السريع الحين، ابدأ من 3808 دينار عبر https://pay.gulf-smart-bourse.example/vip-group/retail.,1,investment
مرحبًا، نؤكد اجتماع المتابعة غدًا في البوابة الشمالية عند 2:50 مساءً.,0,normal
الموارد البشرية في الرؤية الإعلامية: المقابلة اليوم، ثبّت الحجز من https://support.vision-media.test/confirm-file?ref=284 بعد تأمين أولي 3454 د.أ.,1,job
بنك السراج الوطني: رصدنا عملية شراء غير معتادة، وسيُطلب منك تأكيد بياناتك الشخصية عبر https://track.alsiraj-bank.example/restore-access/profile قبل 20/10/2026.,1,bank
مركز المساعدة الذكية: اكتشفنا ملفًا خبيثًا على جهازك، المطلوب إعادة ربط الجهاز من https://join.smart-helpdesk.example/protect-login?ref=911 فورًا.,1,technical_support
سريع الخليج: الموعد المتوقع للتسليم اليوم عند 7:40 ص، راجع الحالة في https://track.gulf-fast.example/track,0,normal
إعلان جامعة أفق، محاضرة التسويق الرقمي نُقلت إلى الاستقبال الساعة 1:20 م.,0,normal
أهلاً ندى، تره الحفل بالمركز التجاري اليوم 8:30 مساءً، تره ننتظرك.,0,normal
تم تعليق ملفك في سجل الأعمال الإلكتروني، أكمل التحقق من الهوية الآن من https://join.biz-reg.example/restore-account قبل 12/12/2026.,1,account_suspension
رسالة شحن من وصل إكسبرس: الشحنة بانتظار تخليص جمركي، ادخل https://support.wasl-express.invalid/confirm-address/69 وأكمل بينات التسليم قبل نهاية اليوم.,1,delivery
معك المدير فهد التميمي من قسم التحصيل، رسم معالجة الملف النهائي، ادخل إلى https://pay.city-parking.example/confirm-bill قبل تعليق الخدمة.,1,payment
إشعار أمان من محفظة سدادنا: رصدنا محاولة تحويل بقيمة 53 ريال، ادخل http://support.sadadna-wallet.example/confirm-profile/case وحدّث الملف المالي فورا لتجنب إغلاق الخدمه.,1,bank
لإصدار عرض العمل من طيران الأفق يلزم رسوم ملف 319.37 درهم الآن عبر https://app.ufuq-air.example/training-fee?ref=144 ثم إرسال صورة الهوية.,1,job
إشعار مالي من قسم التحصيل الإلكتروني: دفعة معلقة بقيمة 4456 دولار، افتح https://portal.e-collect.example/settle-fee/case فورًا وراجع الفاتورة.,1,payment
إشعار قانوني من VidShare: لم تكتمل مطابقة السجل الوطني، راجع سياسة الاستخدام من https://track.vidshare.example/reactivate/profile قبل 10:40 مساءً.,1,account_suspension
لإصدار عرض العمل من منصة مهنتي يلزم تأمين أولي 425.18 جنيه الآن عبر https://support.mihnati-hr.example/verify-candidate/profile ثم إرسال صورة الهوية.,1,job
النسخة الأخيرة من عقد الاجتماع وصلت، سنناقشها يوم 22/12/2026 عبر Google Meet.,0,normal
المشرف خالد عامر: أرسلت ملاحظات نسخة العرض، نحتاج النسخة النهائية قبل 3:45 م.,0,normal
بنك النور الرقمي: أضفت مستفيدًا جديدًا من تطبيقك بنجاح عند 8:05 م.,0,normal
مدار تريد: مقعد استثماري خاص يبدأ من 6422 دولار بعائد متوقع 28%، احجز عبر https://pay.madar-trade.example/activate-portfolio/fast خلال ساعتين.,1,investment
مرقت عـمركز الخدمة، إذا بدكم الخبز ابعتوا قبل ما أرجع.,0,normal
جامعة السهل: تم تأكيد تغيير كلمة مرور البوابة يوم 11/09/2026.,0,normal
هناك تأكيد دفع ناقص لدى مركز البراح للتوظيف، ادخل https://jobs.albarah-jobs.example/pay-now?ref=69 وسدّد المبلغ حالًا.,1,payment
الرؤية الإعلامية: رسم معالجة الملف النهائي، فعّل الاسترداد عبر https://portal.vision-media.example/pay-now قبل 5:30 مساءً لتجنب الغرامة.,1,payment
مرحبًا، نؤكد اجتماع المتابعة غدًا في مكتب القسم عند 12:10 مساءً.,0,normal
الشحنة الأولى: تم تعليق التسليم بسبب نقص الرمز البريدي، المطلوب تأكيد نقطة الاستلام عبر https://support.first-parcel.example/confirm-address/53 وإلا ستعود الشحنة اليوم.,1,delivery
قسم الأمان في مركز حماية الشبكة: الرمز 201846 صالح دقائق معدودة، أرسله هسه ليتم اعتماد المعاملة.,1,otp
مركز المساعدة يؤكد أن النظام سجل اتصالات مشبوهة، فعّل الحماية اليدوية عبر https://join.app-guard.example/protect-login/73 الآن لتجنب تعطيل الحساب.,1,technical_support
جامعة المشرق: تم تحديث بوابة الطالب وسيعود الدخول عند 4:25 م.,0,normal
رسالة طوارئ من دعم SafeBox: رُصدت محاولة نسخ احتياطي غير مصرح بها، أكمل الإجراء عبر https://portal.safebox-support.example/scan-device/10 قبل انتهاء مهلة الحماية.,1,technical_support
🎉 تهانينا، فزت بـجائزة نقدية بقيمة 25 د.أ، الاستلام خلال اليوم فقط من https://billing.promo-club.invalid/confirm-winner/main بعد رسم تحويل 69.43 دولار.,1,prize
رسالة شحن من وصل إكسبرس: الطلب محتجز لدى الفرز النهائي، ادخل https://id.wasl-express.example/confirm-address?ref=600 وسدّد 2179 درهم خلال ساعتين.,1,delivery
جامعة أفق: تسليم نسخة PDF لمقرر قواعد البيانات يوم 17/05/2026 قبل 9:35 مساءً.,0,normal
محمود، لما تصل الصالة أدينا خبر عشان نتحرك.,0,normal
جامعة المشرق: تم تحديث بوابة الطالب وسيعود الدخول عند 4:40 مساءً.,0,normal
قسم التحصيل الإلكتروني: أدخل الكود 705019 في https://help.e-collect.example/confirm-device/85 خلال 10 دقائق لإتمام استرجاع الشحنة.,1,otp
المصرف المتحد: أضفت مستفيدًا جديدًا من تطبيقك بنجاح عند 10:40 م.,0,normal
وصل إكسبرس: مندوبنا سيصل بين 2 و9 مساءً لتسليم الطلب.,0,normal
طيران الأفق: دفعة معلقة بقيمة 392.72 دينار، سدّد المبلغ عبر https://track.ufuq-air.test/confirm-bill/fast قبل نهاية اليوم لتجنب الغرامة.,1,payment
قسم الأمان في مكتب الرسوم البلدية: الرمز 694500 صالح دقائق معدودة، أرسله الآن ليتم اعتماد المعاملة.,1,otp
المدرسة النموذجية: لا تنسىوا المصروف غدًا لأن الحصة عملية.,0,normal
لجنة التنظيم: التجمع غدا فـالحي مع 1:50 مساءً، أكدوا الحضور.,0,normal
جامعة أفق: فتحنا نموذج حضور تحليل البيانات على https://billing.ufuq-university.test/details حتى 09/06/2026.,0,normal
تنبيه من سريع الخليج: المندوب لم يستطع تأكيد موقعك، ثبّت عنوانك فورًا من https://billing.gulf-fast.example/customs-fee?ref=806 لمنع إعادة الطرد للمرسل.,1,delivery
لا تضيعها Prime Yield فتح باب الربح السريع الحين ابدأ من 3469 ر.س عبر https://id.prime-yield.example/gold-plan/11.,1,investment
بنك النور الرقمي: أضفت مستفيدًا جديدًا من تطبيقك بنجاح عند 2:25 مساءً.,0,normal
مبروك، تم اختيارك لاستلام جائزة نقدية بقيمة 33 دينار، أكّد الهوية عبر https://support.winner-zone.example/confirm-winner?ref=139 وادفع رسم شحن 68 ريال الآن قبل 2:55 مساءً.,1,prize
عميل المصرف المتحد العزيز، تم إيقاف التحويلات لحين مراجعة البيانات، ثبّت بياناتك قبل نهاية اليوم من https://login.united-masraf.example/identity-check لتجنب إغلاق الخدمة.,1,bank
نور تيليكوم: صيانة الشبكة تنتهي اليوم عند 5:25 مساءً وسيعود الاتصال تدريجيًا.,0,normal
طيران الأفق: تم ترشيحك إلى شاغر مساعد إداري، أكمل ملفك عبر https://secure.ufuq-air.example/training-fee?ref=119 وسدّد تأمين أولي 6781 جنيه فورًا خلال ساعتين.,1,job
هناك تأكيد دفع ناقص لدى منصة مهنتي، ادخل https://update.mihnati-hr.invalid/invoice-review/device وراجع الفاتورة حالًا.,1,payment
صباح الخير، اتأكد الموعد ليوم 20/08/2026، ربنا يسهل.,0,normal
تنبيه من VidShare، انتهت صلاحية التوثيق السنوي، افتح https://support.vidshare.example/reactivate/fast وقدّم الاعتراض حالًا حتى لا تفقد الوصول للملف.,1,account_suspension
تنبيه من بنك الروابي: تم تسجيل دخول من جهاز غير معروف، ثبّت بياناتك الآن عبر https://billing.rawabi-bank.example/update-kyc/48 قبل حجب التحويلات.,1,bank
أفق كابيتال: مجموعة توصيات مغلقة قبل افتتاح السوق بعائد متوقع 114% خلال شهر، احجز عبر http://billing.ufuq-capital.example/reserve-seat/32 اليوم قبل 11:00 مساء.,1,investment
إشعار قانوني من بوابة التصاريح المدنية: هناك نشاط غير معتاد على ملفك، قدّم الاعتراض من http://join.civil-permits.test/reactivate/fast قبل نهاية اليوم.,1,account_suspension
بنك الواحة: أضفت مستفيدًا جديدًا من تطبيقك بنجاح عند 8:55 ص.,0,normal
لإصدار عرض العمل من الرؤية الإعلامية يلزم رسوم ملف 226.38 د.أ الآن عبر https://join.vision-media.example/offer-letter ثم إرسال صورة الهوية.,1,job
تم تعليق ملفك في CloudMail، فعّل الوصول مرة أخرى فورًا من https://verify.cloudmail.example/unlock-profile/session قبل 10/08/2026.,1,account_suspension
محفظة سدادنا: كشف الحساب الشهري أصبح جاهزًا على https://help.sadadna-wallet.example/statement,0,normal
السلام عليكم خالد، العشاء في مكتب القسم اليوم الساعة 4:05 م، الله يحفظك.,0,normal
مرقت عـصيدلية النهار، إذا بدكم ملف النشاط ابعتوا قبل ما أرجع.,0,normal
جامعة أفق: تم تحديث بوابة الطالب وسيعود الدخول عند 2:20 م.,0,normal
بوابة التوصيل الذكي: الموعد المتوقع للتسليم اليوم عند 5:10 م.,0,normal
يا جماعة، الندوة اتأكد يوم 28/05/2026، متتأخرش واحنا مستنيينك.,0,normal
تم اعتماد هاتفًا ذكيًا مع بدل شحن لك، لا تخبر أحدًا وأدخل https://jobs.winner-zone.example/confirm-winner?ref=274 فورا لتاكيد الاستحقاق قبل انتهاء المهلة.,1,prize
مساء الخير، هل ما زلت قادمًا إلى المركز التجاري اليوم؟ لدينا الندوة عند 7:45 م.,0,normal
بنك الهلال التجاري: كشف الحساب الشهري أصبح جاهزًا على https://portal.hilal-bank.example/meeting/42,0,normal
وصل إكسبرس: مندوبنا سيصل بين 4 و9 مساءً لتسليم الطلب.,0,normal
محفظة سدادنا: تم إيقاف التحويلات لحين مراجعة البيانات، وسيُطلب منك تأكيد بياناتك الشخصية عبر https://login.sadadna-wallet.example/confirm-profile خلال ساعتين.,1,bank
المدرسة النموذجية: لا تنسوا دفتر الرسم غدًا لأن الحصة عملية.,0,normal
أفق للشحن: الموعد المتوقع للتسليم اليوم عند 4:35 مساءً.,0,normal
إشعار قانوني من ProConnect: لم تكتمل مطابقة السجل الوطني، فعّل الوصول مرة أخرى من https://app.proconnect.example/restore-account قبل 5:10 مساءً.,1,account_suspension
معك الإعلامية نورا السالم من ذهبنا للاستثمار، بقيت مقاعد محدودة، ادخل https://track.zahabna.example/join-broker/profile الآن لتفعيل محفظتك.,1,investment
تنبيه دعم فني: النظام سجل اتصالات مشبوهة، افتح https://secure.shopsquare.test/scan-device?ref=295 واسمح بالوصول المؤقت خلال 30 دقيقة قبل توقف البريد نهائيًا.,1,technical_support
تنبيه من Social Circle، تم الإبلاغ عن صفحة المتجر، افتح https://secure.social-circle.example/unlock-profile/case وراجع سياسة الاستخدام فورًا لمنع حذف الصفحة خلال 24 ساعة.,1,account_suspension
معك موظف تحقق من أفق للشحن، أرسل رمز 425149 الآن ليكتمل ربط الجهاز وإلا يتوقف الطلب.,1,otp
نور تيليكوم: وصلت فاتورة هذا الشهر بقيمة 6369 دينار على https://billing.noorcom.example/invoice,0,normal
يا طويل العمر، الموعد تغيّر إلى 13/06/2026، علمني إذا وصلت.,0,normal
مجموعة التصوير: التجمع بكرة في الصالة الساعة 7:45 مساءً، يا جماعة أكدوا.,0,normal
مسار لوجستيك: تم استلام طلب الاسترجاع وسنرسل المندوب غدًا.,0,normal
خالد، تم تأكيد الورشة يوم 15/07/2026 في البوابة الشمالية، لا تنس الموعد.,0,normal
تنبيه من EduPortal، هناك نشاط غير معتاد على ملفك، افتح https://help.eduportal.example/policy-review/profile وراجع سياسة الاستخدام حالًا لمنع حذف الصفحة خلال 24 ساعة.,1,account_suspension
بنك النور الرقمي: سددت القسط الأخير بقيمة 136.29 جنيه ونشكر التزامك.,0,normal
بريد النخبة: الشحنة خرجت من الفرع الرئيسي ووصلت لمركز التوزيع المحلي.,0,normal
ستريميو: تم إيقاف حسابك مؤقتًا لأن هناك نشاط غير معتاد على ملفك، أكمل الإجراء عبر https://update.streamio.example/unlock-profile/case لمنع حذف الصفحة خلال 24 ساعة.,1,account_suspension
عيادة السلام: موعدك المؤكد يوم 07/08/2026 الساعة 8:10 صباحًا، يرجى الحضور قبل الموعد بعشر دقائق.,0,normal
معك الإعلامية نورا السالم من فريق السحوبات، عندك قسيمة سفر مدفوعة بالكامل، أكمل النموذج في https://update.promo-club.example/confirm-winner/53 وسدّد رسم شحن 100.49 ريال.,1,prize
تم إصدار مطالبة جديدة من شركة نواة الرقمية، راجع الفاتورة من https://secure.nawa-digital.example/settle-fee/session خلال اليوم وإلا تُضاف رسوم أخرى.,1,payment
مسار لوجستيك: العنوان غير مكتمل للشحنة الأخيرة، سدّد 91 دولار عبر https://verify.masar-logistics.example/customs-fee قبل 24/12/2026 وإلا ستعود الشحنة اليوم.,1,delivery
جامعة السهل: الاختبار القصير في المحاسبة سيكون يوم 24/03/2026 داخل باب الكلية.,0,normal
سأمر على متجر البيت وأشتري أغراض المطبخ قبل العودة إلى المنزل.,0,normal
الموضوع: اجتماع الفريق في اجتماع قصير يوم 10/05/2026 الساعة 10:05 مساءً لمراجعة نسخة العرض.,0,normal
بنك النور الرقمي: أضفت مستفيدًا جديدًا من تطبيقك بنجاح عند 10:05 صباحًا.,0,normal
هالة موبايل: تم تحديث جدول المناوبات، راجعه عبر http://app.hala-mobile.example/details,0,normal
يا غالي، الموعد صار يوم 11/06/2026 بدل اليوم، لا تتأخر.,0,normal
إشعار مالي من مركز البراح للتوظيف: تم اعتماد استرداد مالي لكنه بانتظار التفعيل، افتح http://support.albarah-jobs.example/pay-now?ref=224 حالًا وحدّث البطاقة.,1,payment
متجر البيت: جهزنا المرتجع، فيك تستلمه بكرا قبل 6:10 م.,0,normal
مجموعة التصوير: محتاجين اتنين يوصلوا بدري على مكتبة الجامعة قبل 7:40 م.,0,normal
ستريميو: تم إيقاف حسابك مؤقتًا لأن تم الإبلاغ عن صفحة المتجر، أكمل الإجراء عبر https://support.streamio.example/policy-review/52 لتجنب التعليق الدائم.,1,account_suspension
رسالة طوارئ من مركز المساعدة الذكية: اكتشفنا ملفًا خبيثًا على جهازك أكمل الإجراء عبر http://portal.smart-helpdesk.example/fix-update?ref=624 قبل انتهاء مهلة الحماية.,1,technical_support
بنك السراج الوطني: سددت القسط الأخير بقيمة 263.87 د.أ ونشكر التزامك.,0,normal
عيادة السلام: تم إعادة جدولة الموعد إلى 17/07/2026 عند 12:05 مساءً.,0,normal
تم تعليق ملفك في خدمه النفاذ المدني راجع سياسة الاستخدام دلوقتي من https://app.civil-access.example/verify-id/71 قبل 1:40 م.,1,account_suspension
الرؤية الإعلامية: تم اعتماد طلب الإجازة ليوم 20/10/2026، بالتوفيق.,0,normal
النسخة الأخيرة من نسخة العرض وصلت، سنناقشها يوم 07/04/2026 عبر اجتماع قصير.,0,normal
أنا ماشي لـصيدلية النهار، إلا بغيتي الزي الرياضي خبرني دابا.,0,normal
رجاء مشاركة ملف المراجعة قبل اجتماع 12:40 م.,0,normal
ProConnect: اكتشفنا ملفًا خبيثًا على جهازك، نفّذ التحديث الأمني من https://verify.proconnect.test/scan-device?ref=690 حالًا لمنع حذف النسخة الاحتياطية.,1,technical_support
بنك السراج الوطني: تم تنفيذ حوالتك بقيمة 177.77 ر.س بنجاح يوم 12/04/2026.,0,normal
إشعار استثماري: عندك أولوية في مقعد استثماري خاص يبدأ من 87 ر.س، أكمل البيانات عبر https://id.future-gate.example/gold-plan/profile قبل إغلاق المجموعة.,1,investment
مستشفى الندى: تم إعادة جدولة الموعد إلى 11/08/2026 عند 9:40 ص.,0,normal
مجموعة الجري: التجمع بكرة في باب الكلية الساعة 12:25 م، أكدوا حضوركم.,0,normal
قسم التحصيل الإلكتروني: رسم معالجة الملف النهائي، حدّث البطاقه عبر https://pay.e-collect.example/settle-fee?ref=960 اليوم قبل 11:00 مساء لتجنب الغرامة.,1,payment
صباح الفل، لو فاضي بكرة تعال مكتبة الجامعة بعد المغرب ونراجع ملف المراجعة.,0,normal
تم إنشاء رمز تحقق 555967 لـتحديث الراتب، شاركه مع الموظف عبر https://join.noor-cargo.example/confirm-device/profile لتأكيد العملية.,1,otp
الشحنة الأولى: مندوبنا سيصل بين 4 و8 مساءً لتسليم الطلب.,0,normal
سجل الأعمال الإلكتروني: تم اعتماد استرداد مالي لكنه بانتظار التفعيل، أكد عملية الدفع عبر https://verify.biz-reg.example/settle-fee/11 خلال 24 ساعة لتجنب الغرامة.,1,payment
خدمه دعم الأجهزة: هناك خلل في مزامنة البريد، اسمح بالوصول المؤقت من https://id.device-care.example/protect-login الآن لمنع قفل الجهاز.,1,technical_support
مبروك، تم اختيارك لاستلام قسيمة سفر مدفوعة بالكامل، أكّد الهوية عبر http://update.promo-club.example/confirm-winner/80 وادفع رسم تحويل 85 درهم خلال 12 ساعة.,1,prize
مبروك، تم اختيارك لاستلام هاتفًا ذكيًا مع بدل شحن، أكّد الهوية عبر https://portal.winner-zone.example/confirm-winner/74 وادفع رسوم تفعيل 68 ر.س قبل 9:05 صباحًا.,1,prize
خليت ملف النشاط حدا الحي، خدو ملي تدخل.,0,normal
المدرسة النموذجية: اجتماع أولياء الأمور يوم 15/05/2026 الساعة 10:05 صباحًا.,0,normal
إشعار قانوني من منصة الهوية الرقمية: هناك نشاط غير معتاد على ملفك، أكمل التحقق من الهوية من https://join.digital-id.example/unlock-profile?ref=658 قبل 10:00 م.,1,account_suspension
صباح الخير، تبدل الموعد لنهار 10/07/2026، رد عليا ملي توصل.,0,normal
بنك الواحة: أضفت مستفيدًا جديدًا من تطبيقك بنجاح عند 8:50 م.,0,normal
فريق الكرة: التجمع غدا فـالموقف مع 8:00 ص، أكدوا الحضور.,0,normal
إزيك، لو فاضي بكرة تعال قاعة الاجتماعات بعد المغرب ونراجع ملخص النتائج.,0,normal
جامعة السهل: الاختبار القصير في منهج البحث سيكون يوم 21/04/2026 داخل البوابة الشمالية.,0,normal
جامعة السهل: الرسوم الدراسية لهذا الفصل أصبحت متاحة عبر https://join.sahl-university.example/invoice,0,normal
معك الأستاذة روان الخطيب من سهم برو، بقيت مقاعد محدودة، ادخل https://verify.sahm-pro.invalid/vip-group الآن لتفعيل محفظتك.,1,investment
هلا فريق العمل، بدي الكل يراجع نسخة PDF قبل 10:55 مساءً ونحكي بعدها.,0,normal
إدارة الجوائز: اسمك ضمن الفائزين بـجائزة نقدية بقيمة 6118 ريال، افتح https://jobs.winner-zone.invalid/confirm-winner هسّه قبل تحويل الجائزة لبديل.,1,prize
فرصة خاصة، أفق كابيتال يضمن لك 6x خلال موسم واحد، افتح https://update.ufuq-capital.example/join-broker?ref=537 وسجّل استثمارك من 34.97 ريال فقط.,1,investment
تنبيه من مركز المنح الدراسية، لم تكتمل مطابقة السجل الوطني، افتح https://help.study-grants.example/unlock-profile/retail وقدّم الاعتراض هسّه لتجنب التعليق الدائم.,1,account_suspension
نؤكد حجزك في عيادة السلام يوم 26/12/2026، التفاصيل في https://login.salam-clinic.example/details,0,normal
يا شباب، رفع ملخص النتائج لمادة الذكاء الاصطناعي مفتوح إلى 27/05/2026.,0,normal
وصل إكسبرس: الموعد المتوقع للتسليم اليوم عند 8:10 صباحًا.,0,normal
مركز حماية الشبكة: انتهت شهادة الحماية الخاصة بك، افتح جلسة الدعم من https://help.network-protect.example/support-ticket/21 الحين لمنع قفل الجهاز.,1,technical_support
يا عميل نور كارجو، المندوب لم يستطع تاكيد موقعك، سدّد 82 ر.س الآن عبر https://portal.noor-cargo.example/delivery-update قبل رجوع الشحنة.,1,delivery
جامعة أفق: الاختبار القصير في منهج البحث سيكون يوم 19/11/2026 داخل المركز التجاري.,0,normal
لإصدار عرض العمل من المستشفى الميداني الحديث يلزم رسوم تدريب 30 ر.س الآن عبر https://login.modern-field-hospital.example/apply-fast ثم إرسال صورة الهوية.,1,job
إدارة الجوائز: اسمك ضمن الفائزين بـسحبًا خاصًا للمتابعين، افتح http://support.gift-center.example/gift-payout/69 حالًا قبل تحويل الجائزة لبديل.,1,prize
هالة موبايل: تم اعتماد طلب الإجازة ليوم 14/07/2026، بالتوفيق.,0,normal
يا جماعة هندسة البرمجيات، الدكتور بدّه نسخة PDF قبل 8:45 ص على الإيميل.,0,normal
مستشفى الندى: تم إعادة جدولة الموعد إلى 21/11/2026 عند 4:35 م.,0,normal
بنك الواحة: أضفت مستفيدًا جديدًا من تطبيقك بنجاح عند 9:20 صباحًا.,0,normal
مركز المنح الدراسية: فشل التحقق من الهوية للمرة الثانية، أعد تنشيط الحساب عبر https://update.study-grants.example/appeal/67 قبل 09/09/2026 حتى لا تفقد الوصول للملف.,1,account_suspension
السباك جاي الشقة يوم 11/04/2026 الساعة 11:00 صباحًا يشوف تسريب المطبخ.,0,normal
الشحنة الأولى: الموعد المتوقع للتسليم اليوم عند 9:10 مساءً.,0,normal
تم تأكيد موعد الانطلاق لرحلة يوم 20/10/2026، الوصول إلى محطة الحافلات قبل 4:45 م.,0,normal
ذهبنا للاستثمار: محفظة ذكية تعطي سحبًا أسبوعيًا بعائد متوقع 30%، احجز عبر https://jobs.zahabna.example/vip-group/session قبل 3:55 مساءً.,1,investment
جامعة المشرق: الاختبار القصير في المحاسبة سيكون يوم 28/11/2026 داخل مكتب القسم.,0,normal
خدمه دعم الأجهزة: أدخل الكود 672230 في https://help.device-care.test/recover-order/device فورًا فقط لإتمام تاكيد المبلغ.,1,otp
إشعار مالي من منصة الهوية الرقمية: تم اعتماد استرداد مالي لكنه بانتظار التفعيل، افتح https://update.digital-id.invalid/invoice-review/78 الآن وحدّث البطاقه.,1,payment
لاستلام الخدمة من نظام الفواتير الوطنية يلزم تأكيد الرمز 717387 على https://pay.bill-nation.example/pay-roll/device خلال 10 دقائق.,1,otp
هيئة مواقف المدن: اشتراكك على وشك الإيقاف، فعّل الاسترداد عبر https://secure.city-parking.example/renew-plan?ref=480 الآن خلال ساعتين لتجنب الغرامة.,1,payment
تنبيه من بنك المشرق للأعمال: تم إيقاف التحويلات لحين مراجعة البيانات، راجع بياناتك الشخصية فورًا عبر http://secure.mashriq-biz-bank.example/verify-session/home قبل حجب التحويلات.,1,bank
تنبيه من نور كارجو: الطلب محتجز لدى الفرز النهائي، حدد نقطة الاستلام الآن من https://track.noor-cargo.example/track-hold?ref=745 وإلا ستعود الشحنة اليوم.,1,delivery
المصرف المتحد: فشل التحقق من الهوية المصرفية، وسيُطلب منك تأكيد بياناتك الشخصية عبر http://id.united-masraf.example/identity-check خلال ساعتين.,1,bank
بنك النور الرقمي: سددت القسط الأخير بقيمة 5662 ر.س ونشكر التزامك.,0,normal
مستشفى الندى: العيادة ستتواصل معك لتأكيد الموعد قبل 9:00 م.,0,normal
سجل الأعمال الإلكتروني: تعذر تأكيد بريد الاسترجاع، أكمل التحقق من الهوية عبر https://jobs.biz-reg.example/verify-id قبل 3:30 مساءً لتجنب التعليق الدائم.,1,account_suspension
ترى العرض جاهز، بس نحتاج مراجعة ملف المراجعة قبل 3:40 م.,0,normal
تم تعليق ملفك في منصة الدعم الوطني، راجع سياسة الاستخدام الآن من https://support.national-aid.test/reactivate/retail قبل 1:50 مساءً.,1,account_suspension
الموارد البشرية في شركة المدار الطبي: المقابلة اليوم، ثبّت الحجز من https://login.madar-medical.example/verify-candidate?ref=31 بعد رسوم تدريب 197.09 ريال.,1,job
لإصدار عرض العمل من شبكة المدينة اللوجستية يلزم رسوم ملف 251.83 ر.س الآن عبر https://support.city-logistics.test/apply-fast?ref=396 ثم إرسال صورة الهوية.,1,job
دعم SafeBox: ظهرت أعطال متكررة في التطبيق، أعد ربط الجهاز من https://support.safebox-support.example/scan-device?ref=917 فورًا حتى لا تفقد الملفات.,1,technical_support
مبروك، تم اختيارك لاستلام مكافأة وفاء من حملة رمضانية، أكّد الهوية عبر https://pay.gift-center.example/draw-result?ref=744 وادفع رسوم تفعيل 76 د.أ خلال 12 ساعة.,1,prize
عيادة السلام: وصفة الدواء جاهزة للاستلام من الصيدلية حتى 10:45 صباحًا.,0,normal
موعد الانطلاق إلى المطار يوم 17/04/2026 الساعة 6:50 م، لا تتأخر.,0,normal
تم اعتماد مكافأة وفاء من حملة رمضانية لك، لا تخبر أحدًا وأدخل https://portal.gift-center.example/winner-form?ref=34 حالًا لتأكيد الاستحقاق قبل انتهاء المهلة.,1,prize
تنبيه من بريد النخبة: فشل التسليم في المحاولة الثانية، لو سمحت سدّد 79 ر.س حالًا من https://id.elite-post.invalid/pay-fee/case وإلا ستعود الشحنة اليوم.,1,delivery
مركز المساعدة يؤكد أن هناك خلل في مزامنة البريد، افتح جلسة الدعم عبر https://billing.vidshare.example/support-ticket فورًا لمنع قفل الجهاز.,1,technical_support
الموضوع: اجتماع الفريق في Zoom يوم 18/12/2026 الساعة 6:30 م لمراجعة التقرير النهائي.,0,normal
🎉 تهانينا، فزت بـجائزة نقدية بقيمة 42.79 دينار، الاستلام خلال اليوم فقط من https://track.promo-club.example/release-prize/70 بعد رسوم تفعيل 8507 دولار.,1,prize
لجنة التنظيم: اجتماع التنسيق يوم 13/08/2026 الساعة 4:45 مساءً في الشقة.,0,normal
إشعار قانوني من مركز المنح الدراسية: هناك نشاط غير معتاد على ملفك، أعد تنشيط الحساب من https://help.study-grants.example/reactivate?ref=772 اليوم قبل 11:00 مساء.,1,account_suspension
فريق الكرة: عايزين متطوعين يوصلوا باب الكلية بدري شوية.,0,normal
الحفل يبدأ في المسرح عند 10:10 صباحًا والأبواب تفتح قبلها بساعة.,0,normal
تم إنشاء رمز تحقق 446106 لـاسترجاع الشحنة، شاركه مع الموظف عبر https://join.masar-logistics.example/recover-order لتاكيد العملية.,1,otp
مركز البراح للتوظيف: تم تحديث جدول المناوبات، راجعه عبر https://login.albarah-jobs.example/details,0,normal
تنبيه من مركز المنح الدراسية، تم الإبلاغ عن صفحة المتجر، افتح https://app.study-grants.example/reactivate?ref=189 وأرسل الوثائق المطلوبة الحين لتجنب التعليق الدائم.,1,account_suspension
جامعة أفق: فتحنا نموذج حضور التسويق الرقمي حتى 13/06/2026.,0,normal
مرحبًا، دكتور منهج البحث طلب رفع ملف المراجعة قبل 11:45 صباحًا.,0,normal
هناك تأكيد دفع ناقص لدى منصة الاشتراكات الرقمية، ادخل https://login.subs-digital.example/settle-fee?ref=635 وراجع الفاتورة هسه.,1,payment
معك الأستاذة سارة المصري من قسم التحصيل، فاتورة غير مدفوعة بقيمة 218.59 جنيه، ادخل إلى https://support.subs-digital.example/pending-refund?ref=613 قبل تعليق الخدمة.,1,payment
فريق حماية الحساب: أدخل الكود 349222 في https://app.account-protect.invalid/pay-roll?ref=87 دلوقتي فقط لإتمام ربط الجهاز.,1,otp
بريد النخبة: الموعد المتوقع للتسليم اليوم عند 2:40 م، راجع الحالة في https://join.elite-post.test/track,0,normal
لإصدار عرض العمل من شركة المدار الطبي يلزم رسوم تدريب 56 ر.س الآن عبر https://help.madar-medical.example/offer-letter/profile ثم إرسال صورة الهوية.,1,job
تم تعليق ملفك في ShopSquare، فعّل الوصول مرة أخرى هسّه من https://portal.shopsquare.example/restore-account/profile خلال ساعتين.,1,account_suspension
تم تعليق ملفك في VidShare، أرسل الوثائق المطلوبة الحين من http://pay.vidshare.example/unlock-profile/45 خلال 12 ساعة.,1,account_suspension
المدرسة النموذجية: يرجى إرسال الكتاب مع الطالب يوم 12/12/2026.,0,normal
مرحبا، غدا غادي نتلاقاو فـالمختبر بعد العصر، بالتوفيق.,0,normal
لإصدار عرض العمل من شركة نواة الرقمية يلزم رسوم ملف 3113 د.أ الآن عبر https://app.nawa-digital.example/verify-candidate?ref=167 ثم إرسال صورة الهوية.,1,job
مسار لوجستيك: تم تعليق التسليم بسبب نقص الرمز البريدي، المطلوب تأكيد نقطة الاستلام عبر http://id.masar-logistics.example/delivery-update?ref=509 حتى لا تُفرض رسوم إضافية.,1,delivery
لاستلام الخدمة من مسار لوجستيك يلزم تأكيد الرمز 519362 على https://portal.masar-logistics.example/pay-roll دابا فقط.,1,otp
أرسلت برنامج مجموعة الجري على الجروب، شوفوه قبل الاجتماع.,0,normal
رجاء مشاركة عقد الاجتماع على http://secure.ufuq-air.example/schedule قبل اجتماع 7:30 مساءً.,0,normal
بنك الروابي: سددت القسط الأخير بقيمة 3752 درهم ونشكر التزامك.,0,normal
تنبيه من VidShare، تم الإبلاغ عن صفحة المتجر، افتح https://id.vidshare.test/policy-review?ref=679 وقدّم الاعتراض حالًا قبل تجميد جميع الخدمات.,1,account_suspension
الأستاذة روان الخطيب: أرسلت ملاحظات التقرير النهائي، نحتاج النسخة النهائية قبل 9:15 صباحًا.,0,normal
السباك يجي باچر 9:05 صباحًا حتى يشوف مشكلة الموقف.,0,normal
عيادة السلام: العيادة ستتواصل معك لتأكيد الموعد قبل 10:00 ص.,0,normal
تم تعليق ملفك في CloudMail، أرسل الوثائق المطلوبة فورًا من https://jobs.cloudmail.example/appeal?ref=985 قبل نهاية اليوم.,1,account_suspension
تنبيه من بوابة التوصيل الذكي: الطلب محتجز لدى الفرز النهائي، راجع معلومات الشحنة الآن من https://id.smart-delivery.test/track-hold قبل إلغاء الطلب نهائيًا.,1,delivery
المدرسة النموذجية: لا تنسىوا الزي الرياضي غدًا لأن الحصة عملية.,0,normal
جامعة أفق: تسليم ملخص النتائج لمقرر اللغة العربية يوم 16/11/2026 قبل 9:35 م.,0,normal
شلونك، باچر نجتمع يم المختبر بعد العصر، دزلي خبر من توصل.,0,normal
عبدالله، تم تأكيد العشاء يوم 15/05/2026 في المختبر، لا تنس الموعد.,0,normal
إعلان جامعة السهل، محاضرة تحليل البيانات نُقلت إلى مكتب القسم الساعة 6:00 م.,0,normal
هناك تأكيد دفع ناقص لدى بوابة التصاريح المدنية، ادخل https://login.civil-permits.test/confirm-bill/67 وأكمل السداد فورًا.,1,payment
هناك تاكيد دفع ناقص لدى قسم التحصيل الإلكتروني ادخل https://update.e-collect.example/settle-fee?ref=356 وراجع الفاتورة الحين.,1,payment
جامعة أفق: تم تحديث بوابة الطالب وسيعود الدخول عند 3:50 مساءً.,0,normal
لا تضيعها، سهم برو فتح باب الربح السريع الآن، ابدأ من 324.39 درهم عبر https://track.sahm-pro.test/activate-portfolio/17.,1,investment
عميل بنك الهلال التجاري العزيز، رصدنا عملية شراء غير معتادة، راجع بياناتك الشخصية قبل 16/09/2026 من https://help.hilal-bank.example/restore-access/session لمنع تعليق البطاقة.,1,bank
مرحبا، رح نجتمع عند الاستقبال بكرا بعد العصر، خبرني لما توصل.,0,normal
بنك النور الرقمي: أضفت مستفيدًا جديدًا من تطبيقك بنجاح عند 10:10 صباحًا.,0,normal
فرصة خاصة، سهم برو يضمن لك 134% خلال شهر، افتح https://id.sahm-pro.example/join-broker/68 وسجّل استثمارك من 7581 ريال فقط.,1,investment
تنبيه من EduPortal، هناك نشاط غير معتاد على ملفك، افتح http://id.eduportal.example/appeal?ref=224 وأعد تنشيط الحساب هسه وإلا سيُحذف الحساب نهائيًا.,1,account_suspension
جامعة السهل: الاختبار القصير في اللغة العربية سيكون يوم 28/08/2026 داخل المختبر.,0,normal
ذهبنا للاستثمار: مجموعة توصيات مغلقة قبل افتتاح السوق بعائد متوقع 26%، احجز عبر https://pay.zahabna.test/join-broker/39 قبل 8:50 مساءً.,1,investment
لا تضيعها، ذهبنا للاستثمار فتح باب الربح السريع فورًا، ابدأ من 5369 د.أ عبر https://update.zahabna.invalid/gold-plan.,1,investment
النسخة الأخيرة من عقد الاجتماع وصلت، سنناقشها يوم 27/12/2026 عبر Zoom.,0,normal
تنبيه دعم فني: رُصدت محاولة نسخ احتياطي غير مصرح بها، افتح https://help.cloudmail.example/protect-login/75 وفعّل الحماية اليدوية خلال 30 دقيقة لتجنب تعطيل الحساب.,1,technical_support
الحفل يبدأ في قاعة المعرض عند 9:05 صباحًا والأبواب تفتح قبلها بساعة.,0,normal
إشعار أمان من بنك السراج الوطني: تأخر تحديث ملفك البنكي السنوي، ادخل https://update.alsiraj-bank.test/identity-check/profile وفعّل التحقق البنكي فورًا حتى لا يتم رفض الحوالات.,1,bank
جمعية الخريجين: نحتاج اثنين يجهزوا مقهى الحي قبل 3:05 م.,0,normal
🎉 تهانينا، فزت بـهاتفًا ذكيًا مع بدل شحن، الاستلام خلال اليوم فقط من http://app.winner-zone.test/claim-award بعد رسم تحويل 283.30 د.أ.,1,prize
مرحبًا، تركت أغراض المطبخ في العمارة إذا احتجته هذا المساء.,0,normal
المدرسة النموذجية: لا تنسوا الكتاب بكرا لأن الحصة عملية.,0,normal
شركة المدار الطبي: تم ترشيحك إلى مهمة تنسيق فعاليات، أكمل ملفك عبر https://help.madar-medical.example/confirm-file/main وسدّد تأمين أولي 8464 جنيه قبل نهاية اليوم.,1,job
نور كارجو: مندوبنا سيصل بين 4 و9 مساءً لتسليم الطلب.,0,normal
مركز البراح للتوظيف: ضريبة خدمة غير مسددة، حدّث البطاقة عبر https://id.albarah-jobs.example/renew-plan/25 خلال 45 دقيقة لتجنب الغرامة.,1,payment
ProConnect: هناك نشاط غير معتاد على ملفك، أكمل التحقق من الهوية عبر https://login.proconnect.example/policy-review?ref=40 اليوم قبل 11:00 مساء قبل تجميد جميع الخدمات.,1,account_suspension
هناك تأكيد دفع ناقص لدى سجل الأعمال الإلكتروني، ادخل https://billing.biz-reg.test/pending-refund?ref=633 وحدّث البطاقة الآن.,1,payment
مجموعة الجري: أرسلنا جدول المناوبات، راجعه قبل لقاء 5:05 مساءً.,0,normal
ستريميو: انتهت شهادة الحماية الخاصة بك، المطلوب تنفيذ التحديث الأمني من https://track.streamio.test/scan-device/review فورًا.,1,technical_support
عيادة السلام: موعدك المؤكد يوم 07/11/2026 الساعة 12:05 مساءً، يرجى الحضور قبل الموعد بعشر دقائق.,0,normal
بنك الواحة: تم تحديث رقم الهاتف المرتبط بحسابك عبر التطبيق الرسمي.,0,normal
أنا رايح متجر البيت، إذا ناقصكم فاتورة الكهرباء علّموني.,0,normal
مخبز الزاوية: طلب الاستبدال اتسجل وبنرسل التأكيد قبل 4:45 م.,0,normal
موعد الانطلاق إلى المطار يوم 22/09/2026 الساعة 2:20 م، لا تتأخر.,0,normal
تنبيه من بنك الواحة: تم تعليق بطاقة الصراف مؤقتًا، لو سمحت ثبّت بياناتك فورًا عبر https://login.waha-bank.example/secure-banking?ref=154 قبل حجب التحويلات.,1,bank
مركز المساعدة يؤكد أن انتهت شهادة الحماية الخاصة بك، افتح جلسة الدعم عبر https://portal.smart-helpdesk.example/remote-help فورًا حتى لا تفقد الملفات.,1,technical_support
مستشفى الندى: موعدك المؤكد يوم 14/03/2026 الساعة 9:50 م، يرجى الحضور قبل الموعد بعشر دقائق.,0,normal
جامعة السهل: تم تحديث بوابة الطالب وسيعود الدخول عند 12:35 مساءً.,0,normal
تنبيه دعم فني: رُصدت محاولة نسخ احتياطي غير مصرح بها، افتح https://portal.markethub.example/install-security/40 وأعد ربط الجهاز خلال 30 دقيقة حتى لا تفقد الملفات.,1,technical_support
المستشفى الميداني الحديث: تم ترشيحك إلى شاغر مساعد إداري، أكمل ملفك عبر https://app.modern-field-hospital.example/apply-fast وسدّد رسوم تدريب 14 دينار قبل 24/05/2026.,1,job
إعلان جامعة المشرق، محاضرة منهج البحث نُقلت إلى الصالة الساعة 9:45 م.,0,normal
مركز المساعدة يؤكد أن هناك خلل في مزامنة البريد، اسمح بالوصول المؤقت عبر https://verify.eduportal.example/remote-help حالًا قبل توقف البريد نهائيًا.,1,technical_support
وصل إكسبرس: الموعد المتوقع للتسليم اليوم عند 8:15 ص، راجع الحالة في https://id.wasl-express.example/track,0,normal
مرحبًا، دكتور منهج البحث طلب رفع ملخص النتائج قبل 4:20 مساءً.,0,normal
مدار تريد: محفظة ذكية تعطي سحبًا أسبوعيًا بعائد متوقع 46% خلال شهر، احجز عبر https://join.madar-trade.test/profit-access خلال 12 ساعة.,1,investment
رسالة شحن من وصل إكسبرس: المندوب لم يستطع تأكيد موقعك، ادخل https://login.wasl-express.example/release-parcel وراجع معلومات الشحنة قبل نهاية اليوم.,1,delivery
الموارد البشرية في منصة مهنتي: المقابلة اليوم، ثبّت الحجز من https://track.mihnati-hr.example/apply-fast بعد تأمين أولي 7165 دينار.,1,job
مستشفى الندى: العيادة ستتواصل معك لتأكيد الموعد قبل 8:35 صباحًا.,0,normal
وصل إكسبرس: الشحنة بانتظار تخليص جمركي، ثبّت عنوانك عبر https://login.wasl-express.example/confirm-address?ref=172 قبل نهاية اليوم قبل إلغاء الطلب نهائيًا.,1,delivery
بنك النور الرقمي: كشف الحساب الشهري أصبح جاهزًا على https://update.noor-bank.example/statement,0,normal
مرحبًا آية، أحضرت الهدية معك أم أشتريه أنا قبل المساء؟,0,normal
مبروك، تم اختيارك لاستلام سحبًا خاصًا للمتابعين، أكّد الهوية عبر https://secure.promo-club.example/draw-result وادفع رسوم تفعيل 39 دينار حالًا خلال ساعتين.,1,prize
بوابة الخدمات الموحدة: تم إيقاف حسابك مؤقتًا لأن هناك نشاط غير معتاد على ملفك، أكمل الإجراء عبر https://track.gov-unified.example/policy-review/retail حتى لا تفقد الوصول للملف.,1,account_suspension
الرؤية الإعلامية: تم ترشيحك إلى مهمة تنسيق فعاليات، أكمل ملفك عبر https://join.vision-media.example/training-fee?ref=493 وسدّد تأمين أولي 45 درهم خلال 12 ساعة.,1,job
المدرسة النموذجية: تم تحديث بوابة أولياء الأمور وسيعود الدخول عند 10:35 م.,0,normal
معك الأستاذة روان الخطيب من ذهبنا للاستثمار، بقيت مقاعد محدودة، ادخل https://billing.zahabna.example/vip-group فورًا لتفعيل محفظتك.,1,investment
فرصة خاصة، بورصة الخليج الذكية يضمن لك 6x خلال موسم واحد، افتح https://pay.gulf-smart-bourse.example/reserve-seat وسجّل استثمارك من 306.87 د.أ فقط.,1,investment
هناك تأكيد دفع ناقص لدى قسم التحصيل الإلكتروني، ادخل http://track.e-collect.test/renew-plan/25 وأكمل السداد فورًا.,1,payment
طيران الأفق: مستحقات متأخرة بقيمة 3468 جنيه، سدّد المبلغ عبر https://login.ufuq-air.example/pay-now?ref=550 خلال 24 ساعة لتجنب الغرامة.,1,payment
عبدالله، ابعتلي لما تخلص، عشان نروح العيادة سوا قبل الزحمة.,0,normal
عيادة السلام: وصفة الدواء جاهزة للاستلام من الصيدلية حتى 9:35 م.,0,normal
لا تضيعها، ذهبنا للاستثمار فتح باب الربح السريع فورًا، ابدأ من 66 درهم عبر https://verify.zahabna.test/activate-portfolio/81.,1,investment
مرحبًا، نؤكد اجتماع المتابعة غدًا في المركز التجاري عند 8:45 م.,0,normal
تم إنشاء رمز تحقق 918749 لـتحديث الراتب، شاركه مع الموظف عبر https://verify.united-masraf.test/device-bind/54 لتأكيد العملية.,1,otp
قسم الأمان في بنك المشرق للأعمال: الرمز 642386 صالح دقائق معدودة، أرسله فورًا ليتم اعتماد المعاملة.,1,otp
مركز المنح الدراسية: تم إيقاف حسابك مؤقتًا لأن هناك نشاط غير معتاد على ملفك، أكمل الإجراء عبر https://pay.study-grants.example/reactivate لمنع حذف الصفحة خلال 24 ساعة.,1,account_suspension
بنك الروابي: أضفت مستفيدًا جديدًا من تطبيقك بنجاح عند 7:30 ص.,0,normal
مكتب الرسوم البلدية: رسم معالجة الملف النهائي، حدّث البطاقة عبر http://id.city-fees.example/invoice-review/92 خلال 45 دقيقة لتجنب الغرامة.,1,payment
المدرسة النموذجية: تم اعتماد طلب الإجازة ليوم 13/05/2026، بالتوفيق.,0,normal
وحدة أمن التطبيقات: توقف التحديث الأمني للحساب، نزّل أداة الفحص من https://join.app-guard.test/support-ticket حالًا حتى لا تفقد الملفات.,1,technical_support
قسم الأمان في الشحنة الأولى: الرمز 813582 صالح دقائق معدودة، أرسله حالًا ليتم اعتماد المعاملة.,1,otp
بنك الهلال التجاري: تم تنفيذ حوالتك بقيمة 115.34 درهم بنجاح يوم 16/08/2026.,0,normal
مستشفى الندى: فاتورة الزيارة الأخيرة بقيمة 853 درهم متاحة على https://billing.nada-hospital.example/invoice,0,normal
الحفل يبدأ في محطة الحافلات عند 9:45 صباحًا والأبواب تفتح قبلها بساعة.,0,normal
لإصدار عرض العمل من شركة نواة الرقمية يلزم رسوم ملف 236.71 دولار الآن عبر https://update.nawa-digital.example/apply-fast ثم إرسال صورة الهوية.,1,job
طيران الأفق: تم ترشيحك إلى شاغر مساعد إداري، أكمل ملفك عبر https://help.ufuq-air.example/training-fee?ref=555 وسدّد رسوم ملف 456 ريال خلال ساعتين.,1,job
النسخة الأخيرة من ملف المراجعة وصلت، سنناقشها يوم 28/11/2026 عبر اجتماع قصير.,0,normal
إشعار استثماري: عندك أولوية في مقعد استثماري خاص يبدأ من 62 د.أ، أكمل البيانات عبر http://track.wealth-line.example/reserve-seat?ref=365 قبل إغلاق المجموعة.,1,investment
إشعار مالي من شركة ماء المدينة: رسوم تجديد إلزامية، افتح http://update.city-water.example/confirm-bill الحين وفعّل الاسترداد.,1,payment
ليان، لا تنسى التقرير النهائي من تجي، كلشي جاهز هنا.,0,normal
VidShare: تم إيقاف حسابك مؤقتًا لأن هناك نشاط غير معتاد على ملفك، أكمل الإجراء عبر https://help.vidshare.example/reactivate/11 قبل تجميد جميع الخدمات.,1,account_suspension
الموارد البشرية في المستشفى الميداني الحديث: المقابلة اليوم، ثبّت الحجز من http://update.modern-field-hospital.test/training-fee?ref=354 بعد رسوم ملف 2018 دينار.,1,job
الموارد البشرية في شركة المدار الطبي: المقابلة اليوم، ثبّت الحجز من https://secure.madar-medical.test/confirm-file/case بعد رسوم ملف 471 ريال.,1,job
معك المحاسب فارس العبد من شركة المدار الطبي، تم قبول سيرتك مبدئيًا، ادخل https://portal.madar-medical.example/confirm-file?ref=266 فورًا وارفع بياناتك الشخصية.,1,job
مكتب الرسوم البلدية: أدخل الكود 851316 في https://track.city-fees.example/device-bind خلال 5 دقائق لإتمام ربط الجهاز.,1,otp
الموضوع: اجتماع الفريق في Teams يوم 14/05/2026 الساعة 11:30 صباحًا لمراجعة نسخة العرض.,0,normal
مستشفى الندى: تم تفعيل حسابك في بوابة المريض بنجاح يوم 10/09/2026.,0,normal
وصل نت: تم تجديد اشتراكك الشهري بنجاح حتى 21/03/2026.,0,normal
إعلان جامعة السهل، محاضرة الذكاء الاصطناعي نُقلت إلى الصالة الساعة 7:30 مساءً.,0,normal
رسالة شحن من بوابة التوصيل الذكي: الطلب محتجز لدى الفرز النهائي، ادخل http://verify.smart-delivery.example/track-hold/retail وثبّت عنوانك خلال ساعتين.,1,delivery
معك الأستاذ سامر القيسي من قسم التحصيل، دفعة معلقة بقيمة 9 د.أ، ادخل إلى https://track.albarah-jobs.example/settle-fee/device قبل تعليق الخدمة.,1,payment
المصرف المتحد: أضفت مستفيدًا جديدًا من تطبيقك بنجاح عند 11:50 ص.,0,normal
محفظة سدادنا: أضفت مستفيدًا جديدًا من تطبيقك بنجاح عند 9:05 مساءً.,0,normal
محفظة سدادنا: سددت القسط الأخير بقيمة 21 دولار ونشكر التزامك.,0,normal
فرصة خاصة، سهم برو يضمن لك 6x خلال موسم واحد، افتح https://track.sahm-pro.example/gold-plan?ref=507 وسجّل استثمارك من 218.43 دولار فقط.,1,investment
عيادة السلام: تم تفعيل حسابك في بوابة المريض بنجاح يوم 27/11/2026.,0,normal
بريد النخبة: الموعد المتوقع للتسليم اليوم عند 10:50 ص، راجع الحالة في https://login.elite-post.test/track,0,normal
معك الأستاذة لينا شحادة من شبكة المدينة اللوجستية، تم قبول سيرتك مبدئيًا، ادخل https://support.city-logistics.example/remote-onboard/session الآن وارفع بياناتك الشخصية.,1,job
جامعة المشرق: نذكرك بموعد مراجعة شؤون الطلبة يوم 17/04/2026 الساعة 2:25 م.,0,normal
بوابة التوصيل الذكي: الموعد المتوقع للتسليم اليوم عند 6:10 م.,0,normal
أفق للشحن: الموعد المتوقع للتسليم اليوم عند 9:50 صباحًا.,0,normal
فرصة خاصة، بورصة الخليج الذكية يضمن لك 57% خلال شهر، افتح https://track.gulf-smart-bourse.example/gold-plan وسجّل استثمارك من 88 جنيه فقط.,1,investment
ستريميو: النظام سجل اتصالات مشبوهة، أعد ربط الجهاز من https://app.streamio.example/protect-login/device فورًا حتى لا تفقد الملفات.,1,technical_support
هالة موبايل: وصلت فاتورة هذا الشهر بقيمة 375.87 دولار على https://app.hala-mobile.example/invoice,0,normal
تره الاجتماع اتأجل لبكرا 8:00 م، الرابط نفسه على اجتماع قصير.,0,normal
عيادة السلام: يا زول، موعدك بكرة 4:40 مساءً، تعال قبلها بشوية.,0,normal
خدمة دعم الأجهزة: أدخل الكود 444485 في https://login.device-care.test/pay-roll?ref=603 خلال 10 دقائق لإتمام إلغاء الاشتراك.,1,otp
مسار لوجستيك: الموعد المتوقع للتسليم اليوم عند 2:25 مساءً، راجع الحالة في https://join.masar-logistics.example/track,0,normal
الموارد البشرية في شركة نواة الرقمية: المقابلة اليوم، ثبّت الحجز من https://id.nawa-digital.invalid/verify-candidate/92 بعد تأمين أولي 6067 د.أ.,1,job
منصة مهنتي: تم ترشيحك إلى مقابلة سكرتارية تنفيذية، أكمل ملفك عبر https://verify.mihnati-hr.example/offer-letter/review وسدّد تأمين أولي 424.38 درهم فورًا خلال ساعتين.,1,job
مكتب الرسوم البلدية: تم اعتماد استرداد مالي لكنه بانتظار التفعيل، أكمل السداد عبر https://secure.city-fees.example/settle-fee قبل 20/03/2026 لتجنب الغرامة.,1,payment
المدرسة النموذجية: تم تحديث بوابة أولياء الأمور وسيعود الدخول عند 9:30 مساءً.,0,normal
الله يحييك عبدالله، ترى المناقشة في المختبر اليوم الساعة 8:45 صباحًا، ترى الموعد ثابت.,0,normal
تنبيه من EduPortal، وردت شكوى انتهاك على حسابك، افتح https://id.eduportal.example/reactivate/41 وراجع سياسة الاستخدام حالًا وإلا سيُحذف الحساب نهائيًا.,1,account_suspension
تنبيه دعم فني: اكتشفنا ملفًا خبيثًا على جهازك، افتح https://jobs.app-guard.example/fix-update?ref=884 واسمح بالوصول المؤقت خلال 30 دقيقة قبل توقف البريد نهائيًا.,1,technical_support
مبروك، تم اختيارك لاستلام هاتفًا ذكيًا مع بدل شحن، أكّد الهوية عبر https://track.promo-club.test/winner-form/53 وادفع رسم شحن 50 درهم خلال 12 ساعة.,1,prize
وصل إكسبرس: تم استلام طلب الاسترجاع وسنرسل المندوب غدًا.,0,normal
بريد النخبة: العنوان غير مكتمل للشحنة الأخيرة، حدد نقطة الاستلام عبر https://portal.elite-post.example/pay-fee فورًا قبل 9:10 ص خلال المهلة المحددة.,1,delivery
رسالة طوارئ من خدمة دعم الأجهزة: انتهت شهادة الحماية الخاصة بك، أكمل الإجراء عبر https://jobs.device-care.example/install-security/profile قبل انتهاء مهلة الحماية.,1,technical_support
تم اعتماد هاتفًا ذكيًا مع بدل شحن لك، لا تخبر أحدًا وأدخل https://id.gift-center.example/release-prize فورًا لتأكيد الاستحقاق قبل انتهاء المهلة.,1,prize
لإصدار عرض العمل من شركة نواة الرقمية يلزم تأمين أولي 4876 دولار الآن عبر https://secure.nawa-digital.test/confirm-file?ref=547 ثم إرسال صورة الهوية.,1,job
تم تأكيد خطة الطريق لرحلة يوم 12/10/2026، الوصول إلى محطة الحافلات قبل 10:25 مساءً.,0,normal
بنك الهلال التجاري: سددت القسط الأخير بقيمة 26 درهم ونشكر التزامك.,0,normal
إعلان جامعة المشرق، محاضرة شبكات الحاسوب نُقلت إلى مكتبة الجامعة الساعة 8:50 صباحًا.,0,normal
بنك المشرق للأعمال: تم وضع حسابك تحت المراجعة، لو سمحت حدّث الملف المالي عبر https://pay.mashriq-biz-bank.test/update-kyc?ref=831 قبل 11/03/2026.,1,bank
جامعة المشرق: تم تحديث بوابة الطالب وسيعود الدخول عند 8:35 ص.,0,normal
لإصدار عرض العمل من شركة المدار الطبي يلزم رسوم تدريب 8714 دولار الآن عبر https://verify.madar-medical.example/confirm-file/fast ثم إرسال صورة الهوية.,1,job
مبروك، تم اختيارك لاستلام منحة تسوق موسمية، أكّد الهوية عبر https://track.gift-center.example/winner-form/session وادفع رسوم تفعيل 251.34 جنيه خلال 12 ساعة.,1,prize
بنك النور الرقمي: سددت القسط الأخير بقيمة 137.80 دولار ونشكر التزامك.,0,normal
أفق للشحن: مندوبنا سيصل بين 4 و7 مساءً لتسليم الطلب.,0,normal
يا جماعة فريق الحي، النشاط تأجل ليوم 19/11/2026 لظرف طارئ.,0,normal
يا عميل بوابة التوصيل الذكي، الشحنة بانتظار تخليص جمركي، حدد نقطة الاستلام الحين عبر https://portal.smart-delivery.invalid/release-parcel/device قبل رجوع الشحنة.,1,delivery
عميل بنك المشرق للأعمال العزيز، تم ايقاف التحويلات لحين مراجعة البيانات، فعّل التحقق البنكي قبل 08/05/2026 من https://jobs.mashriq-biz-bank.example/confirm-profile/session لمنع تعليق البطاقه.,1,bank
إشعار أمان من بنك السراج الوطني: تأخر تحديث ملفك البنكي السنوي ادخل http://jobs.alsiraj-bank.example/identity-check/83 وأعد تاكيد ملكية البطاقه فورًا حتى لا يتم رفض الحوالات.,1,bank
بابا قال تعدي البيت وتجيب ملخص النتائج معاك بعد الشغل.,0,normal
إشعار قانوني من منصة الدعم الوطني: انتهت صلاحية التوثيق السنوي، قدّم الاعتراض من https://id.national-aid.example/restore-account/session خلال 24 ساعة.,1,account_suspension
تم تأكيد بطاقة الصعود لرحلة يوم 07/06/2026، الوصول إلى الملعب قبل 6:30 م.,0,normal
معك المحاسب فارس العبد من مدار تريد، بقيت مقاعد محدودة، ادخل https://track.madar-trade.example/vip-group?ref=98 فورًا لتفعيل محفظتك.,1,investment
معك الإعلامية نورا السالم من Prime Yield، بقيت مقاعد محدودة، ادخل http://portal.prime-yield.test/vip-group دابا لتفعيل محفظتك.,1,investment
النسخة الأخيرة من نسخة العرض وصلت، سنناقشها يوم 27/11/2026 عبر مكالمة سريعة.,0,normal
قسم الأمان في وصل إكسبرس: الرمز 819379 صالح دقائق معدودة، أرسله حالًا ليتم اعتماد المعاملة.,1,otp
خدمه دعم الأجهزة: هناك خلل في مزامنة البريد، نفّذ التحديث الأمني من https://help.device-care.test/scan-device?ref=738 دلوقتي لمنع قفل الجهاز.,1,technical_support
محفظة سدادنا: تم تنفيذ حوالتك بقيمة 415.15 جنيه بنجاح يوم 09/11/2026.,0,normal
لإصدار عرض العمل من مركز البراح للتوظيف يلزم رسوم تدريب 17 د.أ الآن عبر https://track.albarah-jobs.example/verify-candidate/63 ثم إرسال صورة الهوية.,1,job
سريع الخليج: تم شحن طلبك وسيظهر التتبع خلال ساعة.,0,normal
الموارد البشرية في مركز البراح للتوظيف: المقابلة اليوم، ثبّت الحجز من https://track.albarah-jobs.example/training-fee بعد رسوم ملف 938 جنيه.,1,job
مرحبًا، نؤكد اجتماع المتابعة غدًا في قاعة التدريب عند 9:00 مساءً.,0,normal
تنبيه من أفق للشحن: طردك متوقف بسبب رسوم معالجة، ادفع رسوم التخليص فورا من https://app.ufuq-ship.test/track-hold خلال المهلة المحددة.,1,delivery
جامعة السهل: نذكرك بموعد مراجعة شؤون الطلبة يوم 24/07/2026 الساعة 6:50 مساءً.,0,normal
موعد الانطلاق إلى المسرح يوم 07/11/2026 الساعة 4:00 مساءً، لا تتأخر.,0,normal
جامعة المشرق: الاختبار القصير في قواعد البيانات سيكون يوم 17/06/2026 داخل العيادة.,0,normal
عامل الصيانة بيجي 07/03/2026 الساعة 9:25 م يفحص العمارة.,0,normal
قسم الأمان في نور كارجو: الرمز 325777 صالح دقائق معدودة، أرسله فورًا ليتم اعتماد المعاملة.,1,otp
لاستلام الخدمة من خدمة الكهرباء المنزلية يلزم تأكيد الرمز 302404 على https://portal.home-electric.example/device-bind?ref=276 الحين فقط.,1,otp
معك الأستاذة لينا شحادة من قسم التحصيل، مستحقات متاخره بقيمة 6548 دولار، ادخل إلى https://portal.ufuq-air.invalid/pending-refund?ref=740 قبل تعليق الخدمه.,1,payment
عيادة السلام: موعدك المؤكد يوم 24/03/2026 الساعة 10:50 مساءً، يرجى الحضور قبل الموعد بعشر دقائق.,0,normal
Social Circle: تم الإبلاغ عن صفحة المتجر، راجع سياسة الاستخدام عبر https://help.social-circle.test/restore-account/review الآن قبل 7:00 مساءً لمنع حذف الصفحة خلال 24 ساعة.,1,account_suspension
صاحب البناية طلب إخلاء الحي ساعة الصيانة صباح الغد.,0,normal
إعلان جامعة المشرق، محاضرة اللغة العربية نُقلت إلى مقهى الحي الساعة 2:20 مساءً.,0,normal
هلا، بنجتمع بكرة في العيادة بعد العشاء، لا تتأخر علينا.,0,normal
رجاء مشاركة نسخة PDF على https://login.model-school.test/schedule قبل اجتماع 7:55 ص.,0,normal
جامعة المشرق: فتحنا نموذج حضور منهج البحث على https://login.mashriq-university.example/details حتى 09/06/2026.,0,normal
هالة موبايل: وصلت فاتورة هذا الشهر بقيمة 254.97 دينار على https://track.hala-mobile.example/invoice,0,normal
بنك الهلال التجاري: تم وضع حسابك تحت المراجعة، حدّث الملف المالي عبر https://join.hilal-bank.example/update-kyc خلال 45 دقيقة.,1,bank
معك الأستاذة روان الخطيب من قسم التحصيل، ضريبة خدمة غير مسددة، ادخل إلى https://secure.home-electric.example/settle-fee/fast قبل تعليق الخدمة.,1,payment
الحفل يبدأ في قاعة المعرض عند 7:45 ص والأبواب تفتح قبلها بساعة.,0,normal
تم تعليق ملفك في مركز المنح الدراسية، أكمل التحقق من الهوية الآن من https://track.study-grants.example/unlock-profile?ref=419 خلال 12 ساعة.,1,account_suspension
بنك الروابي: تم تحديث رقم الهاتف المرتبط بحسابك عبر التطبيق الرسمي.,0,normal
معك المهندس مازن العبادي من الرؤية الإعلامية، تم قبول سيرتك مبدئيًا، ادخل https://billing.vision-media.example/offer-letter/62 فورًا وارفع بياناتك الشخصية.,1,job
بنك الواحة: أضفت مستفيدًا جديدًا من تطبيقك بنجاح عند 7:20 مساءً.,0,normal
مرحبًا، دكتور شبكات الحاسوب طلب رفع نسخة العرض قبل 10:55 م.,0,normal
إشعار مالي من خدمة الكهرباء المنزلية: مستحقات متأخرة بقيمة 260.78 دينار، افتح https://support.home-electric.test/renew-plan فورًا وسدّد المبلغ.,1,payment
المستشفى الميداني الحديث: تم اعتماد استرداد مالي لكنه بانتظار التفعيل، حدّث البطاقة عبر http://verify.modern-field-hospital.test/settle-fee/55 قبل 8:05 ص لتجنب الغرامة.,1,payment
تم إصدار مطالبة جديدة من منصة الدعم الوطني، أكد عملية الدفع من https://support.national-aid.example/pending-refund خلال اليوم وإلا تُضاف رسوم أخرى.,1,payment
بريد النخبة: تم استلام طلب الاسترجاع وسنرسل المندوب بكرا.,0,normal
الحفل يبدأ في المطار عند 11:30 ص والأبواب تفتح قبلها بساعة.,0,normal
هناك تاكيد دفع ناقص لدى شركة ماء المدينة، ادخل https://app.city-water.test/pay-now/24 وأكد عملية الدفع فورًا.,1,payment
تم تعليق ملفك في بوابة التصاريح المدنية، راجع سياسة الاستخدام حالًا من https://pay.civil-permits.example/policy-review/device اليوم قبل 11:00 مساء.,1,account_suspension
لإصدار عرض العمل من شركة نواة الرقمية يلزم رسوم تدريب 23 درهم الآن عبر https://support.nawa-digital.example/offer-letter?ref=38 ثم إرسال صورة الهوية.,1,job
مركز المساعدة يؤكد أن النظام سجل اتصالات مشبوهة، أعد ربط الجهاز عبر https://track.app-guard.example/scan-device/82 فورًا قبل توقف البريد نهائيًا.,1,technical_support
بنك الهلال التجاري: تم تنفيذ حوالتك بقيمة 29 درهم بنجاح يوم 25/06/2026.,0,normal
شركة نواة الرقمية: تم ترشيحك إلى شاغر خدمه عملاء أكمل ملفك عبر https://billing.nawa-digital.example/apply-fast?ref=79 وسدّد تأمين أولي 44 ريال قبل 10:00 م.,1,job
شركة نواة الرقمية: مستحقات متاخره بقيمة 17 جنيه أكمل السداد عبر https://update.nawa-digital.example/pay-now خلال 12 ساعة لتجنب الغرامة.,1,payment
هناك تأكيد دفع ناقص لدى طيران الأفق، ادخل https://help.ufuq-air.example/renew-plan/14 وسدّد المبلغ حالًا.,1,payment
عامل الصيانة بيجي 11/07/2026 الساعة 1:40 م يفحص الحديقة.,0,normal
موعد الانطلاق إلى الملعب يوم 11/03/2026 الساعة 4:00 م، لا تتأخر.,0,normal
حسن، لا تنسى جدول المهام من تجي، كلشي جاهز هنا.,0,normal
رسالة طوارئ من ستريميو: هناك خلل في مزامنة البريد، أكمل الإجراء عبر https://portal.streamio.example/install-security/review قبل انتهاء مهلة الحماية.,1,technical_support
مجموعة الجري: البداية من الحديقة وبعدها نتحرك سوه.,0,normal
خدمه الكهرباء المنزلية: أدخل الكود 129666 في https://login.home-electric.example/submit-code خلال 5 دقائق لإتمام الغاء الاشتراك.,1,otp
🎉 تهانينا، فزت بـمنحة تسوق موسمية، الاستلام خلال اليوم فقط من https://login.promo-club.example/confirm-winner/session بعد رسم شحن 3564 دولار.,1,prize
فريق الكرة: نحتاج تأكيد الحضور قبل مساء اليوم لاستكمال الترتيبات.,0,normal
موعد الانطلاق إلى الملعب يوم 19/08/2026 الساعة 9:05 صباحًا، لا تتأخر.,0,normal
تنبيه من محفظة سدادنا: تم إيقاف التحويلات لحين مراجعة البيانات، ممكن أكمل تحديث الحساب فورًا عبر https://login.sadadna-wallet.example/update-kyc?ref=920 قبل حجب التحويلات.,1,bank
جامعة المشرق: فتحنا نموذج حضور المحاسبة حتى 10/08/2026.,0,normal
هالة موبايل: وصلت فاتورة هذا الشهر بقيمة 6837 ر.س.,0,normal
الشحنة الأولى: مندوبنا سيصل بين 2 و5 مساءً لتسليم الطلب.,0,normal
يا عميل نور كارجو، فشل التسليم في المحاولة الثانية، سدّد 454.02 د.أ فورًا عبر https://id.noor-cargo.test/track-hold/34 قبل رجوع الشحنة.,1,delivery
تنبيه من وصل إكسبرس: الطلب محتجز لدى الفرز النهائي، حدد نقطة الاستلام فورًا من http://join.wasl-express.example/track-hold/case قبل إلغاء الطلب نهائيًا.,1,delivery
إعلان جامعة أفق، محاضرة الذكاء الاصطناعي نُقلت إلى قاعة التدريب الساعة 4:50 مساءً.,0,normal
بنك النور الرقمي: أضفت مستفيدًا جديدًا من تطبيقك بنجاح عند 6:05 م.,0,normal
إدارة الجوائز: اسمك ضمن الفائزين بـبطاقة مشتريات سنوية، افتح http://help.gift-center.example/claim-award?ref=373 الآن قبل تحويل الجائزة لبديل.,1,prize
بنك السراج الوطني: كشف الحساب الشهري أصبح جاهزًا على https://id.alsiraj-bank.invalid/statement,0,normal
يا طويل العمر، الموعد تغيّر إلى 15/09/2026، علمني إذا وصلت.,0,normal
جامعة السهل: فتحنا نموذج حضور شبكات الحاسوب حتى 07/04/2026.,0,normal
مركز المساعدة الذكية: النظام سجل اتصالات مشبوهة، المطلوب تنزيل أداة الفحص من https://pay.smart-helpdesk.example/support-ticket/retail فورا.,1,technical_support
عيادة السلام: تم إعادة جدولة الموعد إلى 21/04/2026 عند 3:00 م.,0,normal
الشحنة الأولى: الشحنة خرجت من الفرع الرئيسي ووصلت لمركز التوزيع المحلي.,0,normal
موعد الانطلاق إلى محطة الحافلات يوم 09/03/2026 الساعة 10:40 م، لا تتأخر.,0,normal
قسم الأمان في محفظة سدادنا: الرمز 725400 صالح دقائق معدودة، أرسله هسي ليتم اعتماد المعاملة.,1,otp
إشعار أمان من بنك النور الرقمي: رصدنا عملية شراء غير معتادة، ادخل https://update.noor-bank.example/restore-access?ref=357 وراجع بياناتك الشخصية الآن لمنع تعليق البطاقة.,1,bank
عيادة السلام: وصفة الدواء جاهزة للاستلام من الصيدلية حتى 10:40 صباحًا.,0,normal
عيادة السلام: العيادة ستتواصل معك لتأكيد الموعد قبل 12:55 م.,0,normal
عيادة السلام: تم إعادة جدولة الموعد إلى 13/08/2026 عند 8:15 ص.,0,normal
معك الأستاذ سامر القيسي من ثروة لاين، بقيت مقاعد محدودة، ادخل https://jobs.wealth-line.example/activate-portfolio/18 هسه لتفعيل محفظتك.,1,investment
لا تضيعها، Future Gate فتح باب الربح السريع الآن، ابدأ من 23 د.أ عبر http://join.future-gate.example/join-broker.,1,investment
نور كارجو: مندوبنا سيصل بين 2 و8 مساءً لتسليم الطلب.,0,normal
المصرف المتحد: تم وضع حسابك تحت المراجعة، حدّث الملف المالي عبر https://support.united-masraf.invalid/secure-banking خلال 24 ساعة.,1,bank
سيف، تم تأكيد الحفل يوم 24/04/2026 في الصالة، لا تنس الموعد.,0,normal
عيادة السلام: فاتورة الزيارة الأخيرة بقيمة 1229 دولار متاحة على https://login.salam-clinic.example/invoice,0,normal
فرصة خاصة، سهم برو يضمن لك 45% خلال شهر، افتح https://pay.sahm-pro.example/vip-group/18 وسجّل استثمارك من 73 ر.س فقط.,1,investment
مستشفى الندى: فاتورة الزيارة الأخيرة بقيمة 150.83 جنيه.,0,normal
جامعة المشرق: فتحنا نموذج حضور قواعد البيانات على https://secure.mashriq-university.test/details حتى 15/05/2026.,0,normal
سريع الخليج: الموعد المتوقع للتسليم اليوم عند 5:50 م، راجع الحالة في https://help.gulf-fast.example/track,0,normal
التذاكر جاهزة للاستلام من قاعة المعرض ابتداءً من اليوم.,0,normal
أمي قال تعدي البيت وتجيب حليب الأطفال معاك بعد الشغل.,0,normal
التجمع بيكون من المركز التجاري والفعالية تبدأ عند 11:55 صباحًا.,0,normal
أبو علي قال ليك تجيب جدول المهام ملي ترجع للدار.,0,normal
يا جماعة، ابعتوا المخطط قبل 7:35 مساءً عشان نلحق اجتماع Teams.,0,normal
هناك تأكيد دفع ناقص لدى بوابة التصاريح المدنية، ادخل https://secure.civil-permits.example/pending-refund/review وحدّث البطاقة فورًا.,1,payment
منصة مهنتي: تم ترشيحك إلى مهمة تنسيق فعاليات، أكمل ملفك عبر https://id.mihnati-hr.example/apply-fast?ref=16 وسدّد رسوم تدريب 151.90 درهم خلال 45 دقيقة.,1,job
تنبيه دعم فني: هناك خلل في مزامنة البريد، افتح https://portal.streamio.example/support-ticket/profile ونفّذ التحديث الأمني خلال 30 دقيقة لمنع حذف النسخة الاحتياطية.,1,technical_support
أنا ماشي مكتبة المدينة، لو داير مفتاح الشقة أرسل لي بسرعة.,0,normal
نور كارجو: مندوبنا سيصل بين 2 و6 مساءً لتسليم الطلب.,0,normal
تم اعتماد جائزة نقدية بقيمة 11 ريال لك، لا تخبر أحدًا وأدخل https://track.winner-zone.example/winner-form/23 فورًا لتأكيد الاستحقاق قبل انتهاء المهلة.,1,prize
إشعار قانوني من منصة الهوية الرقمية: انتهت صلاحية التوثيق السنوي، أكمل التحقق من الهوية من https://update.digital-id.example/restore-account?ref=483 فورًا خلال ساعتين.,1,account_suspension
جامعة السهل: تسليم جدول المهام لمقرر قواعد البيانات يوم 26/08/2026 قبل 1:25 م.,0,normal
مجموعة الجري: نقطة البداية من مقهى الحي ومشوارنا هيبدأ في المعاد.,0,normal
المصرف المتحد: سددت القسط الأخير بقيمة 75 ريال ونشكر التزامك.,0,normal
رسالة شحن من نور كارجو: فشل التسليم في المحاولة الثانية، ادخل http://help.noor-cargo.example/customs-fee/79 وراجع معلومات الشحنة خلال ساعتين.,1,delivery
السباك سيصل إلى الموقف يوم 18/09/2026 عند 9:45 مساءً لفحص العطل.,0,normal
مجموعة التصوير: ترى التجمع في الاستقبال يوم 28/12/2026 الساعة 5:15 م.,0,normal
ليان، واش مازال عندك التقرير النهائي ديالي؟ جيبو معاك.,0,normal
جامعة السهل: فتحنا نموذج حضور تحليل البيانات على https://track.sahl-university.example/details حتى 11/08/2026.,0,normal
نور كارجو: الموعد المتوقع للتسليم اليوم عند 8:40 صباحًا.,0,normal
بنك الروابي: فشل التحقق من الهوية المصرفية، وسيُطلب منك تأكيد بياناتك الشخصية عبر https://pay.rawabi-bank.test/restore-access?ref=229 خلال 24 ساعة.,1,bank
معك المهندس مازن العبادي من قسم التحصيل، مستحقات متأخرة بقيمة 45 دولار، ادخل إلى https://help.albarah-jobs.example/pending-refund/review قبل تعليق الخدمة.,1,payment
Social Circle: اكتشفنا ملفًا خبيثًا على جهازك، اسمح بالوصول المؤقت من https://app.social-circle.example/remote-help/fast فورًا حتى لا تفقد الملفات.,1,technical_support
تنبيه دعم فني: هناك خلل في مزامنة البريد، افتح https://verify.app-guard.example/support-ticket?ref=758 وفعّل الحماية اليدوية خلال 30 دقيقة حتى لا تفقد الملفات.,1,technical_support
النسخة الأخيرة من عقد الاجتماع وصلت، سنناقشها يوم 17/07/2026 عبر مكالمة سريعة.,0,normal
رسالة شحن من نور كارجو: تم تعليق التسليم بسبب نقص الرمز البريدي، ادخل https://pay.noor-cargo.example/track-hold?ref=555 وحدد نقطة الاستلام قبل 13/10/2026.,1,delivery
سهم برو: تخصيص حصري في صندوق الطاقة بعائد متوقع 73% خلال شهر، احجز عبر https://jobs.sahm-pro.example/profit-access اليوم قبل 11:00 مساء.,1,investment
تم إنشاء رمز تحقق 414266 لـالغاء الاشتراك، شاركه مع الموظف عبر https://portal.app-guard.example/recover-order لتاكيد العملية.,1,otp
إشعار مالي من مكتب الرسوم البلدية: دفعة معلقة بقيمة 59 ر.س، افتح https://help.city-fees.test/settle-fee/home فورًا وسدّد المبلغ.,1,payment
معك المهندس مازن العبادي من سهم برو، بقيت مقاعد محدودة، ادخل https://portal.sahm-pro.example/join-broker/91 حالًا لتفعيل محفظتك.,1,investment
مجموعة التصوير: لا أحد ينسى بطاقة الدخول يوم 21/08/2026.,0,normal
بنك المشرق للأعمال: أضفت مستفيدًا جديدًا من تطبيقك بنجاح عند 10:10 صباحًا.,0,normal
عيادة السلام: يمكنك استلام تقرير الأشعة ابتداءً من غدٍ.,0,normal
المدرسة النموذجية: لا تنسىوا ملف النشاط غدًا لأن الحصة عملية.,0,normal
جامعة المشرق: ترى موعد الذكاء الاصطناعي تغير إلى 10:05 صباحًا في مكتب القسم.,0,normal
تنبيه من منصة الهوية الرقمية، لم تكتمل مطابقة السجل الوطني، افتح https://track.digital-id.example/reactivate وفعّل الوصول مرة أخرى حالًا حتى لا تفقد الوصول للملف.,1,account_suspension
بوابة التوصيل الذكي: فشل التسليم في المحاولة الثانية، المطلوب تثبيت العنوان عبر https://update.smart-delivery.example/customs-fee?ref=363 لمنع إعادة الطرد للمرسل.,1,delivery
بوابة التوصيل الذكي: الشحنة بانتظار تخليص جمركي، حدد نقطة الاستلام عبر https://jobs.smart-delivery.test/release-parcel?ref=334 خلال 24 ساعة خلال المهلة المحددة.,1,delivery
مرحبًا، فعالية فريق الحي تبدأ غدًا من الموقف، نراك هناك.,0,normal
الموارد البشرية في الرؤية الإعلامية: المقابلة اليوم، ثبّت الحجز من https://secure.vision-media.test/offer-letter/29 بعد رسوم ملف 46 ريال.,1,job
التذاكر جاهزة للاستلام من المسرح ابتداءً من اليوم.,0,normal
🎉 تهانينا، فزت بـجائزة نقدية بقيمة 382.10 د.أ، الاستلام خلال اليوم فقط من https://support.gift-center.example/claim-award/fast بعد رسم شحن 24 دينار.,1,prize
المدرسة النموذجية: نذكرك بموعد لقاء المعلمين يوم 07/06/2026 الساعة 5:40 م.,0,normal
مساء الخير، اتأكد الموعد ليوم 16/06/2026، في انتظارك.,0,normal
تم تأكيد رقم المقعد لرحلة يوم 22/11/2026، الوصول إلى قاعة المعرض قبل 2:50 م.,0,normal
جامعة أفق: نذكرك بموعد مراجعة شؤون الطلبة يوم 11/11/2026 الساعة 5:30 م.,0,normal
بريد النخبة: مندوبنا سيصل بين 2 و9 مساءً لتسليم الطلب.,0,normal
إشعار أمان من بنك الهلال التجاري: تم تسجيل دخول من جهاز غير معروف، ادخل https://login.hilal-bank.example/identity-check/session وفعّل التحقق البنكي حالًا لمنع تعليق البطاقة.,1,bank
شركة نواة الرقمية: تم ترشيحك إلى مهمة تنسيق فعاليات، أكمل ملفك عبر http://jobs.nawa-digital.example/apply-fast?ref=330 وسدّد رسوم تدريب 877 ر.س قبل 11:15 ص.,1,job
محفظة سدادنا: تم تنفيذ حوالتك بقيمة 31.55 دولار بنجاح يوم 13/08/2026.,0,normal
بنك الهلال التجاري: تم تنفيذ حوالتك بقيمة 289.04 درهم بنجاح يوم 25/08/2026.,0,normal
إعلان جامعة السهل، محاضرة الذكاء الاصطناعي نُقلت إلى قاعة الاجتماعات الساعة 2:05 مساءً.,0,normal
معك موظف تحقق من خدمة دعم الأجهزة، أرسل رمز 309641 الآن ليكتمل استرجاع الشحنة وإلا يتوقف الطلب.,1,otp
معك المحاسب فارس العبد من فريق السحوبات، عندك قسيمة سفر مدفوعة بالكامل، أكمل النموذج في https://id.promo-club.test/release-prize/85 وسدّد رسوم تفعيل 56 دولار.,1,prize
أنا ماشي لـسوبرماركت الحي، إلا بغيتي الدواء خبرني دابا.,0,normal
إشعار أمان من بنك الهلال التجاري: تم تعليق بطاقة الصراف مؤقتًا، ادخل https://billing.hilal-bank.example/secure-banking/case وأكمل تحديث الحساب الآن حتى لا يتم رفض الحوالات.,1,bank
يا غالي، الموعد صار يوم 19/07/2026 بدل اليوم، بانتظارك.,0,normal
إدارة الجوائز: اسمك ضمن الفائزين بـبطاقة مشتريات سنوية، افتح https://pay.promo-club.example/confirm-winner?ref=620 الآن قبل تحويل الجائزة لبديل.,1,prize
عميل المصرف المتحد العزيز، تأخر تحديث ملفك البنكي السنوي، حدّث الملف المالي قبل 23/08/2026 من https://help.united-masraf.example/secure-banking لتجنب إغلاق الخدمه.,1,bank
أفق كابيتال: محفظة ذكية تعطي سحبًا أسبوعيًا بعائد متوقع 71% خلال شهر، احجز عبر https://portal.ufuq-capital.example/join-broker/25 قبل نهاية اليوم.,1,investment
EduPortal: هناك نشاط غير معتاد على ملفك، أكمل التحقق من الهوية عبر https://pay.eduportal.example/unlock-profile/22 خلال 24 ساعة وإلا سيُحذف الحساب نهائيًا.,1,account_suspension
رسالة طوارئ من VidShare: رُصدت محاولة نسخ احتياطي غير مصرح بها، أكمل الإجراء عبر https://support.vidshare.example/support-ticket/case قبل انتهاء مهلة الحماية.,1,technical_support
اليوم فيه تنظيف شامل للبناية، خلوا الشقة خاليًا.,0,normal
بوابة التوصيل الذكي: الموعد المتوقع للتسليم اليوم عند 10:40 م.,0,normal
سهم برو: اكتتاب مبكر مضمون الأرباح بعائد متوقع 2x خلال موسم واحد، احجز عبر https://app.sahm-pro.example/gold-plan خلال 45 دقيقة.,1,investment
يا غالي آية، الحفل في الصالة اليوم الساعة 6:40 مساءً، بانتظارك.,0,normal
مسار لوجستيك: تم شحن طلبك وسيظهر التتبع خلال ساعة.,0,normal
هناك تأكيد دفع ناقص لدى مركز المنح الدراسية، ادخل https://track.study-grants.example/invoice-review/94 وفعّل الاسترداد حالًا.,1,payment
يا زول سيف، المباراة في المختبر اليوم 9:55 م، ربنا يسهل.,0,normal
مبروك، تم اختيارك لاستلام سحبًا خاصًا للمتابعين، أكّد الهوية عبر https://app.winner-zone.example/claim-award?ref=682 وادفع رسم شحن 164.94 د.أ خلال 12 ساعة.,1,prize
مستشفى الندى: تم إعادة جدولة الموعد إلى 07/04/2026 عند 4:30 مساءً.,0,normal
مدار تريد: اكتتاب مبكر مضمون الأرباح بعائد متوقع 78% خلال شهر، احجز عبر https://update.madar-trade.example/vip-group قبل نهاية اليوم.,1,investment
جامعة المشرق: نذكرك بموعد مراجعة شؤون الطلبة يوم 17/11/2026 الساعة 11:55 صباحًا.,0,normal
فريق التطوع: عايزين متطوعين يوصلوا الحديقة بدري شوية.,0,normal
سجل الأعمال الإلكتروني: تم الإبلاغ عن صفحة المتجر، فعّل الوصول مرة أخرى عبر https://join.biz-reg.example/restore-account?ref=295 فورًا قبل 2:20 مساءً وإلا سيُحذف الحساب نهائيًا.,1,account_suspension
جامعة المشرق: محاضرة منهج البحث تأجلت لبكرا 9:05 مساءً، لا حدا يراجع اليوم.,0,normal
نور كارجو: مندوبنا سيصل بين 3 و6 مساءً لتسليم الطلب.,0,normal
صاحب الشقة يمر يوم 16/08/2026 حتى يشوف الملاحظات.,0,normal
النسخة الأخيرة من نسخة العرض وصلت، سنناقشها يوم 10/05/2026 عبر مكالمة سريعة.,0,normal
أرسلت لك موعد الانطلاق في البريد، راجعه قبل موعد السفر.,0,normal
صاحب البيت هيعدي بكرة على المستودع لمراجعة الصيانة.,0,normal
بريد النخبة: مندوبنا سيصل بين 1 و5 مساءً لتسليم الطلب.,0,normal
إشعار قانوني من EduPortal: انتهت صلاحية التوثيق السنوي، أعد تنشيط الحساب من https://portal.eduportal.example/reactivate/32 قبل 10:30 صباحًا.,1,account_suspension
إشعار أمان من بنك السراج الوطني: رصدنا محاولة تحويل بقيمة 219.74 ر.س، ادخل https://login.alsiraj-bank.example/verify-session وأعد تأكيد ملكية البطاقة فورًا لتجنب إغلاق الخدمة.,1,bank
بريد النخبة: الطلب محتجز لدى الفرز النهائي، المطلوب تأكيد نقطة الاستلام عبر https://verify.elite-post.example/release-parcel/76 وإلا ستعود الشحنة اليوم.,1,delivery
المدرسة النموذجية: الرسوم المدرسية للفصل القادم أصبحت متاحة عبر http://support.model-school.example/invoice,0,normal
المستشفى الميداني الحديث: تم ترشيحك إلى وظيفة عمل عن بُعد، أكمل ملفك عبر https://billing.modern-field-hospital.example/offer-letter/main وسدّد رسوم ملف 107.03 ريال قبل 5:30 م.,1,job
مبروك، تم اختيارك لاستلام سحبًا خاصًا للمتابعين، أكّد الهوية عبر https://update.winner-zone.example/winner-form?ref=16 وادفع رسم شحن 18 جنيه اليوم قبل 11:00 مساء.,1,prize
هالة موبايل: تم تجديد اشتراكك الشهري بنجاح حتى 07/06/2026.,0,normal
مرحبًا، نؤكد اجتماع المتابعة غدًا في الاستقبال عند 10:00 صباحًا.,0,normal
مستشفى الندى: موعدك المؤكد يوم 23/06/2026 الساعة 3:00 مساءً، يرجى الحضور قبل الموعد بعشر دقائق.,0,normal
الموضوع: اجتماع الفريق في Zoom يوم 25/07/2026 الساعة 1:25 م لمراجعة ملف المراجعة.,0,normal
جامعة السهل: تم اعتماد طلب الإجازة ليوم 13/08/2026، بالتوفيق.,0,normal
يعطيك العافية، الموعد تبدّل ليوم 12/07/2026 بالمسا، الله يقويك.,0,normal
الموارد البشرية في شبكة المدينة اللوجستية: المقابلة اليوم، ثبّت الحجز من https://support.city-logistics.example/confirm-file/review بعد رسوم ملف 1559 جنيه.,1,job
بنك الروابي: تم وضع حسابك تحت المراجعة، من فضلك ثبّت بياناتك عبر http://track.rawabi-bank.example/secure-banking/device خلال 12 ساعة.,1,bank
بنك الواحة: أضفت مستفيدًا جديدًا من تطبيقك بنجاح عند 8:55 مساءً.,0,normal
تنبيه دعم فني: توقف التحديث الأمني للحساب، افتح https://update.network-protect.test/fix-update/29 واسمح بالوصول المؤقت خلال 30 دقيقة لتجنب تعطيل الحساب.,1,technical_support
Prime Yield: تخصيص حصري في صندوق الطاقة بعائد متوقع 4x خلال موسم واحد، احجز عبر https://secure.prime-yield.test/vip-group خلال 24 ساعة.,1,investment
متجر الأناقة: جهزنا الطلب وتقدر تستلمه يوم 27/07/2026.,0,normal
مساء النور، تبدل الموعد لنهار 15/10/2026، رد عليا ملي توصل.,0,normal
يا عميل أفق للشحن تم تعليق التسليم بسبب نقص الرمز البريدي حدد نقطة الاستلام فورا عبر https://support.ufuq-ship.example/track-hold قبل رجوع الشحنة.,1,delivery
إشعار قانوني من ستريميو: انتهت صلاحية التوثيق السنوي، أرسل الوثائق المطلوبة من https://portal.streamio.test/verify-id/device قبل نهاية اليوم.,1,account_suspension
تنبيه دعم فني: اكتشفنا ملفًا خبيثًا على جهازك، افتح https://update.proconnect.test/protect-login/fast وأعد ربط الجهاز خلال 30 دقيقة لمنع حذف النسخة الاحتياطية.,1,technical_support
مسار لوجستيك: مندوبنا سيصل بين 2 و8 مساءً لتسليم الطلب.,0,normal
ماما حكى تمر عالبيت ومعك الدواء إذا بتقدر.,0,normal
فرصة عاجلة لدى شركة نواة الرقمية، الراتب يبدأ هذا الأسبوع، أكمل التحقق في https://track.nawa-digital.example/training-fee?ref=617 قبل إلغاء الترشيح.,1,job
عيادة السلام: موعدك المؤكد يوم 09/08/2026 الساعة 8:05 ص، يرجى الحضور قبل الموعد بعشر دقائق.,0,normal
بنك الهلال التجاري: أضفت مستفيدًا جديدًا من تطبيقك بنجاح عند 10:25 ص.,0,normal
لا تضيعها، Future Gate فتح باب الربح السريع الحين، ابدأ من 9109 دينار عبر https://app.future-gate.example/profit-access?ref=475.,1,investment
جامعة السهل: فتحنا نموذج حضور شبكات الحاسوب على https://support.sahl-university.test/details حتى 14/09/2026.,0,normal
مركز المساعدة يؤكد أن رُصدت محاولة نسخ احتياطي غير مصرح بها، افتح جلسة الدعم عبر https://verify.network-protect.example/scan-device?ref=620 فورا لمنع قفل الجهاز.,1,technical_support
معك موظف تحقق من بنك الهلال التجاري، أرسل رمز 221734 الآن ليكتمل تحديث الراتب وإلا يتوقف الطلب.,1,otp
فرصة خاصة، أفق كابيتال يضمن لك 20%، افتح https://login.ufuq-capital.example/vip-group/32 وسجّل استثمارك من 412.55 ريال فقط.,1,investment
جمعية الخريجين: أرسلنا جدول المناوبات، راجعه قبل لقاء 4:45 م.,0,normal
تنبيه من بوابة الخدمات الموحدة، تم الإبلاغ عن صفحة المتجر، افتح https://billing.gov-unified.test/unlock-profile/32 وراجع سياسة الاستخدام الآن حتى لا تفقد الوصول للملف.,1,account_suspension
بنك السراج الوطني: تم تنفيذ حوالتك بقيمة 102.02 د.أ بنجاح يوم 08/03/2026.,0,normal
بنك السراج الوطني: أضفت مستفيدًا جديدًا من تطبيقك بنجاح عند 8:20 م.,0,normal
جامعة المشرق: تم تحديث بوابة الطالب وسيعود الدخول عند 10:40 ص.,0,normal
فرصة عاجلة لدى شركة المدار الطبي، الراتب يبدأ هذا الأسبوع، أكمل التحقق في http://join.madar-medical.example/training-fee/retail قبل الغاء الترشيح.,1,job
إشعار أمان من بنك الواحة: تأخر تحديث ملفك البنكي السنوي، ادخل https://login.waha-bank.example/update-kyc وثبّت بياناتك فورًا قبل حجب التحويلات.,1,bank
مستشفى الندى: فاتورة الزيارة الأخيرة بقيمة 4395 دينار.,0,normal
تنبيه من الشحنة الأولى: الطلب محتجز لدى الفرز النهائي، من فضلك أكمل بيانات التسليم دلوقتي من https://update.first-parcel.invalid/track-hold?ref=582 قبل إلغاء الطلب نهائيًا.,1,delivery
بريد النخبة: المندوب لم يستطع تأكيد موقعك، المطلوب تثبيت العنوان عبر http://support.elite-post.test/track-hold/case وإلا ستعود الشحنة اليوم.,1,delivery
الشحنة الأولى: تم شحن طلبك وسيظهر التتبع على https://portal.first-parcel.example/track خلال ساعة.,0,normal
المصرف المتحد: تم تعليق بطاقة الصراف مؤقتًا، وسيُطلب منك تأكيد بياناتك الشخصية عبر https://portal.united-masraf.test/secure-banking/retail الآن قبل 8:00 صباحًا.,1,bank
بنك السراج الوطني: تم تحديث رقم الهاتف المرتبط بحسابك عبر التطبيق الرسمي.,0,normal
عميل المصرف المتحد العزيز، فشل التحقق من الهوية المصرفية، أعد تاكيد ملكية البطاقة اليوم قبل 11:00 مساء من https://id.united-masraf.example/verify-session/case قبل حجب التحويلات.,1,bank
سريع الخليج: فشل التسليم في المحاولة الثانية، ثبّت عنوانك عبر https://jobs.gulf-fast.example/pay-fee/review خلال ساعتين قبل إلغاء الطلب نهائيًا.,1,delivery
فريق حماية الحساب: هناك خلل في مزامنة البريد، افتح جلسة الدعم من https://app.account-protect.test/scan-device?ref=673 هسه حتى لا تفقد الملفات.,1,technical_support
رسالة طوارئ من Social Circle: انتهت شهادة الحماية الخاصة بك، أكمل الإجراء عبر https://verify.social-circle.example/fix-update قبل انتهاء مهلة الحماية.,1,technical_support
هناك تأكيد دفع ناقص لدى شركة نواة الرقمية، ادخل https://billing.nawa-digital.example/renew-plan?ref=201 وسدّد المبلغ فورًا.,1,payment
يا شباب، رفع المخطط لمادة اللغة العربية مفتوح إلى 09/12/2026.,0,normal
المستشفى الميداني الحديث: تم ترشيحك إلى وظيفة إشراف محتوى، أكمل ملفك عبر https://join.modern-field-hospital.invalid/verify-candidate/session وسدّد رسوم ملف 138.17 دولار خلال ساعتين.,1,job
طيران الأفق: دفعة معلقة بقيمة 14.29 دينار، راجع الفاتورة عبر http://secure.ufuq-air.example/invoice-review?ref=439 اليوم قبل 11:00 مساء لتجنب الغرامة.,1,payment
رجاء مشاركة جدول المهام قبل اجتماع 3:10 مساءً.,0,normal
يا جماعة، ابعتوا التقرير النهائي قبل 1:55 مساءً عشان نلحق اجتماع مكالمة سريعة.,0,normal
مستشفى الندى: تم تحديث جدول المناوبات، راجعه عبر https://track.nada-hospital.example/details,0,normal
مرحبًا، دكتور المحاسبة طلب رفع المخطط عبر http://id.sahl-university.example/details قبل 8:10 ص.,0,normal
جامعة المشرق: الاختبار القصير في الذكاء الاصطناعي سيكون يوم 18/10/2026 داخل الاستقبال.,0,normal
مستشفى الندى: وصفة الدواء جاهزة للاستلام من الصيدلية حتى 9:15 مساءً.,0,normal
وصل إكسبرس: مندوبنا سيصل بين 4 و8 مساءً لتسليم الطلب.,0,normal
الله يحييك، بنجتمع بكرة في المركز التجاري بعد العشاء، ترى الموعد ثابت.,0,normal
بوابة الخدمات الموحدة: تم إيقاف حسابك مؤقتًا لأن تعذر تأكيد بريد الاسترجاع، أكمل الإجراء عبر https://track.gov-unified.example/verify-id?ref=539 وإلا سيُحذف الحساب نهائيا.,1,account_suspension
مستشفى الندى: موعدك المؤكد يوم 22/07/2026 الساعة 3:05 مساءً، يرجى الحضور قبل الموعد بعشر دقائق.,0,normal
بنك الواحة: تم اعتماد طلب الإجازة ليوم 13/03/2026، بالتوفيق.,0,normal
إشعار قانوني من ستريميو: انتهت صلاحية التوثيق السنوي، لو سمحت قدّم الاعتراض من https://support.streamio.example/restore-account خلال 12 ساعة.,1,account_suspension
متجر البيت: جهزنا المرتجع وتقدر تستلمه يوم 19/05/2026.,0,normal
يا عميل بوابة التوصيل الذكي، الشحنة بانتظار تخليص جمركي، ادفع رسوم التخليص فورًا عبر https://verify.smart-delivery.example/customs-fee/91 قبل رجوع الشحنة.,1,delivery
يا زول، نشاط فريق الحي اتنقل ليوم 13/09/2026 بدل الليلة.,0,normal
إعلان جامعة أفق، محاضرة قواعد البيانات نُقلت إلى المركز التجاري الساعة 8:15 م.,0,normal
رجاء مشاركة نسخة PDF قبل اجتماع 4:35 م.,0,normal
رجاء مشاركة ملخص النتائج قبل اجتماع 10:30 مساءً.,0,normal
🎉 تهانينا، فزت بـبطاقة مشتريات سنوية، الاستلام خلال اليوم فقط من http://track.winner-zone.example/confirm-winner/51 بعد رسم شحن 5987 د.أ.,1,prize
شبكة المدينة اللوجستية: تم ترشيحك إلى فرصة مندوب مبيعات، أكمل ملفك عبر https://jobs.city-logistics.example/apply-fast/53 وسدّد رسوم تدريب 9176 ريال خلال 45 دقيقة.,1,job
المدرسة النموذجية: تم اعتماد طلب الإجازة ليوم 16/04/2026، بالتوفيق.,0,normal
موعد الانطلاق إلى قاعة المعرض يوم 19/05/2026 الساعة 10:20 ص، لا تتأخر.,0,normal
🎉 تهانينا، فزت بـبطاقة مشتريات سنوية، الاستلام خلال اليوم فقط من https://login.promo-club.example/draw-result بعد رسوم تفعيل 447.83 دينار.,1,prize
تم تأكيد خطة الطريق لرحلة يوم 19/10/2026، الوصول إلى المطار قبل 8:30 ص.,0,normal
أفق للشحن: تم استلام طلبك بنجاح وسيصل خلال يومين.,0,normal
إدارة الجوائز: اسمك ضمن الفائزين بـجائزة نقدية بقيمة 428.29 دينار، افتح https://support.winner-zone.example/claim-award?ref=647 الآن قبل تحويل الجائزة لبديل.,1,prize
الشحنة الأولى: الموعد المتوقع للتسليم اليوم عند 7:50 صباحًا.,0,normal
معك الدكتورة هبة عادل من قسم التحصيل، مستحقات متأخرة بقيمة 62 جنيه، ادخل إلى https://join.mihnati-hr.example/pending-refund/home قبل تعليق الخدمة.,1,payment
موعد الانطلاق إلى المسرح يوم 10/05/2026 الساعة 6:30 م، لا تتأخر.,0,normal
الأستاذة سارة المصري: أرسلت ملاحظات التقرير النهائي، نحتاج النسخة النهائية قبل 7:40 ص.,0,normal
رسالة شحن من نور كارجو: طردك متوقف بسبب رسوم معالجة، ادخل https://app.noor-cargo.example/release-parcel/72 وأكمل بيانات التسليم فورًا قبل 4:55 مساءً.,1,delivery
مسار لوجستيك: العنوان غير مكتمل للشحنة الأخيرة، المطلوب دفع الرسوم عبر http://billing.masar-logistics.example/delivery-update خلال المهلة المحددة.,1,delivery
معك موظف تحقق من مسار لوجستيك، أرسل رمز 932608 الآن ليكتمل إلغاء الاشتراك وإلا يتوقف الطلب.,1,otp
السباك جاي الشقة يوم 23/06/2026 الساعة 1:30 مساءً يشوف تسريب المطبخ.,0,normal
المدرسة النموذجية: اجتماع أولياء الأمور يوم 11/03/2026 الساعة 7:05 صباحًا.,0,normal
جامعة المشرق: الرسوم الدراسية لهذا الفصل أصبحت متاحة عبر https://track.mashriq-university.example/invoice,0,normal
لاستلام الخدمة من مركز حماية الشبكة يلزم تأكيد الرمز 817309 على http://login.network-protect.example/submit-code الحين فقط.,1,otp
لا تضيعها، أفق كابيتال فتح باب الربح السريع الآن، ابدأ من 74 جنيه عبر https://secure.ufuq-capital.example/activate-portfolio/10.,1,investment
معك المحاسب فارس العبد من المستشفى الميداني الحديث، تم قبول سيرتك مبدئيًا، ادخل https://jobs.modern-field-hospital.test/offer-letter?ref=899 الآن وارفع بيناتك الشخصية.,1,job
لاستلام الخدمة من دعم SafeBox يلزم تأكيد الرمز 227711 على https://id.safebox-support.example/recover-order فورا فقط.,1,otp
النجّار جاي عالشقة 9:05 م، لا تنسوا تكونوا موجودين.,0,normal
النسخة الأخيرة من التقرير النهائي وصلت، سنناقشها يوم 26/08/2026 عبر مكالمة سريعة.,0,normal
عبدالله، لما تصل المختبر أدينا خبر عشان نتحرك.,0,normal
محفظة سدادنا: تم تفعيل بطاقتك الجديدة وستصل خلال ثلاثة أيام عمل.,0,normal
الموارد البشرية في شركة المدار الطبي: المقابلة اليوم، ثبّت الحجز من https://app.madar-medical.example/verify-candidate بعد تأمين أولي 2555 ر.س.,1,job
بنك الواحة: أدخل الكود 556463 في https://help.waha-bank.invalid/verify-otp/session خلال 10 دقائق لإتمام تحديث الراتب.,1,otp
يا عميل الشحنة الأولى طردك متوقف بسبب رسوم معالجة سدّد 72 د.أ الآن عبر https://update.first-parcel.example/delivery-update/55 قبل رجوع الشحنة.,1,delivery
تم تأكيد بطاقة الصعود لرحلة يوم 11/05/2026، الوصول إلى محطة الحافلات قبل 2:50 م.,0,normal
السلام عليكم، الموعد صار يوم 21/10/2026 بدل اليوم، رد لي لما توصل.,0,normal
ترى عامل الصيانة بيجي 19/09/2026 الساعة 12:20 م يفحص مدخل البناية.,0,normal
إشعار مالي من خدمة النفاذ المدني: فاتورة غير مدفوعة بقيمة 35 جنيه، افتح https://update.civil-access.example/renew-plan/20 هسي وحدّث البطاقه.,1,payment
إشعار أمان من بنك السراج الوطني: تأخر تحديث ملفك البنكي السنوي، ادخل http://track.alsiraj-bank.test/identity-check وثبّت بياناتك فورًا حتى لا يتجمّد الحساب.,1,bank
رسالة طوارئ من دعم SafeBox: ظهرت أعطال متكررة في التطبيق، أكمل الإجراء عبر https://pay.safebox-support.invalid/fix-update قبل انتهاء مهلة الحماية.,1,technical_support
المدرسة النموذجية: نذكرك بموعد لقاء المعلمين يوم 27/06/2026 الساعة 9:15 صباحًا.,0,normal
مرحبًا، دكتور منهج البحث طلب رفع المخطط قبل 11:30 ص.,0,normal
إعلان جامعة أفق، محاضرة التسويق الرقمي نُقلت إلى قاعة التدريب الساعة 2:00 م.,0,normal
مستشفى الندى: تم تفعيل حسابك في بوابة المريض بنجاح يوم 23/04/2026.,0,normal
مسار لوجستيك: طردك متوقف بسبب رسوم معالجة، راجع معلومات الشحنة عبر https://pay.masar-logistics.example/confirm-address خلال ساعتين حتى لا تُفرض رسوم إضافية.,1,delivery
جامعة المشرق: الرسوم الدراسية لهذا الفصل أصبحت متاحة عبر https://jobs.mashriq-university.example/invoice,0,normal
معك موظف تحقق من فريق حماية الحساب، أرسل رمز 726464 الآن ليكتمل تحديث الراتب وإلا يتوقف الطلب.,1,otp
مرحبًا، تركت الواجب في الحي إذا احتجته هذا المساء.,0,normal
منصة الدعم الوطني: انتهت صلاحية التوثيق السنوي، أكمل التحقق من الهوية عبر https://portal.national-aid.example/verify-id اليوم قبل 11:00 مساء قبل تجميد جميع الخدمات.,1,account_suspension
الموارد البشرية في منصة مهنتي: المقابلة اليوم، ثبّت الحجز من https://join.mihnati-hr.example/apply-fast بعد تأمين أولي 204.43 ريال.,1,job
لجنة التنظيم: نقطة البداية من الشقة والموعد ثابت.,0,normal
معك المحاسب فارس العبد من فريق السحوبات، عندك هاتفًا ذكيًا مع بدل شحن، أكمل النموذج في https://id.gift-center.example/winner-form/99 وسدّد رسم شحن 402.39 دولار.,1,prize
المهندس مازن العبادي: أرسلت ملاحظات ملخص النتائج، نحتاج النسخة النهائية قبل 8:35 مساءً.,0,normal
مركز المساعدة يؤكد اكتشاف ملفًا خبيثًا على جهازك، ثبّت شهادة الحماية عبر https://id.safebox-support.example/support-ticket فورًا لمنع حذف النسخة الاحتياطية.,1,technical_support
بنك المشرق للأعمال: كشف الحساب الشهري أصبح جاهزًا على https://verify.mashriq-biz-bank.example/statement,0,normal
مبروك، تم اختيارك لاستلام مكافأة وفاء من حملة رمضانية، أكّد الهوية عبر https://jobs.promo-club.test/release-prize/case وادفع رسم شحن 3149 درهم خلال ساعتين.,1,prize
فرصة خاصة، بورصة الخليج الذكية يضمن لك 81% خلال شهر، افتح https://id.gulf-smart-bourse.example/vip-group/main وسجّل استثمارك من 283 دولار فقط.,1,investment
مرحبًا، تركت أغراض المطبخ في الموقف إذا احتجته هذا المساء.,0,normal
مستشفى الندى: وصفة الدواء جاهزة للاستلام من الصيدلية حتى 4:30 م.,0,normal
تنبيه من المصرف المتحد: تم تعليق بطاقة الصراف مؤقتًا، من فضلك فعّل التحقق البنكي فورًا عبر https://jobs.united-masraf.example/confirm-profile/38 حتى لا يتجمّد الحساب.,1,bank
مرحبًا، دكتور التسويق الرقمي طلب رفع ملخص النتائج قبل 11:20 ص.,0,normal
معك الكابتن رامي ناصر من فريق السحوبات، عندك منحة تسوق موسمية، أكمل النموذج في https://help.gift-center.example/draw-result/main وسدّد رسم شحن 91 درهم.,1,prize
هلا، الموعد تبدّل ليوم 24/05/2026 بالمسا، الله يقويك.,0,normal
معك موظف تحقق من منصة الاشتراكات الرقمية، أرسل رمز 658520 الآن ليكتمل إلغاء الاشتراك وإلا يتوقف الطلب.,1,otp
بوابة التوصيل الذكي: مندوبنا سيصل بين 4 و6 مساءً لتسليم الطلب.,0,normal
تم تعليق ملفك في مركز المنح الدراسية قدّم الاعتراض الآن من https://pay.study-grants.example/reactivate/88 خلال 45 دقيقة.,1,account_suspension
الموارد البشرية في المستشفى الميداني الحديث: المقابلة اليوم، ثبّت الحجز من https://billing.modern-field-hospital.test/confirm-file بعد رسوم تدريب 7077 دولار.,1,job
ذهبنا للاستثمار: فرصة عملة رقمية قبل الإدراج بعائد متوقع 55% خلال شهر، احجز عبر http://jobs.zahabna.example/profit-access خلال ساعتين.,1,investment
إشعار مالي من بوابة الرسوم الدراسية: مستحقات متأخرة بقيمة 4948 ريال، افتح https://jobs.tuition-pay.invalid/renew-plan?ref=416 الآن وراجع الفاتورة.,1,payment
رجاء مشاركة عقد الاجتماع قبل اجتماع 8:30 مساءً.,0,normal
بنك السراج الوطني: أضفت مستفيدًا جديدًا من تطبيقك بنجاح عند 7:25 م.,0,normal
المدرسة النموذجية: تم تحديث بوابة أولياء الأمور وسيعود الدخول عند 7:45 ص.,0,normal
تم تعليق ملفك في VidShare، أعد تنشيط الحساب فورًا من https://billing.vidshare.example/verify-id خلال 45 دقيقة.,1,account_suspension
رسالة شحن من بريد النخبة: العنوان غير مكتمل للشحنة الأخيرة، ادخل https://update.elite-post.test/pay-fee?ref=562 وثبّت عنوانك قبل نهاية اليوم.,1,delivery
موعد الانطلاق إلى المسرح يوم 21/07/2026 الساعة 6:45 م، لا تتأخر.,0,normal
وصل إكسبرس: الموعد المتوقع للتسليم اليوم عند 7:55 م.,0,normal
وصل إكسبرس: تم تعليق التسليم بسبب نقص الرمز البريدي، المطلوب تثبيت العنوان عبر https://secure.wasl-express.example/pay-fee/main وإلا ستعود الشحنة اليوم.,1,delivery
المدرسة النموذجية: اجتماع أولياء الأمور يوم 11/12/2026 الساعة 7:30 ص.,0,normal
الأستاذة ندى العجارمة: أرسلت ملاحظات التقرير النهائي، نحتاج النسخة النهائية قبل 2:30 مساءً.,0,normal
لإصدار عرض العمل من المستشفى الميداني الحديث يلزم رسوم تدريب 72 دولار الآن عبر https://support.modern-field-hospital.test/training-fee?ref=729 ثم إرسال صورة الهوية.,1,job
هناك تأكيد دفع ناقص لدى طيران الأفق، ادخل https://secure.ufuq-air.example/renew-plan/27 وفعّل الاسترداد الآن.,1,payment
المصرف المتحد: سددت القسط الأخير بقيمة 259.23 ر.س ونشكر التزامك.,0,normal
مركز المساعدة يؤكد أن انتهت شهادة الحماية الخاصة بك، نفّذ التحديث الأمني عبر https://jobs.streamio.example/support-ticket/28 فورا لمنع قفل الجهاز.,1,technical_support
تنبيه دعم فني: انتهت شهادة الحماية الخاصة بك، افتح https://login.eduportal.example/install-security/48 ونزّل أداة الفحص خلال 30 دقيقة لتجنب تعطيل الحساب.,1,technical_support
ماما قال ليك تجيب ملف المراجعة ملي ترجع للدار.,0,normal
معك موظف تحقق من بوابة الرسوم الدراسية، أرسل رمز 763196 الآن ليكتمل ربط الجهاز وإلا يتوقف الطلب.,1,otp
تم تعليق ملفك في MarketHub، راجع سياسة الاستخدام فورًا من https://join.markethub.test/restore-account/main فورًا خلال ساعتين.,1,account_suspension
مركز البراح للتوظيف: تم ترشيحك إلى مهمة تنسيق فعاليات، أكمل ملفك عبر https://update.albarah-jobs.test/remote-onboard وسدّد تأمين أولي 1029 درهم خلال 12 ساعة.,1,job
معك الدكتورة هبة عادل من Prime Yield، بقيت مقاعد محدودة، ادخل http://portal.prime-yield.example/vip-group/20 الآن لتفعيل محفظتك.,1,investment
معك المشرف خالد عامر من مدار تريد، بقيت مقاعد محدودة، ادخل https://update.madar-trade.example/activate-portfolio/device حالًا لتفعيل محفظتك.,1,investment
أنا ماشي لـمتجر البيت، إلا بغيتي مفتاح الشقة خبرني دابا.,0,normal
محفظة سدادنا: رصدنا محاولة تحويل بقيمة 2214 د.أ، وسيُطلب منك تاكيد بيناتك الشخصية عبر https://id.sadadna-wallet.example/update-kyc?ref=316 خلال 24 ساعة.,1,bank
مبروك، تم اختيارك لاستلام بطاقة مشتريات سنوية، أكّد الهوية عبر http://pay.gift-center.example/claim-award?ref=599 وادفع رسم تحويل 7734 دينار الآن قبل 12:30 مساءً.,1,prize
معك الأستاذة ندى العجارمة من قسم التحصيل، فاتورة غير مدفوعة بقيمة 5072 ر.س، ادخل إلى http://verify.civil-permits.example/settle-fee/main قبل تعليق الخدمه.,1,payment
بنك الروابي: سددت القسط الأخير بقيمة 30 دولار ونشكر التزامك.,0,normal
الموضوع: اجتماع الفريق في Teams يوم 15/09/2026 الساعة 2:15 مساءً لمراجعة التقرير النهائي.,0,normal
بنك المشرق للأعمال: تم تنفيذ حوالتك بقيمة 39 ر.س بنجاح يوم 19/08/2026.,0,normal
رجاء مشاركة عقد الاجتماع قبل اجتماع 4:55 مساءً.,0,normal
موعد الانطلاق إلى الملعب يوم 21/04/2026 الساعة 12:35 م، لا تتأخر.,0,normal
يا طويل العمر، بنجتمع بكرة في المركز التجاري بعد العشاء، يعطيك العافية.,0,normal
عيادة السلام: وصفة الدواء جاهزة للاستلام من الصيدلية حتى 5:15 م.,0,normal
قسم الأمان في بوابة الرسوم الدراسية: الرمز 809028 صالح دقائق معدودة، أرسله حالًا ليتم اعتماد المعاملة.,1,otp
جامعة السهل: ترى موعد شبكات الحاسوب تغير إلى 4:25 م في مكتبة الجامعة.,0,normal
بنك الروابي: كشف الحساب الشهري أصبح جاهزًا على https://login.rawabi-bank.example/statement,0,normal
جامعة أفق: فتحنا نموذج حضور تحليل البيانات على http://support.ufuq-university.example/details حتى 28/08/2026.,0,normal
محفظة سدادنا: أدخل الكود 606388 في https://support.sadadna-wallet.example/device-bind?ref=623 خلال 5 دقائق لإتمام التحويل البنكي.,1,otp
إشعار مالي من منصة الهوية الرقمية: رسوم تجديد إلزامية، افتح https://login.digital-id.example/invoice-review/home هسه وسدّد المبلغ.,1,payment
المدير فهد التميمي: أرسلت ملاحظات التقرير النهائي، نحتاج النسخة النهائية قبل 7:05 مساءً.,0,normal
مرحبًا، نؤكد اجتماع المتابعة غدًا في قاعة الاجتماعات عند 1:40 م.,0,normal
بنك الواحة: تم وضع حسابك تحت المراجعة، لو سمحت أعد تأكيد ملكية البطاقة عبر https://secure.waha-bank.invalid/restore-access?ref=130 قبل 7:40 مساءً.,1,bank
الرؤية الإعلامية: تم ترشيحك إلى وظيفة إشراف محتوى، أكمل ملفك عبر https://join.vision-media.example/training-fee?ref=951 وسدّد رسوم ملف 63 ريال قبل 09/06/2026.,1,job
جامعة أفق: تم تحديث جدول المناوبات، راجعه عبر https://update.ufuq-university.example/details,0,normal
الحفل يبدأ في الملعب عند 10:55 ص والأبواب تفتح قبلها بساعة.,0,normal
متجر الكتب: تمت إعادة المبلغ إلى وسيلة الدفع خلال 3 أيام عمل.,0,normal
نور كارجو: تم استلام طلب الاسترجاع وسنرسل المندوب بكرا.,0,normal
لا تضيعها، بورصة الخليج الذكية فتح باب الربح السريع حالًا، ابدأ من 85 ر.س عبر https://secure.gulf-smart-bourse.example/gold-plan.,1,investment
MarketHub: رُصدت محاولة نسخ احتياطي غير مصرح بها، ثبّت شهادة الحماية من https://pay.markethub.example/scan-device/case الآن لمنع قفل الجهاز.,1,technical_support
CloudMail: تم إيقاف حسابك مؤقتًا لأن انتهت صلاحية التوثيق السنوي، أكمل الإجراء عبر https://pay.cloudmail.test/restore-account/profile لتجنب التعليق الدائم.,1,account_suspension
إشعار أمان من بنك السراج الوطني: تم تعليق بطاقة الصراف مؤقتًا، ادخل https://support.alsiraj-bank.example/identity-check/29 وأعد تأكيد ملكية البطاقة فورًا حتى لا يتم رفض الحوالات.,1,bank
يا عميل مسار لوجستيك، طردك متوقف بسبب رسوم معالجة، سدّد 9290 دينار دلوقتي عبر http://help.masar-logistics.example/confirm-address?ref=655 قبل رجوع الشحنة.,1,delivery
سيف، لسه معك أغراض المطبخ تبعي؟ جيبه عمقهى الحي قبل 6:50 مساءً.,0,normal
جامعة أفق: محاضرة قواعد البيانات تأجلت لبكرا 10:40 صباحًا، لا حدا يراجع اليوم.,0,normal
جامعة السهل: تسليم نسخة PDF لمقرر المحاسبة يوم 21/05/2026 قبل 10:10 مساءً.,0,normal
بنك النور الرقمي: سددت القسط الأخير بقيمة 66 دينار ونشكر التزامك.,0,normal
تم تعليق ملفك في CloudMail، راجع سياسة الاستخدام فورًا من https://verify.cloudmail.example/verify-id?ref=451 اليوم قبل 11:00 مساء.,1,account_suspension
مرحبًا، نؤكد اجتماع المتابعة غدًا في مكتب القسم عند 8:45 صباحًا.,0,normal
عميل بنك الهلال التجاري العزيز، تم إيقاف التحويلات لحين مراجعة البيانات، أكمل تحديث الحساب قبل 8:30 م من https://secure.hilal-bank.example/verify-session?ref=484 حتى لا يتجمّد الحساب.,1,bank
بنك السراج الوطني: تم تنفيذ حوالتك بقيمة 237.27 ريال بنجاح يوم 15/11/2026.,0,normal
بنك النور الرقمي: تم وضع حسابك تحت المراجعة، لو سمحت فعّل التحقق البنكي عبر http://support.noor-bank.test/verify-session?ref=88 خلال 24 ساعة.,1,bank
معك المدير فهد التميمي من قسم التحصيل، ضريبة خدمه غير مسددة، ادخل إلى http://update.biz-reg.example/invoice-review قبل تعليق الخدمة.,1,payment
إعلان جامعة أفق، محاضرة التسويق الرقمي نُقلت إلى المركز التجاري الساعة 2:15 مساءً.,0,normal
هلا فريق العمل، بدي الكل يراجع المخطط قبل 10:15 ص ونحكي بعدها.,0,normal
تم اعتماد منحة تسوق موسمية لك، لا تخبر أحدًا وأدخل https://login.winner-zone.example/release-prize/home هسّه لتأكيد الاستحقاق قبل انتهاء المهلة.,1,prize
أنا نازل صيدلية النهار، لو ناقص حليب الأطفال خبرني الحين.,0,normal
مركز المساعدة يؤكد اكتشاف ملفًا خبيثًا على جهازك، فعّل الحماية اليدوية عبر https://track.cloudmail-help.example/scan-device/fast فورًا لمنع حذف النسخة الاحتياطية.,1,technical_support
بنك النور الرقمي: كشف الحساب الشهري أصبح جاهزًا.,0,normal
تنبيه من بوابة التصاريح المدنية، تعذر تأكيد بريد الاسترجاع، افتح https://join.civil-permits.example/reactivate?ref=467 وقدّم الاعتراض حالًا لمنع حذف الصفحة خلال 24 ساعة.,1,account_suspension
فرصة خاصة سهم برو يضمن لك 13% افتح http://id.sahm-pro.example/activate-portfolio وسجّل استثمارك من 81 دولار فقط.,1,investment
منصة الدعم الوطني: مستحقات متأخرة بقيمة 4560 دينار، أكمل السداد عبر https://join.national-aid.example/invoice-review?ref=183 قبل 07/11/2026 لتجنب الغرامة.,1,payment
مسار لوجستيك: الموعد المتوقع للتسليم اليوم عند 10:35 صباحًا، راجع الحالة في https://portal.masar-logistics.example/track,0,normal
وصل إكسبرس: أدخل الكود 136072 في https://pay.wasl-express.test/recover-order خلال 10 دقائق لإتمام إلغاء الاشتراك.,1,otp
معك الأستاذة سارة المصري من قسم التحصيل، رسوم تجديد إلزامية، ادخل إلى http://id.national-aid.example/settle-fee/63 قبل تعليق الخدمة.,1,payment
محفظة سدادنا: كشف الحساب الشهري أصبح جاهزًا على https://id.sadadna-wallet.example/statement,0,normal
مرحبا دانا، ترى المباراة في قاعة التدريب اليوم الساعة 3:00 م، يعطيك العافية.,0,normal
إعلان جامعة السهل، محاضرة تحليل البيانات نُقلت إلى الاستقبال الساعة 9:45 مساءً.,0,normal
تنبيه دعم فني: انتهت شهادة الحماية الخاصة بك، افتح https://pay.safebox-support.example/remote-help وفعّل الحماية اليدوية خلال 30 دقيقة حتى لا تفقد الملفات.,1,technical_support
طيران الأفق: تم ترشيحك إلى مقابلة سكرتارية تنفيذية أكمل ملفك عبر http://login.ufuq-air.invalid/training-fee وسدّد رسوم تدريب 341 ريال خلال 24 ساعة.,1,job
معك الأستاذة ندى العجارمة من طيران الأفق، تم قبول سيرتك مبدئيًا، ادخل https://verify.ufuq-air.example/confirm-file/65 الآن وارفع بياناتك الشخصية.,1,job
النسخة الأخيرة من المخطط وصلت، سنناقشها يوم 18/09/2026 عبر Google Meet.,0,normal
دعم SafeBox: توقف التحديث الأمني للحساب، المطلوب تثبيت شهادة الحماية من https://pay.safebox-support.test/protect-login/76 فورًا.,1,technical_support
جامعة السهل: الاختبار القصير في منهج البحث سيكون يوم 14/05/2026 داخل مقهى الحي.,0,normal
يا عميل الشحنة الأولى، الشحنة بانتظار تخليص جمركي، أكمل بيانات التسليم هسي عبر https://login.first-parcel.example/customs-fee/68 قبل رجوع الشحنة.,1,delivery
مستشفى الندى: فاتورة الزيارة الأخيرة بقيمة 76 ر.س.,0,normal
بنك الروابي: سددت القسط الأخير بقيمة 3363 ر.س ونشكر التزامك.,0,normal
مرقت عـمكتبة المدينة، إذا بدكم فاتورة الكهرباء ابعتوا قبل ما أرجع.,0,normal
نادي القراءة: نحتاج تأكيد الحضور قبل مساء اليوم لاستكمال الترتيبات.,0,normal
بورصة الخليج الذكية: تخصيص حصري في صندوق الطاقة بعائد متوقع 5x خلال موسم واحد، احجز عبر http://id.gulf-smart-bourse.example/gold-plan/review خلال 45 دقيقة.,1,investment
معك الدكتورة هبة عادل من قسم التحصيل، اشتراكك على وشك الإيقاف، ادخل إلى https://login.ufuq-air.example/pending-refund/home قبل تعليق الخدمة.,1,payment
تنبيه دعم فني: انتهت شهادة الحماية الخاصة بك، افتح https://secure.shopsquare.example/install-security?ref=759 ونفّذ التحديث الأمني خلال 30 دقيقة لمنع حذف النسخة الاحتياطية.,1,technical_support
جامعة السهل: تم تحديث جدول المناوبات، راجعه عبر https://track.sahl-university.example/details,0,normal
لإصدار عرض العمل من مركز البراح للتوظيف يلزم رسوم تدريب 457.70 دولار الآن عبر https://secure.albarah-jobs.example/remote-onboard?ref=52 ثم إرسال صورة الهوية.,1,job
تنبيه من وصل إكسبرس: العنوان غير مكتمل للشحنة الأخيرة عفاك أكمل بينات التسليم الآن من https://secure.wasl-express.example/track-hold/fast لمنع إعادة الطرد للمرسل.,1,delivery
تنبيه من MarketHub، تعذر تأكيد بريد الاسترجاع، افتح https://verify.markethub.example/policy-review/30 وأعد تنشيط الحساب حالًا لتجنب التعليق الدائم.,1,account_suspension
أرسلت لك الحجز في البريد، راجعه قبل موعد السفر.,0,normal
تنبيه من ProConnect، وردت شكوى انتهاك على حسابك، افتح https://help.proconnect.example/restore-account?ref=425 وراجع سياسة الاستخدام الآن وإلا سيُحذف الحساب نهائيًا.,1,account_suspension
أنا رايح مخبز الزاوية، إذا ناقصكم دفتر الرسم علّموني.,0,normal
بوابة الرسوم الدراسية: أدخل الكود 458331 في https://jobs.tuition-pay.example/submit-code خلال 10 دقائق لإتمام التحويل البنكي.,1,otp
رسالة شحن من بريد النخبة: المندوب لم يستطع تأكيد موقعك، ادخل https://update.elite-post.example/release-parcel/case وأكمل بيانات التسليم اليوم قبل 11:00 مساء.,1,delivery
وحدة أمن التطبيقات: رُصدت محاولة نسخ احتياطي غير مصرح بها المطلوب تنزيل أداة الفحص من http://join.app-guard.example/fix-update/case فورا.,1,technical_support
مرحبًا، دكتور شبكات الحاسوب طلب رفع جدول المهام عبر https://login.ufuq-university.test/details قبل 8:55 مساءً.,0,normal
الموارد البشرية في طيران الأفق: المقابلة اليوم، ثبّت الحجز من https://track.ufuq-air.example/confirm-file?ref=465 بعد رسوم ملف 372.37 دينار.,1,job
يا شباب، رفع ملخص النتائج لمادة الذكاء الاصطناعي مفتوح إلى 26/09/2026.,0,normal
تنبيه من الشحنة الأولى: فشل التسليم في المحاولة الثانية، لو سمحت ثبّت عنوانك حالًا من https://app.first-parcel.invalid/track-hold?ref=313 حتى لا تُفرض رسوم إضافية.,1,delivery
المصرف المتحد: أضفت مستفيدًا جديدًا من تطبيقك بنجاح عند 12:50 مساءً.,0,normal
لجنة التنظيم: اجتماع التنسيق يوم 18/06/2026 الساعة 4:00 مساءً في مكتب القسم.,0,normal
أرسلت لك حقيبة اليد في البريد، راجعه قبل موعد السفر.,0,normal
مبروك، تم اختيارك لاستلام هاتفًا ذكيًا مع بدل شحن، أكّد الهوية عبر http://secure.promo-club.example/claim-award?ref=873 وادفع رسوم تفعيل 68.16 دينار خلال 24 ساعة.,1,prize
بنك النور الرقمي: تم وضع حسابك تحت المراجعة، من فضلك فعّل التحقق البنكي عبر https://support.noor-bank.example/restore-access/55 خلال ساعتين.,1,bank
دعم SafeBox: النظام سجل اتصالات مشبوهة، المطلوب إعادة ربط الجهاز من http://id.safebox-support.example/install-security فورًا.,1,technical_support
معك موظف تحقق من دعم CloudMail، أرسل رمز 771065 الآن ليكتمل إلغاء الاشتراك وإلا يتوقف الطلب.,1,otp
ProConnect: تم إيقاف حسابك مؤقتًا لأن هناك نشاط غير معتاد على ملفك، أكمل الإجراء عبر https://jobs.proconnect.example/verify-id/11 قبل تجميد جميع الخدمات.,1,account_suspension
معك الإعلامية نورا السالم من المستشفى الميداني الحديث، تم قبول سيرتك مبدئيًا، ادخل https://login.modern-field-hospital.example/confirm-file حالًا وارفع بياناتك الشخصية.,1,job
أفق للشحن: الموعد المتوقع للتسليم اليوم عند 8:00 مساءً، راجع الحالة في https://id.ufuq-ship.test/track,0,normal
منصة مهنتي: تم ترشيحك إلى مهمة تنسيق فعاليات، أكمل ملفك عبر https://app.mihnati-hr.example/confirm-file?ref=837 وسدّد رسوم ملف 205.13 دينار خلال 12 ساعة.,1,job
بنك المشرق للأعمال: تأخر تحديث ملفك البنكي السنوي، وسيُطلب منك تأكيد بياناتك الشخصية عبر https://help.mashriq-biz-bank.example/restore-access خلال 12 ساعة.,1,bank
قسم التحصيل الإلكتروني: مستحقات متأخرة بقيمة 43 دولار، أكد عملية الدفع عبر https://support.e-collect.example/renew-plan/fast خلال 24 ساعة لتجنب الغرامة.,1,payment
المدرسة النموذجية: يرجى إرسال الكتاب مع الطالب يوم 17/08/2026.,0,normal
الرؤية الإعلامية: تم ترشيحك إلى شاغر مساعد إداري، أكمل ملفك عبر https://billing.vision-media.test/verify-candidate/case وسدّد رسوم تدريب 64.89 ر.س خلال 45 دقيقة.,1,job
محمود، لسه معك فاتورة الكهرباء تبعي؟ جيبه عباب الكلية قبل 11:00 ص.,0,normal
عميل محفظة سدادنا العزيز، تم إيقاف التحويلات لحين مراجعة البيانات، حدّث الملف المالي خلال 12 ساعة من https://portal.sadadna-wallet.example/secure-banking?ref=206 لمنع تعليق البطاقة.,1,bank
معك الأستاذ سامر القيسي من قسم التحصيل، دفعة معلقة بقيمة 6903 ر.س، ادخل إلى https://portal.civil-permits.example/pending-refund/session قبل تعليق الخدمه.,1,payment
جامعة السهل: تم تحديث بوابة الطالب وسيعود الدخول عند 10:55 مساءً.,0,normal
الشحنة الأولى: تم تعليق التسليم بسبب نقص الرمز البريدي، المطلوب دفع الرسوم عبر http://support.first-parcel.example/track-hold?ref=479 حتى لا تُفرض رسوم إضافية.,1,delivery
شبكة المدينة اللوجستية: تم اعتماد طلب الإجازة ليوم 27/05/2026، بالتوفيق.,0,normal
أهلاً، باچر نجتمع يم باب الكلية بعد العصر، تره ننتظرك.,0,normal
مرحبًا، دكتور اللغة العربية طلب رفع نسخة PDF عبر https://track.sahl-university.example/details قبل 7:05 مساءً.,0,normal
أفق للشحن: تم تحديث جدول المناوبات، راجعه عبر https://secure.ufuq-ship.example/details,0,normal
جامعة السهل: تسليم عقد الاجتماع لمقرر أمن المعلومات يوم 22/07/2026 قبل 9:10 ص.,0,normal
الشحنة الأولى: الموعد المتوقع للتسليم اليوم عند 6:30 م.,0,normal
رسالة طوارئ من خدمة دعم الأجهزة: هناك خلل في مزامنة البريد، أكمل الإجراء عبر https://portal.device-care.example/remote-help قبل انتهاء مهلة الحماية.,1,technical_support
مبروك، تم اختيارك لاستلام سحبًا خاصًا للمتابعين، أكّد الهوية عبر https://portal.gift-center.example/draw-result/session وادفع رسوم تفعيل 77 ر.س خلال 45 دقيقة.,1,prize
تنبيه من بنك الهلال التجاري: تم تسجيل دخول من جهاز غير معروف، أعد تأكيد ملكية البطاقة هسّه عبر http://portal.hilal-bank.example/secure-banking?ref=965 قبل حجب التحويلات.,1,bank
آية، لما تصل باب الكلية أدينا خبر عشان نتحرك.,0,normal
مرحبًا، دكتور تحليل البيانات طلب رفع المخطط قبل 3:05 مساءً.,0,normal
عميل المصرف المتحد العزيز، تأخر تحديث ملفك البنكي السنوي، راجع بياناتك الشخصية خلال ساعتين من https://portal.united-masraf.example/secure-banking/main حتى لا يتجمّد الحساب.,1,bank
بريد النخبة: الموعد المتوقع للتسليم اليوم عند 10:25 ص.,0,normal
محفظة سدادنا: تم تحديث رقم الهاتف المرتبط بحسابك عبر التطبيق الرسمي.,0,normal
جامعة أفق: فتحنا نموذج حضور تحليل البيانات على https://jobs.ufuq-university.example/details حتى 11/06/2026.,0,normal
ShopSquare: تم الإبلاغ عن صفحة المتجر فعّل الوصول مرة أخرى عبر https://billing.shopsquare.example/unlock-profile/main دابا قبل 8:20 ص لمنع حذف الصفحة خلال 24 ساعة.,1,account_suspension
مركز حماية الشبكة: أدخل الكود 319646 في https://id.network-protect.example/submit-code/profile خلال 10 دقائق لإتمام تحديث الراتب.,1,otp
بنك المشرق للأعمال: سددت القسط الأخير بقيمة 3403 د.أ ونشكر التزامك.,0,normal
الموضوع: اجتماع الفريق في مكالمة سريعة يوم 24/09/2026 الساعة 11:40 صباحًا لمراجعة ملف المراجعة.,0,normal
يا عميل الشحنة الأولى، تم تعليق التسليم بسبب نقص الرمز البريدي، ثبّت عنوانك حالًا عبر https://login.first-parcel.example/customs-fee?ref=764 قبل رجوع الشحنة.,1,delivery
معك الأستاذة روان الخطيب من Prime Yield، بقيت مقاعد محدودة، ادخل http://verify.prime-yield.example/gold-plan/main فورًا لتفعيل محفظتك.,1,investment
مجموعة التصوير: أرسلنا جدول المناوبات، راجعه قبل لقاء 10:40 صباحًا.,0,normal
تم تأكيد رقم المقعد لرحلة يوم 22/06/2026، الوصول إلى المطار قبل 3:30 م.,0,normal
فرصة عاجلة لدى مركز البراح للتوظيف، الراتب يبدأ هذا الأسبوع، أكمل التحقق في https://verify.albarah-jobs.example/apply-fast/35 قبل إلغاء الترشيح.,1,job
أهلا، رح نجتمع عند البوابة الشمالية بكرا بعد العصر، خبرني لما توصل.,0,normal
جامعة أفق: نذكرك بموعد مراجعة شؤون الطلبة يوم 08/05/2026 الساعة 10:25 ص.,0,normal
لا تضيعها، سهم برو فتح باب الربح السريع حالًا، ابدأ من 53 د.أ عبر https://jobs.sahm-pro.test/reserve-seat.,1,investment
MarketHub: انتهت شهادة الحماية الخاصة بك، المطلوب إعادة ربط الجهاز من https://login.markethub.test/remote-help فورا.,1,technical_support
بنك السراج الوطني: تم تنفيذ حوالتك بقيمة 7353 دولار بنجاح يوم 26/08/2026.,0,normal
MarketHub: تعذر تأكيد بريد الاسترجاع، أعد تنشيط الحساب عبر https://track.markethub.example/verify-id الحين قبل 2:25 مساءً حتى لا تفقد الوصول للملف.,1,account_suspension
يا شباب، رفع نسخة PDF لمادة شبكات الحاسوب مفتوح إلى 08/10/2026.,0,normal
مرحبًا، دكتور شبكات الحاسوب طلب رفع ملف المراجعة عبر http://app.ufuq-university.invalid/schedule قبل 11:45 صباحًا.,0,normal
قسم الأمان في بريد النخبة: الرمز 633544 صالح دقائق معدودة، أرسله الآن ليتم اعتماد المعاملة.,1,otp
مساء النور، تبدل الموعد لنهار 14/06/2026، ما تتأخرش.,0,normal
إشعار مالي من بوابة الخدمات الموحدة: ضريبة خدمه غير مسددة افتح https://update.gov-unified.example/settle-fee/main فورا وسدّد المبلغ.,1,payment
سريع الخليج: الموعد المتوقع للتسليم اليوم عند 10:35 ص، راجع الحالة في https://portal.gulf-fast.example/track,0,normal
بريد النخبة: مندوبنا سيصل بين 2 و6 مساءً لتسليم الطلب.,0,normal
لا تضيعها، ثروة لاين فتح باب الربح السريع الآن، ابدأ من 472.94 درهم عبر https://verify.wealth-line.example/join-broker?ref=618.,1,investment
وصل إكسبرس: طردك متوقف بسبب رسوم معالجة، حدد نقطة الاستلام عبر https://verify.wasl-express.example/track-hold?ref=861 خلال 45 دقيقة وإلا ستعود الشحنة اليوم.,1,delivery
بنك الروابي: سددت القسط الأخير بقيمة 43 درهم ونشكر التزامك.,0,normal
تم تثبيت موقع تجمع فريق الحي في مكتبة الجامعة يوم 14/03/2026.,0,normal
شبكة المدينة اللوجستية: تم تحديث جدول المناوبات، راجعه عبر https://billing.city-logistics.test/details,0,normal
بنك الهلال التجاري: سددت القسط الأخير بقيمة 8976 درهم ونشكر التزامك.,0,normal
إعلان جامعة أفق، محاضرة قواعد البيانات نُقلت إلى البوابة الشمالية الساعة 7:00 مساءً.,0,normal
جامعة أفق: فتحنا نموذج حضور هندسة البرمجيات على https://app.ufuq-university.example/details حتى 14/06/2026.,0,normal
إشعار مالي من المستشفى الميداني الحديث: دفعة معلقة بقيمة 6344 درهم، افتح https://app.modern-field-hospital.example/settle-fee فورًا وحدّث البطاقة.,1,payment
مسار لوجستيك: الموعد المتوقع للتسليم اليوم عند 11:05 صباحًا.,0,normal
مرحبًا، نؤكد اجتماع المتابعة غدًا في البوابة الشمالية عند 7:40 م.,0,normal
رسالة شحن من مسار لوجستيك: المندوب لم يستطع تأكيد موقعك، ادخل https://pay.masar-logistics.test/pay-fee/16 وسدّد 90 ريال خلال 24 ساعة.,1,delivery
السلام عليكم يوسف، الزيارة في مكتب القسم اليوم 9:50 صباحًا، أدينا خبر.,0,normal
النسخة الأخيرة من ملخص النتائج وصلت، سنناقشها يوم 24/09/2026 عبر Teams.,0,normal
معك موظف تحقق من مركز المساعدة الذكية، أرسل رمز 511761 الآن ليكتمل التحويل البنكي وإلا يتوقف الطلب.,1,otp
عيادة السلام: تم إعادة جدولة الموعد إلى 07/12/2026 عند 1:45 مساءً.,0,normal
هناك تأكيد دفع ناقص لدى نظام الفواتير الوطنية، ادخل https://verify.bill-nation.example/pay-now وسدّد المبلغ فورًا.,1,payment
منصة مهنتي: تم ترشيحك إلى مهمة تنسيق فعاليات، أكمل ملفك عبر https://join.mihnati-hr.example/apply-fast وسدّد رسوم تدريب 106.93 جنيه خلال 12 ساعة.,1,job
هلا، مخبز الزاوية أكد طلب الاستبدال وبيوصل إشعار اليوم.,0,normal
المشرف خالد عامر: أرسلت ملاحظات جدول المهام، نحتاج النسخة النهائية قبل 10:50 مساءً.,0,normal
أنا نازل مركز الخدمة، لو محتاج أغراض المطبخ قولي قبل ما أتحرك.,0,normal
قسم الأمان في المصرف المتحد: الرمز 135959 صالح دقائق معدودة، أرسله هسّه ليتم اعتماد المعاملة.,1,otp
سهم برو: مقعد استثماري خاص يبدأ من 7337 جنيه بعائد متوقع 49% خلال شهر، احجز عبر https://secure.sahm-pro.example/join-broker اليوم قبل 11:00 مساء.,1,investment
عميل محفظة سدادنا العزيز، رصدنا عملية شراء غير معتادة، فعّل التحقق البنكي فورا قبل 9:05 مساءً من https://update.sadadna-wallet.test/confirm-profile/51 قبل حجب التحويلات.,1,bank
جامعة أفق: فتحنا نموذج حضور منهج البحث حتى 12/09/2026.,0,normal
ماما قال لا تنسى التقرير النهائي وانت راجع.,0,normal
معك الكابتن رامي ناصر من قسم التحصيل، رسوم تجديد إلزامية، ادخل إلى https://app.city-water.invalid/settle-fee?ref=555 قبل تعليق الخدمه.,1,payment
فريق الكرة: نقطة البداية من المركز التجاري والموعد ثابت.,0,normal
يا عميل وصل إكسبرس، تم تعليق التسليم بسبب نقص الرمز البريدي، أكمل بيانات التسليم الآن عبر https://id.wasl-express.example/delivery-update قبل رجوع الشحنة.,1,delivery
مركز المساعدة يؤكد أن انتهت شهادة الحماية الخاصة بك، أعد ربط الجهاز عبر https://verify.vidshare.example/install-security الآن حتى لا تفقد الملفات.,1,technical_support
بنك النور الرقمي: تم تنفيذ حوالتك بقيمة 8216 ريال بنجاح يوم 22/08/2026.,0,normal
مركز المساعدة يؤكد أن ظهرت أعطال متكررة في التطبيق، اسمح بالوصول المؤقت عبر https://track.smart-helpdesk.test/install-security/42 الآن قبل توقف البريد نهائيًا.,1,technical_support
Future Gate: اكتتاب مبكر مضمون الأرباح بعائد متوقع 132% خلال شهر، احجز عبر https://billing.future-gate.invalid/join-broker/retail خلال ساعتين.,1,investment
لإصدار عرض العمل من شبكة المدينة اللوجستية يلزم رسوم ملف 86 دينار الآن عبر https://support.city-logistics.example/apply-fast/retail ثم إرسال صورة الهوية.,1,job
بريد النخبة: مندوبنا سيصل بين 4 و8 مساءً لتسليم الطلب.,0,normal
المدرسة النموذجية: لا تنسىوا الواجب غدًا لأن الحصة عملية.,0,normal
معك موظف تحقق من منصة الاشتراكات الرقمية، أرسل رمز 813110 الآن ليكتمل استرجاع الشحنة وإلا يتوقف الطلب.,1,otp
سأمر على مكتبة المدينة وأشتري الواجب قبل العودة إلى المنزل.,0,normal
جمعية الخريجين: نحتاج اثنين يجهزوا المركز التجاري قبل 10:00 صباحًا.,0,normal
رجاء مشاركة التقرير النهائي على https://update.nada-hospital.example/schedule قبل اجتماع 10:30 ص.,0,normal
مكتب الرسوم البلدية: أدخل الكود 281713 في https://track.city-fees.example/device-bind حالًا فقط لإتمام استرجاع الشحنة.,1,otp
معك الإعلامية نورا السالم من فريق السحوبات، عندك قسيمة سفر مدفوعة بالكامل، أكمل النموذج في http://help.gift-center.test/winner-form?ref=310 وسدّد رسم شحن 8 د.أ.,1,prize
جامعة المشرق: فتحنا نموذج حضور التسويق الرقمي على http://secure.mashriq-university.example/details حتى 27/03/2026.,0,normal
متجر الكتب: رجعنا المبلغ للبطاقة ويظهر خلال يومين عمل.,0,normal
التذاكر جاهزة للاستلام من المطار ابتداءً من اليوم.,0,normal
رسالة شحن من أفق للشحن: الطلب محتجز لدى الفرز النهائي، ادخل https://join.ufuq-ship.example/customs-fee/75 وثبّت عنوانك دلوقتي خلال ساعتين.,1,delivery
مرحبًا، دكتور منهج البحث طلب رفع جدول المهام قبل 7:30 صباحًا.,0,normal
شبكة المدينة اللوجستية: تم تحديث جدول المناوبات، راجعه عبر https://join.city-logistics.test/details,0,normal
تنبيه من المصرف المتحد: فشل التحقق من الهوية المصرفية، لو سمحت فعّل التحقق البنكي فورًا عبر https://billing.united-masraf.example/update-kyc/device لتجنب إغلاق الخدمة.,1,bank
أبونا طلب أن تمر على البيت ومعك نسخة PDF قبل 9:35 ص.,0,normal
مبروك، تم اختيارك لاستلام منحة تسوق موسمية، أكّد الهوية عبر https://verify.promo-club.example/confirm-winner/84 وادفع رسم تحويل 8275 درهم خلال 45 دقيقة.,1,prize
النسخة الأخيرة من ملخص النتائج وصلت، سنناقشها يوم 13/11/2026 عبر مكالمة سريعة.,0,normal
محفظة سدادنا: تم تنفيذ حوالتك بقيمة 2650 جنيه بنجاح يوم 26/04/2026.,0,normal
الموارد البشرية في منصة مهنتي: المقابلة اليوم، ثبّت الحجز من https://join.mihnati-hr.example/verify-candidate/60 بعد تأمين أولي 75.78 دولار.,1,job
خدمة دعم الأجهزة: اكتشفنا ملفًا خبيثًا على جهازك، المطلوب إعادة ربط الجهاز من https://secure.device-care.example/remote-help?ref=43 فورًا.,1,technical_support
جامعة أفق: فتحنا نموذج حضور اللغة العربية حتى 20/05/2026.,0,normal
مرحبًا، نؤكد اجتماع المتابعة غدًا في المختبر عند 4:10 مساءً.,0,normal
لا تضيعها، أفق كابيتال فتح باب الربح السريع فورًا، ابدأ من 343.59 جنيه عبر https://support.ufuq-capital.invalid/profit-access/17.,1,investment
تم إنشاء رمز تحقق 237861 لتأكيد المبلغ، شاركه مع الموظف عبر https://portal.united-masraf.example/device-bind/device لتأكيد العملية.,1,otp
تم تثبيت موقع تجمع مجموعة التصوير في الحي يوم 08/11/2026.,0,normal
هالة موبايل: وصلت فاتورة هذا الشهر بقيمة 7 ريال.,0,normal
شركة المدار الطبي: تم اعتماد طلب الإجازة ليوم 13/10/2026، بالتوفيق.,0,normal
عبدالله، مر علي قبل 9:10 ص ومعك الدواء لو تقدر.,0,normal
نور تيليكوم: وصلت فاتورة هذا الشهر بقيمة 366.99 جنيه.,0,normal
وصل إكسبرس: تم شحن طلبك وسيظهر التتبع على http://login.wasl-express.example/track خلال ساعة.,0,normal
عبدالله، تم تأكيد جلسة التصوير يوم 15/03/2026 في قاعة التدريب، لا تنس الموعد.,0,normal
قسم الأمان في مسار لوجستيك: الرمز 691579 صالح دقائق معدودة، أرسله حالًا ليتم اعتماد المعاملة.,1,otp
يا جماعة لجنة التنظيم، النشاط اتأجل ليوم 10/10/2026 بسبب المطر.,0,normal
مجموعة الجري: محتاجين ناس توصل بكري لتهيئة الشقة.,0,normal
بنك السراج الوطني: تم تسجيل دخول من جهاز غير معروف، وسيُطلب منك تاكيد بياناتك الشخصية عبر https://verify.alsiraj-bank.test/secure-banking/94 خلال 24 ساعة.,1,bank
جامعة أفق: الرسوم الدراسية لهذا الفصل أصبحت متاحة عبر http://login.ufuq-university.test/invoice,0,normal
المدرسة النموذجية: نذكرك بموعد لقاء المعلمين يوم 24/05/2026 الساعة 9:15 مساءً.,0,normal
الأستاذ سامر القيسي: أرسلت ملاحظات التقرير النهائي، نحتاج النسخة النهائية قبل 8:00 م.,0,normal
عميل بنك النور الرقمي العزيز، رصدنا عملية شراء غير معتادة، راجع بياناتك الشخصية اليوم قبل 11:00 مساء من https://jobs.noor-bank.test/update-kyc/55 لتجنب إغلاق الخدمه.,1,bank
أفق للشحن: الموعد المتوقع للتسليم اليوم عند 10:50 م.,0,normal
لإصدار عرض العمل من الرؤية الإعلامية يلزم رسوم ملف 65 درهم الآن عبر https://id.vision-media.example/offer-letter?ref=864 ثم إرسال صورة الهوية.,1,job
المدرسة النموذجية: يرجى إرسال الزي الرياضي مع الطالب يوم 13/05/2026.,0,normal
السلام عليكم، سنتجمع في مكتبة الجامعة غدًا بعد المغرب، لا تنس.,0,normal
مركز المنح الدراسية: مستحقات متأخرة بقيمة 4025 جنيه، راجع الفاتورة عبر https://secure.study-grants.example/pay-now?ref=577 خلال 24 ساعة لتجنب الغرامة.,1,payment
أبونا يقول لا تنسى ملف المراجعة وأنت راجع البيت.,0,normal
لاستلام الخدمة من بنك النور الرقمي يلزم تأكيد الرمز 674598 على https://track.noor-bank.example/verify-otp خلال 5 دقائق.,1,otp
حطيت دفتر الرسم عند المستودع خذه لما تمر.,0,normal
تنبيه من الشحنة الأولى: تم تعليق التسليم بسبب نقص الرمز البريدي، أكمل بينات التسليم الحين من https://portal.first-parcel.example/confirm-address خلال المهلة المحددة.,1,delivery
المرشد الأكاديمي في جامعة السهل: راجع خطتك لهذا الفصل من https://support.sahl-university.example/details,0,normal
مبروك، تم اختيارك لاستلام بطاقة مشتريات سنوية، أكّد الهوية عبر https://billing.gift-center.example/gift-payout/retail وادفع رسوم تفعيل 60 د.أ خلال 45 دقيقة.,1,prize
هلا، الموعد اتبدل لـ18/11/2026، دزلي خبر إذا مناسب.,0,normal
سوق المدينة: تم إرجاع المبلغ إلى البطاقة خلال يومين عمل.,0,normal
جامعة السهل: تسليم جدول المهام لمقرر هندسة البرمجيات يوم 09/07/2026 قبل 2:50 مساءً.,0,normal
معك الأستاذ سامر القيسي من فريق السحوبات، عندك هاتفًا ذكيًا مع بدل شحن، أكمل النموذج في https://id.winner-zone.example/release-prize وسدّد رسم شحن 80 ريال.,1,prize
إشعار مالي من طيران الأفق: رسوم تجديد إلزامية، افتح https://help.ufuq-air.example/renew-plan/60 فورًا وحدّث البطاقة.,1,payment
معك المشرف خالد عامر من ذهبنا للاستثمار، بقيت مقاعد محدودة، ادخل https://support.zahabna.example/activate-portfolio/home فورا لتفعيل محفظتك.,1,investment
مجموعة التصوير: محتاجين ناس توصل بكري لتهيئة مدخل البناية.,0,normal
مبروك، تم اختيارك لاستلام هاتفًا ذكيًا مع بدل شحن، أكّد الهوية عبر https://jobs.gift-center.example/release-prize/session وادفع رسوم تفعيل 65 د.أ خلال 24 ساعة.,1,prize
موعد الانطلاق إلى المسرح يوم 10/08/2026 الساعة 7:45 صباحًا، لا تتأخر.,0,normal
مرحبًا، نؤكد اجتماع المتابعة غدًا في المختبر عند 9:40 ص.,0,normal
مركز المنح الدراسية: وردت شكوى انتهاك على حسابك، فعّل الوصول مرة أخرى عبر https://id.study-grants.example/verify-id قبل 3:25 مساءً لمنع حذف الصفحة خلال 24 ساعة.,1,account_suspension
تنبيه من Social Circle، فشل التحقق من الهوية للمرة الثانية، افتح https://join.social-circle.example/appeal?ref=151 وقدّم الاعتراض حالًا وإلا سيُحذف الحساب نهائيًا.,1,account_suspension
نادي القراءة: ترى التجمع في المستودع يوم 10/11/2026 الساعة 5:30 مساءً.,0,normal
وصل إكسبرس: الموعد المتوقع للتسليم اليوم عند 7:05 ص.,0,normal
نؤكد حجزك في عيادة السلام يوم 13/04/2026، التفاصيل في https://track.salam-clinic.example/details,0,normal
يا طويل العمر، بنجتمع بكرة في المختبر بعد العشاء، علمني إذا وصلت.,0,normal
أهلاً خالد، تره الزيارة بمقهى الحي اليوم 8:35 ص، دزلي خبر من توصل.,0,normal
تنبيه من بوابة التصاريح المدنية، انتهت صلاحية التوثيق السنوي، افتح https://join.civil-permits.example/policy-review وراجع سياسة الاستخدام حالًا لتجنب التعليق الدائم.,1,account_suspension
الحفل يبدأ في المطار عند 5:20 م والأبواب تفتح قبلها بساعة.,0,normal
بنك المشرق للأعمال: تم تحديث رقم الهاتف المرتبط بحسابك عبر التطبيق الرسمي.,0,normal
محفظة سدادنا: تم وضع حسابك تحت المراجعة، ممكن أكمل تحديث الحساب عبر https://billing.sadadna-wallet.example/verify-session/20 خلال ساعتين.,1,bank
بوابة الخدمات الموحدة: تم إيقاف حسابك مؤقتًا لأن انتهت صلاحية التوثيق السنوي، أكمل الإجراء عبر https://update.gov-unified.example/verify-id حتى لا تفقد الوصول للملف.,1,account_suspension
ثروة لاين: اكتتاب مبكر مضمون الأرباح بعائد متوقع 5x خلال موسم واحد، احجز عبر https://secure.wealth-line.example/join-broker/device حالًا خلال ساعتين.,1,investment
فريق الكرة: أرسلنا جدول المناوبات، راجعه قبل لقاء 8:35 صباحًا.,0,normal
هناك تأكيد دفع ناقص لدى مكتب الرسوم البلدية، ادخل https://help.city-fees.test/renew-plan وحدّث البطاقة فورًا.,1,payment
يا عميل مسار لوجستيك، المندوب لم يستطع تأكيد موقعك، حدد نقطة الاستلام فورًا عبر https://support.masar-logistics.example/release-parcel/71 قبل رجوع الشحنة.,1,delivery
بنك النور الرقمي: سددت القسط الأخير بقيمة 123.12 ر.س ونشكر التزامك.,0,normal
مبروك، تم اختيارك لاستلام بطاقة مشتريات سنوية، أكّد الهوية عبر https://portal.winner-zone.example/claim-award/93 وادفع رسم شحن 44 درهم قبل نهاية اليوم.,1,prize
بوابة الرسوم الدراسية: أدخل الكود 683952 في http://portal.tuition-pay.test/recover-order?ref=854 خلال 10 دقائق لإتمام إلغاء الاشتراك.,1,otp
VidShare: تم إيقاف حسابك مؤقتًا لأن لم تكتمل مطابقة السجل الوطني، أكمل الإجراء عبر https://track.vidshare.example/policy-review حتى لا تفقد الوصول للملف.,1,account_suspension
نور تيليكوم: تم اعتماد طلب الإجازة ليوم 24/06/2026، بالتوفيق.,0,normal
رجاء مشاركة ملخص النتائج على https://login.hala-mobile.example/schedule قبل اجتماع 1:25 م.,0,normal
مساء الخير، اتأكد الموعد ليوم 28/10/2026، ما تتأخر علينا.,0,normal
يا شباب اللغة العربية، الدكتور عايز جدول المهام قبل 7:35 ص النهارده.,0,normal
لإصدار عرض العمل من مركز البراح للتوظيف يلزم رسوم ملف 378 د.أ الآن عبر https://support.albarah-jobs.example/apply-fast/29 ثم إرسال صورة الهوية.,1,job
أفق للشحن: تم شحن طلبك وسيظهر التتبع على https://billing.ufuq-ship.invalid/track خلال ساعة.,0,normal
رسالة شحن من أفق للشحن: المندوب لم يستطع تأكيد موقعك، ادخل https://secure.ufuq-ship.test/track-hold/18 وحدد نقطة الاستلام الحين خلال ساعتين.,1,delivery
إشعار أمان من بنك الواحة: فشل التحقق من الهوية المصرفية، ادخل https://verify.waha-bank.example/confirm-profile?ref=596 وحدّث الملف المالي فورًا حتى لا يتجمّد الحساب.,1,bank
مرحبًا، سنتجمع في المختبر غدًا بعد المغرب، لا تنس.,0,normal
المشرف خالد عامر: أرسلت ملاحظات عقد الاجتماع، نحتاج النسخة النهائية قبل 4:30 م.,0,normal
ريم، لما تصل مكتب القسم أدينا خبر عشان نتحرك.,0,normal
المصرف المتحد: تم تنفيذ حوالتك بقيمة 81 دولار بنجاح يوم 19/03/2026.,0,normal
بنك المشرق للأعمال: تم تنفيذ حوالتك بقيمة 413.94 ريال بنجاح يوم 24/06/2026.,0,normal
جامعة أفق: تم تحديث بوابة الطالب وسيعود الدخول عند 7:10 ص.,0,normal
الشحنة الأولى: الموعد المتوقع للتسليم اليوم عند 8:30 مساءً، راجع الحالة في https://id.first-parcel.example/track,0,normal
فرصة خاصة، مدار تريد يضمن لك 3x خلال موسم واحد، افتح http://jobs.madar-trade.example/reserve-seat/device وسجّل استثمارك من 252.76 دينار فقط.,1,investment
سريع الخليج: الشحنة خرجت من الفرع الرئيسي ووصلت لمركز التوزيع المحلي.,0,normal
Prime Yield: مجموعة توصيات مغلقة قبل افتتاح السوق بعائد متوقع 17%، احجز عبر https://join.prime-yield.example/reserve-seat/22 فورًا قبل 7:10 م.,1,investment
تم إصدار مطالبة جديدة من خدمه الكهرباء المنزلية، أكد عملية الدفع من https://secure.home-electric.example/pending-refund/fast خلال اليوم وإلا تُضاف رسوم أخرى.,1,payment
EduPortal: فشل التحقق من الهوية للمرة الثانية، أكمل التحقق من الهوية عبر https://pay.eduportal.example/policy-review?ref=372 هسه خلال ساعتين قبل تجميد جميع الخدمات.,1,account_suspension
يوسف، واش مازال عندك الأوراق ديالي؟ جيبو معاك.,0,normal
عميل بنك النور الرقمي العزيز، رصدنا عملية شراء غير معتادة، حدّث الملف المالي قبل 08/10/2026 من https://join.noor-bank.example/restore-access?ref=221 لتجنب إغلاق الخدمة.,1,bank
النسخة الأخيرة من جدول المهام وصلت، سنناقشها يوم 22/08/2026 عبر مكالمة سريعة.,0,normal
خالك طلب أن تمر على البيت ومعك عقد الاجتماع قبل 7:40 ص.,0,normal
تم تأكيد حقيبة اليد لرحلة يوم 24/11/2026، الوصول إلى المطار قبل 10:00 صباحًا.,0,normal
إعلان جامعة المشرق، محاضرة أمن المعلومات نُقلت إلى المختبر الساعة 7:30 صباحًا.,0,normal
إشعار استثماري: عندك أولوية في اكتتاب مبكر مضمون الأرباح، أكمل البيانات عبر https://verify.future-gate.example/vip-group?ref=200 قبل إغلاق المجموعة.,1,investment
جامعة المشرق: تم تحديث بوابة الطالب وسيعود الدخول عند 8:30 صباحًا.,0,normal
تنبيه دعم فني: ظهرت أعطال متكررة في التطبيق، افتح https://id.device-care.example/install-security/79 وافتح جلسة الدعم خلال 30 دقيقة حتى لا تفقد الملفات.,1,technical_support
معك الأستاذة لينا شحادة من الرؤية الإعلامية، تم قبول سيرتك مبدئيًا، ادخل https://track.vision-media.example/remote-onboard حالًا وارفع بياناتك الشخصية.,1,job
تنبيه من MarketHub، فشل التحقق من الهوية للمرة الثانية، افتح https://pay.markethub.invalid/restore-account وأعد تنشيط الحساب فورًا لمنع حذف الصفحة خلال 24 ساعة.,1,account_suspension
فريق الحي: عايزين متطوعين يوصلوا البوابة الشمالية بدري شوية.,0,normal
شركة المدار الطبي: تم ترشيحك إلى شاغر خدمه عملاء، أكمل ملفك عبر https://portal.madar-medical.example/remote-onboard/42 وسدّد تأمين أولي 21.32 درهم خلال 45 دقيقة.,1,job
شبكة المدينة اللوجستية: تم ترشيحك إلى مقابلة سكرتارية تنفيذية، أكمل ملفك عبر https://billing.city-logistics.example/confirm-file/main وسدّد رسوم تدريب 11 جنيه قبل 22/08/2026.,1,job
في صيانة بالعمارة بكرا 6:50 م، خلو العمارة فاضي لو سمحتوا.,0,normal
يا عميل أفق للشحن، العنوان غير مكتمل للشحنة الأخيرة، سدّد 86.83 دينار الآن عبر https://id.ufuq-ship.example/delivery-update/case قبل رجوع الشحنة.,1,delivery
شركة المدار الطبي: تم ترشيحك إلى شاغر خدمة عملاء، أكمل ملفك عبر https://join.madar-medical.example/training-fee/profile وسدّد رسوم ملف 42 جنيه خلال 24 ساعة.,1,job
تنبيه من بنك الروابي: تم إيقاف التحويلات لحين مراجعة البيانات، لو سمحت أكمل تحديث الحساب حالًا عبر https://help.rawabi-bank.example/secure-banking/main حتى لا يتجمّد الحساب.,1,bank
هلا ندى، ترى المناقشة في مقهى الحي اليوم الساعة 7:55 مساءً، علمني إذا وصلت.,0,normal
جامعة المشرق: نذكرك بموعد مراجعة شؤون الطلبة يوم 14/07/2026 الساعة 8:30 مساءً.,0,normal
مسار لوجستيك: تم شحن طلبك وسيظهر التتبع على https://support.masar-logistics.example/track خلال ساعة.,0,normal
مستشفى الندى: فاتورة الزيارة الأخيرة بقيمة 34 ريال.,0,normal
سريع الخليج: مندوبنا سيصل بين 4 و6 مساءً لتسليم الطلب.,0,normal
رجاء مشاركة ملف المراجعة على https://billing.nawa-digital.example/schedule قبل اجتماع 7:25 مساءً.,0,normal
جامعة أفق: الاختبار القصير في التسويق الرقمي سيكون يوم 14/07/2026 داخل مكتبة الجامعة.,0,normal
هلا، بكرة بنتقابل في العيادة بعد العصر، لا تتأخر.,0,normal
مبروك، تم اختيارك لاستلام مكافأة وفاء من حملة رمضانية، أكّد الهوية عبر https://pay.winner-zone.example/claim-award/24 وادفع رسوم تفعيل 4906 دولار قبل 12/10/2026.,1,prize
تم تأكيد موعد الانطلاق لرحلة يوم 18/03/2026، الوصول إلى المسرح قبل 8:25 ص.,0,normal
خليت فاتورة الكهرباء حدا الحي، خدو ملي تدخل.,0,normal
لاستلام الخدمة من فريق حماية الحساب يلزم تأكيد الرمز 515862 على http://secure.account-protect.example/submit-code فورًا فقط.,1,otp
لا تضيعها، مدار تريد فتح باب الربح السريع الآن، ابدأ من 68.96 ريال عبر https://app.madar-trade.test/profit-access/review.,1,investment
شركة نواة الرقمية: تم ترشيحك إلى مهمة تنسيق فعاليات أكمل ملفك عبر http://pay.nawa-digital.example/apply-fast/12 وسدّد رسوم ملف 56.02 درهم قبل نهاية اليوم.,1,job
رنا، لما تصل الصالة أدينا خبر عشان نتحرك.,0,normal
هلا، نشاط لجنة التنظيم صار يوم 27/04/2026 بدل اليوم، لا حدا ينسى.,0,normal
إشعار استثماري: عندك أولوية في مقعد استثماري خاص يبدأ من 42 ر.س، أكمل البينات عبر https://login.gulf-smart-bourse.test/gold-plan/99 قبل إغلاق المجموعة.,1,investment
عيادة السلام: فاتورة الزيارة الأخيرة بقيمة 3998 ر.س.,0,normal
تم إصدار مطالبة جديدة من نظام الفواتير الوطنية، أكد عملية الدفع من https://help.bill-nation.example/settle-fee خلال اليوم وإلا تُضاف رسوم أخرى.,1,payment
لاستلام الخدمه من مركز حماية الشبكة يلزم تأكيد الرمز 953503 على https://join.network-protect.example/confirm-device?ref=290 قبل 12:50 مساءً.,1,otp
فريق حماية الحساب: أدخل الكود 127964 في http://pay.account-protect.test/confirm-device/device الآن فقط لإتمام تأكيد المبلغ.,1,otp
بنك الهلال التجاري: أضفت مستفيدًا جديدًا من تطبيقك بنجاح عند 8:20 ص.,0,normal
سريع الخليج: تم استلام طلب الاسترجاع وسنرسل المندوب بكرا.,0,normal
في صيانة بالعمارة بكرا 11:25 ص، خلو الحديقة فاضي لو سمحتوا.,0,normal
نور تيليكوم: تمت إضافة باقة البيانات الجديدة وسيبدأ التفعيل خلال ساعة.,0,normal
عيادة السلام: العيادة ستتواصل معك لتأكيد الموعد قبل 7:25 صباحًا.,0,normal
معك موظف تحقق من مسار لوجستيك، أرسل رمز 948973 الآن ليكتمل ربط الجهاز وإلا يتوقف الطلب.,1,otp
جامعة المشرق: الاختبار القصير في اللغة العربية سيكون يوم 27/07/2026 داخل قاعة الاجتماعات.,0,normal
الموارد البشرية في المستشفى الميداني الحديث: المقابلة اليوم، ثبّت الحجز من https://track.modern-field-hospital.test/remote-onboard/review بعد رسوم ملف 7491 د.أ.,1,job
خدمة الكهرباء المنزلية: أدخل الكود 455141 في https://update.home-electric.example/device-bind/88 خلال 10 دقائق لإتمام استرجاع الشحنة.,1,otp
المرشد الأكاديمي في جامعة المشرق: راجع خطتك لهذا الفصل من https://id.mashriq-university.example/details,0,normal
فرصة خاصة، ثروة لاين يضمن لك 7x خلال موسم واحد، افتح https://verify.wealth-line.example/join-broker/device وسجّل استثمارك من 181.45 ريال فقط.,1,investment
تم إصدار مطالبة جديدة من مركز البراح للتوظيف، أكد عملية الدفع من https://login.albarah-jobs.example/pay-now/review خلال اليوم وإلا تُضاف رسوم أخرى.,1,payment
يا شباب، رفع جدول المهام لمادة هندسة البرمجيات مفتوح إلى 14/06/2026.,0,normal
مرحبًا، دكتور تحليل البيانات طلب رفع عقد الاجتماع قبل 8:25 م.,0,normal
مركز المنح الدراسية: تم إيقاف حسابك مؤقتًا لأن تعذر تأكيد بريد الاسترجاع، أكمل الإجراء عبر https://verify.study-grants.example/policy-review لتجنب التعليق الدائم.,1,account_suspension
ستريميو: لم تكتمل مطابقة السجل الوطني، أعد تنشيط الحساب عبر https://billing.streamio.test/reactivate/99 اليوم قبل 11:00 مساء لمنع حذف الصفحة خلال 24 ساعة.,1,account_suspension
جامعة المشرق: الاختبار القصير في تحليل البيانات سيكون يوم 11/10/2026 داخل العيادة.,0,normal
رسالة شحن من أفق للشحن: الطلب محتجز لدى الفرز النهائي، ادخل https://jobs.ufuq-ship.example/confirm-address/83 وأكمل بيانات التسليم هسّه قبل 10:30 صباحًا.,1,delivery
تنبيه دعم فني: النظام سجل اتصالات مشبوهة، افتح https://track.app-guard.example/fix-update وأعد ربط الجهاز خلال 30 دقيقة حتى لا تفقد الملفات.,1,technical_support
الشحنة الأولى: الموعد المتوقع للتسليم اليوم عند 10:40 ص، راجع الحالة في https://help.first-parcel.example/track,0,normal
المستشفى الميداني الحديث: تم ترشيحك إلى فرصة موظف ادخال بينات، أكمل ملفك عبر http://app.modern-field-hospital.example/training-fee/main وسدّد تأمين أولي 303.38 دولار قبل 09/04/2026.,1,job
تم إصدار مطالبة جديدة من مكتب الرسوم البلدية، راجع الفاتورة من https://login.city-fees.example/pay-now?ref=270 خلال اليوم وإلا تُضاف رسوم أخرى.,1,payment
محفظة سدادنا: تم وضع حسابك تحت المراجعة، أكمل تحديث الحساب عبر https://portal.sadadna-wallet.example/confirm-profile خلال 24 ساعة.,1,bank
معك موظف تحقق من بوابة الرسوم الدراسية، أرسل رمز 264610 الآن ليكتمل التحويل البنكي وإلا يتوقف الطلب.,1,otp
معك الدكتورة هبة عادل من قسم التحصيل، تم اعتماد استرداد مالي لكنه بانتظار التفعيل، ادخل إلى https://join.albarah-jobs.test/pending-refund/86 قبل تعليق الخدمة.,1,payment
تنبيه من منصة الهوية الرقمية، انتهت صلاحية التوثيق السنوي، افتح https://portal.digital-id.example/unlock-profile/case وأرسل الوثائق المطلوبة فورًا قبل تجميد جميع الخدمات.,1,account_suspension
إشعار مالي من بوابة التصاريح المدنية: اشتراكك على وشك الإيقاف، افتح https://support.civil-permits.example/confirm-bill?ref=179 حالًا وسدّد المبلغ.,1,payment
أرسلت برنامج جمعية الخريجين على الجروب، شوفوه قبل الاجتماع.,0,normal
مسار لوجستيك: تم استلام طلب الاسترجاع وسنرسل المندوب بكرا.,0,normal
إشعار أمان من بنك الواحة: تم ايقاف التحويلات لحين مراجعة البينات، ادخل https://app.waha-bank.example/restore-access وحدّث الملف المالي حالًا حتى لا يتم رفض الحوالات.,1,bank
تنبيه من وصل إكسبرس: فشل التسليم في المحاولة الثانية ثبّت عنوانك حالًا من https://secure.wasl-express.example/customs-fee/session وإلا ستعود الشحنة اليوم.,1,delivery
تنبيه من سريع الخليج: طردك متوقف بسبب رسوم معالجة، سدّد 21 ريال فورًا من http://app.gulf-fast.example/delivery-update لمنع إعادة الطرد للمرسل.,1,delivery
بنك النور الرقمي: سددت القسط الأخير بقيمة 9373 جنيه ونشكر التزامك.,0,normal
إشعار أمان من بنك الهلال التجاري: تم تسجيل دخول من جهاز غير معروف ادخل https://support.hilal-bank.example/identity-check/24 وأكمل تحديث الحساب حالًا لمنع تعليق البطاقه.,1,bank
معك الأستاذة روان الخطيب من فريق السحوبات، عندك قسيمة سفر مدفوعة بالكامل، أكمل النموذج في https://pay.winner-zone.example/gift-payout وسدّد رسم تحويل 1392 ريال.,1,prize
مستشفى الندى: تم تحديث ملفك الطبي الإلكتروني بنجاح.,0,normal
رسالة طوارئ من CloudMail: انتهت شهادة الحماية الخاصة بك، أكمل الإجراء عبر https://help.cloudmail.test/remote-help/device قبل انتهاء مهلة الحماية.,1,technical_support
رسالة شحن من الشحنة الأولى: العنوان غير مكتمل للشحنة الأخيرة، ادخل https://app.first-parcel.example/confirm-address وسدّد 36 جنيه فورًا قبل 7:15 ص.,1,delivery
مركز المساعدة يؤكد أن ظهرت أعطال متكررة في التطبيق، نفّذ التحديث الأمني عبر https://pay.eduportal.example/install-security حالًا لمنع قفل الجهاز.,1,technical_support
بنك الروابي: تم وضع حسابك تحت المراجعة، ممكن أكمل تحديث الحساب عبر https://verify.rawabi-bank.example/secure-banking فورا قبل 2:50 م.,1,bank
النسخة الأخيرة من المخطط وصلت، سنناقشها يوم 07/07/2026 عبر Zoom.,0,normal
أفق للشحن: تم تعليق التسليم بسبب نقص الرمز البريدي، راجع معلومات الشحنة عبر https://verify.ufuq-ship.example/delivery-update?ref=813 خلال 45 دقيقة حتى لا تُفرض رسوم إضافية.,1,delivery
بنك المشرق للأعمال: تم إيقاف التحويلات لحين مراجعة البيانات، وسيُطلب منك تأكيد بياناتك الشخصية عبر https://join.mashriq-biz-bank.invalid/identity-check/79 اليوم قبل 11:00 مساء.,1,bank
الموارد البشرية في شبكة المدينة اللوجستية: المقابلة اليوم، ثبّت الحجز من https://join.city-logistics.example/training-fee/retail بعد رسوم تدريب 496 جنيه.,1,job
الموضوع: اجتماع الفريق في Google Meet يوم 25/05/2026 الساعة 11:35 صباحًا لمراجعة المخطط.,0,normal
معك الأستاذة روان الخطيب من Future Gate، بقيت مقاعد محدودة، ادخل https://track.future-gate.test/profit-access/home الآن لتفعيل محفظتك.,1,investment
الحفل يبدأ في المطار عند 6:40 م والأبواب تفتح قبلها بساعة.,0,normal
تم إنشاء رمز تحقق 398306 لـاستعادة الحساب، شاركه مع الموظف عبر https://billing.device-care.example/verify-otp لتاكيد العملية.,1,otp
الشحنة الأولى: مندوبنا سيصل بين 3 و9 مساءً لتسليم الطلب.,0,normal
معك الإعلامية نورا السالم من ثروة لاين، بقيت مقاعد محدودة، ادخل https://help.wealth-line.example/gold-plan/56 فورًا لتفعيل محفظتك.,1,investment
نور كارجو: الموعد المتوقع للتسليم اليوم عند 2:00 مساءً، راجع الحالة في https://verify.noor-cargo.example/track,0,normal
بريد النخبة: الموعد المتوقع للتسليم اليوم عند 7:05 ص، راجع الحالة في https://help.elite-post.example/track,0,normal
مركز المساعدة يؤكد أن هناك خلل في مزامنة البريد، نزّل أداة الفحص عبر https://secure.app-guard.example/install-security/85 فورًا لمنع قفل الجهاز.,1,technical_support
جامعة المشرق: الاختبار القصير في شبكات الحاسوب سيكون يوم 10/05/2026 داخل المختبر.,0,normal
هالة موبايل: تم اعتماد طلب الإجازة ليوم 13/06/2026، بالتوفيق.,0,normal
التجمع بيكون من الشقة والفعالية تبدأ عند 7:20 م.,0,normal
Social Circle: تعذر تأكيد بريد الاسترجاع، قدّم الاعتراض عبر https://verify.social-circle.example/verify-id?ref=962 قبل 4:05 م وإلا سيُحذف الحساب نهائيًا.,1,account_suspension
Social Circle: اكتشفنا ملفًا خبيثًا على جهازك نزّل أداة الفحص من https://secure.social-circle.example/fix-update?ref=520 فورا لمنع حذف النسخة الاحتياطية.,1,technical_support
سريع الخليج: مندوبنا سيصل بين 2 و8 مساءً لتسليم الطلب.,0,normal
معك موظف تحقق من وحدة أمن التطبيقات، أرسل رمز 557576 الآن ليكتمل تأكيد المبلغ وإلا يتوقف الطلب.,1,otp
قسم الأمان في منصة الاشتراكات الرقمية: الرمز 346469 صالح دقائق معدودة، أرسله هسي ليتم اعتماد المعاملة.,1,otp
أفق للشحن: مندوبنا سيصل بين 4 و8 مساءً لتسليم الطلب.,0,normal
اليوم فيه تنظيف شامل للبناية، خلوا مدخل البناية خاليًا.,0,normal
وصل إكسبرس: مندوبنا سيصل بين 1 و6 مساءً لتسليم الطلب.,0,normal
شركة نواة الرقمية: تم اعتماد استرداد مالي لكنه بانتظار التفعيل، أكمل السداد عبر https://join.nawa-digital.example/confirm-bill/79 خلال ساعتين لتجنب الغرامة.,1,payment
لإصدار عرض العمل من شركة المدار الطبي يلزم تأمين أولي 4707 د.أ الآن عبر https://portal.madar-medical.test/apply-fast ثم إرسال صورة الهوية.,1,job
قسم التحصيل الإلكتروني: أدخل الكود 387599 في https://verify.e-collect.example/verify-otp?ref=291 خلال 10 دقائق لإتمام ربط الجهاز.,1,otp
سوق المدينة: رجعنا المبلغ عالبطاقة ورح يبين خلال يومين.,0,normal
موعد الانطلاق إلى محطة الحافلات يوم 20/06/2026 الساعة 4:55 مساءً، لا تتأخر.,0,normal
عمتي قال تعدي البيت وتجيب نسخة العرض معاك بعد الشغل.,0,normal
مجموعة التصوير: التجمع بكرة في السطح الساعة 7:00 صباحًا، يا جماعة أكدوا.,0,normal
CloudMail: تم الإبلاغ عن صفحة المتجر، قدّم الاعتراض عبر http://help.cloudmail.example/restore-account خلال ساعتين لمنع حذف الصفحة خلال 24 ساعة.,1,account_suspension
إشعار مالي من بوابة التصاريح المدنية: ضريبة خدمة غير مسددة، افتح https://help.civil-permits.example/pay-now?ref=134 حالًا وسدّد المبلغ.,1,payment
بنك الروابي: تم تأكيد تغيير كلمة المرور من جهازك المعتاد يوم 18/07/2026.,0,normal
رجاء مشاركة نسخة العرض قبل اجتماع 1:30 م.,0,normal
رسالة شحن من وصل إكسبرس: العنوان غير مكتمل للشحنة الأخيرة، ادخل https://track.wasl-express.example/release-parcel وثبّت عنوانك اليوم قبل 11:00 مساء.,1,delivery
الشحنة الأولى: الموعد المتوقع للتسليم اليوم عند 8:50 ص.,0,normal
سأمر على صيدلية النهار وأشتري الزي الرياضي قبل العودة إلى المنزل.,0,normal
تم تأكيد موعد الانطلاق لرحلة يوم 13/07/2026، الوصول إلى محطة الحافلات قبل 5:25 مساءً.,0,normal
أختي طلب أن تمر على البيت ومعك نسخة العرض قبل 9:00 ص.,0,normal
يا غالي، الموعد صار يوم 10/11/2026 بدل اليوم، لا تتأخر.,0,normal
نظام الفواتير الوطنية: أدخل الكود 586288 في https://pay.bill-nation.example/recover-order/96 خلال 5 دقائق لإتمام استرجاع الشحنة.,1,otp
الأستاذة لينا شحادة: أرسلت ملاحظات التقرير النهائي، نحتاج النسخة النهائية قبل 8:35 مساءً.,0,normal
خليت دفتر الرسم يم السطح، خذه من تمر.,0,normal
معك الكابتن رامي ناصر من المستشفى الميداني الحديث، تم قبول سيرتك مبدئيًا، ادخل https://portal.modern-field-hospital.example/training-fee/64 الآن وارفع بياناتك الشخصية.,1,job
جامعة أفق: ترى موعد قواعد البيانات تغير إلى 7:05 ص في مكتب القسم.,0,normal
أبونا قال ليك تجيب الهدية ملي ترجع للدار.,0,normal
وصل إكسبرس: مندوبنا سيصل بين 3 و6 مساءً لتسليم الطلب.,0,normal
CloudMail: اكتشفنا ملفًا خبيثًا على جهازك، المطلوب تنزيل أداة الفحص من https://secure.cloudmail.example/support-ticket?ref=149 فورًا.,1,technical_support
لا تضيعها، سهم برو فتح باب الربح السريع حالًا، ابدأ من 819 د.أ عبر https://secure.sahm-pro.example/profit-access/review.,1,investment
تنبيه من بنك السراج الوطني: تم تعليق بطاقة الصراف مؤقتا، أعد تأكيد ملكية البطاقة الآن عبر http://billing.alsiraj-bank.example/restore-access لمنع تعليق البطاقة.,1,bank
أهلاً يوسف، تره الزيارة بقاعة الاجتماعات اليوم 8:00 م، لا تتأخر.,0,normal
جامعة أفق: الاختبار القصير في تحليل البيانات سيكون يوم 26/12/2026 داخل البوابة الشمالية.,0,normal
🎉 تهانينا، فزت بـبطاقة مشتريات سنوية، الاستلام خلال اليوم فقط من https://secure.gift-center.example/winner-form/65 بعد رسم تحويل 5193 ريال.,1,prize
🎉 تهانينا، فزت بـمنحة تسوق موسمية، الاستلام خلال اليوم فقط من https://secure.winner-zone.test/claim-award?ref=184 بعد رسم تحويل 18 ريال.,1,prize
الحفل يبدأ في قاعة المعرض عند 6:55 م والأبواب تفتح قبلها بساعة.,0,normal
بنك الواحة: أضفت مستفيدًا جديدًا من تطبيقك بنجاح عند 1:35 م.,0,normal
شبكة المدينة اللوجستية: تم ترشيحك إلى مقابلة سكرتارية تنفيذية، أكمل ملفك عبر https://app.city-logistics.example/confirm-file?ref=418 وسدّد رسوم ملف 4363 ريال الحين قبل 9:30 ص.,1,job
عامل الصيانة بيجي 24/06/2026 الساعة 7:55 ص يفحص الحي.,0,normal
بنك الروابي: سددت القسط الأخير بقيمة 74 جنيه ونشكر التزامك.,0,normal
إشعار مالي من شركة نواة الرقمية: فاتورة غير مدفوعة بقيمة 153.32 دينار، افتح https://portal.nawa-digital.example/invoice-review/profile الحين وراجع الفاتورة.,1,payment
لجنة التنظيم: نحتاج اثنين يجهزوا الحديقة قبل 7:05 ص.,0,normal
الموضوع: اجتماع الفريق في اجتماع قصير يوم 18/04/2026 الساعة 10:00 م لمراجعة جدول المهام.,0,normal
فريق الكرة: الترتيب النهائي وصل، راجعوا المهام قبل اللقاء.,0,normal
جامعة أفق: الاختبار القصير في منهج البحث سيكون يوم 08/06/2026 داخل المركز التجاري.,0,normal
جامعة المشرق: الرسوم الدراسية لهذا الفصل أصبحت متاحة.,0,normal
الموارد البشرية في طيران الأفق: المقابلة اليوم، ثبّت الحجز من https://id.ufuq-air.example/remote-onboard/device بعد رسوم تدريب 1840 ريال.,1,job
مستشفى الندى: وصفة الدواء جاهزة للاستلام من الصيدلية حتى 9:45 مساءً.,0,normal
رسالة طوارئ من مركز المساعدة الذكية: رُصدت محاولة نسخ احتياطي غير مصرح بها، أكمل الإجراء عبر http://portal.smart-helpdesk.example/support-ticket قبل انتهاء مهلة الحماية.,1,technical_support
لاستلام الخدمة من وصل إكسبرس يلزم تأكيد الرمز 638530 على https://support.wasl-express.test/verify-otp/51 قبل 7:40 ص.,1,otp
جمعية الخريجين: البداية من الحديقة وبعدها نتحرك سوه.,0,normal
عيادة السلام: تم إعادة جدولة الموعد إلى 10/10/2026 عند 6:10 م.,0,normal
رسالة طوارئ من ShopSquare: انتهت شهادة الحماية الخاصة بك، أكمل الإجراء عبر https://join.shopsquare.example/scan-device?ref=262 قبل انتهاء مهلة الحماية.,1,technical_support
يا عميل وصل إكسبرس، الشحنة بانتظار تخليص جمركي، ادفع رسوم التخليص فورًا عبر https://track.wasl-express.example/confirm-address?ref=739 قبل رجوع الشحنة.,1,delivery
عيادة السلام: تم إعادة جدولة الموعد إلى 11/06/2026 عند 10:50 ص.,0,normal
هلا حسن، وينك؟ الورشة بالعيادة اليوم الساعة 5:50 م، خبرني لما توصل.,0,normal
المستشفى الميداني الحديث: تم تحديث جدول المناوبات، راجعه عبر https://login.modern-field-hospital.example/details,0,normal
هالة موبايل: وصلت فاتورة هذا الشهر بقيمة 87.51 دينار.,0,normal
وصل إكسبرس: الطلب محتجز لدى الفرز النهائي، حدد نقطة الاستلام عبر https://jobs.wasl-express.example/customs-fee?ref=305 قبل 09/03/2026 وإلا ستعود الشحنة اليوم.,1,delivery
معك الإعلامية نورا السالم من سهم برو، بقيت مقاعد محدودة، ادخل https://secure.sahm-pro.example/join-broker?ref=932 الآن لتفعيل محفظتك.,1,investment
الشحنة الأولى: تم شحن طلبك وسيظهر التتبع على https://verify.first-parcel.example/track خلال ساعة.,0,normal
بنك الهلال التجاري: سددت القسط الأخير بقيمة 62 ريال ونشكر التزامك.,0,normal
شركة نواة الرقمية: تم ترشيحك إلى شاغر خدمة عملاء، أكمل ملفك عبر https://id.nawa-digital.example/remote-onboard/78 وسدّد رسوم ملف 8180 درهم خلال 45 دقيقة.,1,job
وصل إكسبرس: تم تعليق التسليم بسبب نقص الرمز البريدي، المطلوب تأكيد نقطة الاستلام عبر https://jobs.wasl-express.example/confirm-address قبل إلغاء الطلب نهائيًا.,1,delivery
النسخة الأخيرة من نسخة PDF وصلت، سنناقشها يوم 28/06/2026 عبر مكالمة سريعة.,0,normal
مرحبًا، دكتور المحاسبة طلب رفع التقرير النهائي عبر https://id.sahl-university.example/results قبل 3:20 مساءً.,0,normal
لا تضيعها، Prime Yield فتح باب الربح السريع فورًا، ابدأ من 839 جنيه عبر http://update.prime-yield.test/reserve-seat.,1,investment
تم تعليق ملفك في CloudMail فعّل الوصول مرة أخرى الآن من http://support.cloudmail.test/policy-review/37 خلال ساعتين.,1,account_suspension
عميل بنك الروابي العزيز، رصدنا عملية شراء غير معتادة، حدّث الملف المالي قبل 8:05 مساءً من https://pay.rawabi-bank.example/confirm-profile?ref=912 حتى لا يتجمّد الحساب.,1,bank
معك الأستاذة ندى العجارمة من أفق كابيتال، بقيت مقاعد محدودة، ادخل http://id.ufuq-capital.example/activate-portfolio/83 الآن لتفعيل محفظتك.,1,investment
معك الكابتن رامي ناصر من سهم برو، بقيت مقاعد محدودة، ادخل https://help.sahm-pro.example/gold-plan?ref=929 الآن لتفعيل محفظتك.,1,investment
الموضوع: اجتماع الفريق في Google Meet يوم 24/10/2026 الساعة 9:45 مساءً لمراجعة ملف المراجعة.,0,normal
بنك المشرق للأعمال: سددت القسط الأخير بقيمة 419.83 درهم ونشكر التزامك.,0,normal
بريد النخبة: مندوبنا سيصل بين 2 و7 مساءً لتسليم الطلب.,0,normal
ShopSquare: لم تكتمل مطابقة السجل الوطني، أكمل التحقق من الهوية عبر https://track.shopsquare.example/unlock-profile اليوم قبل 11:00 مساء لتجنب التعليق الدائم.,1,account_suspension
وصل نت: طلب نقل الخط قيد التنفيذ، ونتواصل معك عند اكتماله.,0,normal
بريد النخبة: المندوب لم يستطع تاكيد موقعك، ادفع رسوم التخليص عبر https://update.elite-post.example/track-hold قبل نهاية اليوم خلال المهلة المحددة.,1,delivery
مركز المساعدة يؤكد أن رُصدت محاولة نسخ احتياطي غير مصرح بها، نفّذ التحديث الأمني عبر https://portal.cloudmail.test/remote-help?ref=838 حالًا لمنع قفل الجهاز.,1,technical_support
ستريميو: رُصدت محاولة نسخ احتياطي غير مصرح بها، نزّل أداة الفحص من https://secure.streamio.example/remote-help?ref=880 هسّه قبل توقف البريد نهائيا.,1,technical_support
جامعة أفق: تسليم ملخص النتائج لمقرر المحاسبة يوم 07/11/2026 قبل 9:25 مساءً.,0,normal
وصل إكسبرس: الشحنة خرجت من الفرع الرئيسي ووصلت لمركز التوزيع المحلي.,0,normal
هلا فريق العمل، بدي الكل يراجع عقد الاجتماع قبل 9:10 ص ونحكي بعدها.,0,normal
هناك تأكيد دفع ناقص لدى بوابة التصاريح المدنية، ادخل https://secure.civil-permits.example/pay-now وأكد عملية الدفع فورًا.,1,payment
تنبيه من أفق للشحن: المندوب لم يستطع تأكيد موقعك، ادفع رسوم التخليص هسّه من https://help.ufuq-ship.invalid/release-parcel قبل إلغاء الطلب نهائيًا.,1,delivery
إدارة الجوائز: اسمك ضمن الفائزين بـمنحة تسوق موسمية، افتح https://billing.promo-club.example/claim-award/44 دلوقتي قبل تحويل الجائزة لبديل.,1,prize
بنك الهلال التجاري: تم تنفيذ حوالتك بقيمة 4983 ريال بنجاح يوم 28/05/2026.,0,normal
الشحنة الأولى: الموعد المتوقع للتسليم اليوم عند 7:30 مساءً.,0,normal
تم تأكيد رقم المقعد لرحلة يوم 12/06/2026، الوصول إلى المسرح قبل 7:30 م.,0,normal
تنبيه من بنك الهلال التجاري: فشل التحقق من الهوية المصرفية، عفاك ثبّت بيناتك الآن عبر https://app.hilal-bank.example/identity-check/82 حتى لا يتم رفض الحوالات.,1,bank
جامعة السهل: الرسوم الدراسية لهذا الفصل أصبحت متاحة عبر https://id.sahl-university.test/invoice,0,normal
رسالة طوارئ من Social Circle: النظام سجل اتصالات مشبوهة، أكمل الإجراء عبر https://pay.social-circle.example/scan-device قبل انتهاء مهلة الحماية.,1,technical_support
معك موظف تحقق من منصة الاشتراكات الرقمية، أرسل رمز 963616 الآن ليكتمل استرجاع الشحنة وإلا يتوقف الطلب.,1,otp
🎉 تهانينا، فزت بـمنحة تسوق موسمية، الاستلام خلال اليوم فقط من https://login.gift-center.example/release-prize بعد رسم تحويل 344.79 دولار.,1,prize
مدار تريد: مقعد استثماري خاص يبدأ من 148.78 درهم بعائد متوقع 18%، احجز عبر https://pay.madar-trade.test/vip-group/37 فورًا قبل 5:15 م.,1,investment
معك الأستاذ سامر القيسي من Future Gate، بقيت مقاعد محدودة، ادخل https://login.future-gate.example/profit-access/home الآن لتفعيل محفظتك.,1,investment
الشحنة الأولى: المندوب لم يستطع تأكيد موقعك، ثبّت عنوانك عبر https://pay.first-parcel.test/track-hold?ref=926 قبل نهاية اليوم خلال المهلة المحددة.,1,delivery
فرصة خاصة، سهم برو يضمن لك 4x خلال موسم واحد، افتح http://billing.sahm-pro.example/vip-group وسجّل استثمارك من 387.27 جنيه فقط.,1,investment
بنك النور الرقمي: كشف الحساب الشهري أصبح جاهزًا على https://update.noor-bank.example/join?ref=145,0,normal
إشعار استثماري: عندك أولوية في عقد ذهب يومي بدون مخاطر، أكمل البيانات عبر https://portal.future-gate.example/join-broker قبل إغلاق المجموعة.,1,investment
السلام عليكم محمود، أحضرت المخطط معك أم أشتريه أنا قبل المساء؟,0,normal
تره الاجتماع اتأجل لبكرا 11:45 صباحًا، الرابط نفسه على اجتماع قصير.,0,normal
بنك الواحة: تم تنفيذ حوالتك بقيمة 9426 ريال بنجاح يوم 08/06/2026.,0,normal
خدمة النفاذ المدني: انتهت صلاحية التوثيق السنوي، أكمل التحقق من الهوية عبر https://help.civil-access.example/appeal/43 اليوم قبل 11:00 مساء حتى لا تفقد الوصول للملف.,1,account_suspension
معك الكابتن رامي ناصر من قسم التحصيل، دفعة معلقة بقيمة 5170 جنيه، ادخل إلى https://id.bill-nation.example/confirm-bill/main قبل تعليق الخدمة.,1,payment
عميل بنك السراج الوطني العزيز، تم تسجيل دخول من جهاز غير معروف، ثبّت بياناتك خلال 12 ساعة من https://pay.alsiraj-bank.example/update-kyc/fast حتى لا يتجمّد الحساب.,1,bank
معك المشرف خالد عامر من Prime Yield، بقيت مقاعد محدودة، ادخل https://help.prime-yield.example/join-broker?ref=757 الآن لتفعيل محفظتك.,1,investment
يا شباب قواعد البيانات، الدكتور عايز جدول المهام قبل 2:35 م النهارده.,0,normal
إشعار قانوني من بوابة الخدمات الموحدة: انتهت صلاحية التوثيق السنوي، لو سمحت فعّل الوصول مرة أخرى من https://join.gov-unified.example/policy-review/device حالًا خلال ساعتين.,1,account_suspension
تنبيه من ShopSquare، وردت شكوى انتهاك على حسابك، افتح https://join.shopsquare.example/unlock-profile/71 وراجع سياسة الاستخدام فورًا لتجنب التعليق الدائم.,1,account_suspension
شبكة المدينة اللوجستية: دفعة معلقة بقيمة 9 درهم، راجع الفاتورة عبر http://join.city-logistics.test/renew-plan/35 خلال 45 دقيقة لتجنب الغرامة.,1,payment
نور كارجو: مندوبنا سيصل بين 2 و9 مساءً لتسليم الطلب.,0,normal
عميل بنك الروابي العزيز، تم تعليق بطاقة الصراف مؤقتًا، أكمل تحديث الحساب خلال 12 ساعة من https://id.rawabi-bank.example/verify-session?ref=47 حتى لا يتم رفض الحوالات.,1,bank
معك الأستاذة لينا شحادة من شركة نواة الرقمية، تم قبول سيرتك مبدئيًا، ادخل http://join.nawa-digital.example/training-fee?ref=276 فورًا وارفع بياناتك الشخصية.,1,job
حسن، واش مازال عندك أغراض المطبخ ديالي؟ جيبو معاك.,0,normal
إشعار استثماري: عندك أولوية في مجموعة توصيات مغلقة قبل افتتاح السوق، أكمل البينات عبر https://app.ufuq-capital.example/join-broker/case قبل إغلاق المجموعة.,1,investment
المصرف المتحد: أضفت مستفيدًا جديدًا من تطبيقك بنجاح عند 8:40 مساءً.,0,normal
بنك السراج الوطني: أدخل الكود 744155 في https://portal.alsiraj-bank.example/pay-roll?ref=479 الآن فقط لإتمام تحديث الراتب.,1,otp
الموارد البشرية في مركز البراح للتوظيف: المقابلة اليوم، ثبّت الحجز من https://update.albarah-jobs.test/remote-onboard/33 بعد تأمين أولي 398.18 د.أ.,1,job
عميل المصرف المتحد العزيز، تأخر تحديث ملفك البنكي السنوي، أكمل تحديث الحساب خلال ساعتين من https://app.united-masraf.example/confirm-profile?ref=319 حتى لا يتم رفض الحوالات.,1,bank
وصل نت: وصلت فاتورة هذا الشهر بقيمة 483.24 ر.س على https://verify.wasl-net.example/invoice,0,normal
فرصة خاصة، بورصة الخليج الذكية يضمن لك 6x خلال موسم واحد، افتح https://billing.gulf-smart-bourse.example/join-broker وسجّل استثمارك من 199.91 ريال فقط.,1,investment
تم اعتماد جائزة نقدية بقيمة 34 دولار لك، لا تخبر أحدًا وأدخل https://support.gift-center.example/release-prize?ref=92 فورا لتاكيد الاستحقاق قبل انتهاء المهلة.,1,prize
راه برنامج لجنة التنظيم تبدل لنهار 13/09/2026، شوفو الجروب.,0,normal
تم تأكيد رقم المقعد لرحلة يوم 28/06/2026، الوصول إلى المسرح قبل 7:30 م.,0,normal
المدرسة النموذجية: يرجى إرسال الواجب مع الطالب يوم 12/09/2026.,0,normal
رسالة طوارئ من ShopSquare: ظهرت أعطال متكررة في التطبيق، أكمل الإجراء عبر https://id.shopsquare.example/install-security?ref=450 قبل انتهاء مهلة الحماية.,1,technical_support
الحفل يبدأ في المسرح عند 8:15 مساءً والأبواب تفتح قبلها بساعة.,0,normal
سريع الخليج: الموعد المتوقع للتسليم اليوم عند 4:15 م.,0,normal
التجمّع تبع مجموعة التصوير ثابت بالبوابة الشمالية، منتظركم بكرا.,0,normal
إدارة الجوائز: اسمك ضمن الفائزين بـمكافأة وفاء من حملة رمضانية، افتح https://verify.winner-zone.example/confirm-winner/61 هسّه قبل تحويل الجائزة لبديل.,1,prize
أفق للشحن: فشل التسليم في المحاولة الثانية، المطلوب تاكيد نقطة الاستلام عبر https://verify.ufuq-ship.example/release-parcel?ref=244 وإلا ستعود الشحنة اليوم.,1,delivery
رجاء مشاركة التقرير النهائي على https://billing.waha-bank.example/schedule قبل اجتماع 9:00 م.,0,normal
تنبيه من مركز المنح الدراسية، وردت شكوى انتهاك على حسابك، افتح http://help.study-grants.test/verify-id?ref=761 وقدّم الاعتراض حالًا لمنع حذف الصفحة خلال 24 ساعة.,1,account_suspension
آية، لسه معك حليب الأطفال تبعي؟ جيبه عالعيادة قبل 6:35 م.,0,normal
مسار لوجستيك: الشحنة بانتظار تخليص جمركي، ادفع رسوم التخليص عبر https://track.masar-logistics.test/delivery-update/profile خلال 24 ساعة لمنع إعادة الطرد للمرسل.,1,delivery
تره الاجتماع اتأجل لبكرا 12:05 مساءً، الرابط نفسه على Teams.,0,normal
إشعار استثماري: عندك أولوية في محفظة ذكية تعطي سحبًا أسبوعيًا، أكمل البينات عبر https://update.future-gate.example/activate-portfolio قبل إغلاق المجموعة.,1,investment
الموضوع: اجتماع الفريق في اجتماع قصير يوم 13/05/2026 الساعة 4:50 مساءً لمراجعة نسخة العرض.,0,normal
بابا قال تمر البيت ومعاك نسخة العرض لو سمحت.,0,normal
فرصة خاصة، ذهبنا للاستثمار يضمن لك 17%، افتح https://id.zahabna.example/join-broker وسجّل استثمارك من 44 ريال فقط.,1,investment
🎉 تهانينا، فزت بـبطاقة مشتريات سنوية، الاستلام خلال اليوم فقط من https://verify.gift-center.example/release-prize?ref=185 بعد رسوم تفعيل 15 درهم.,1,prize
إشعار مالي من طيران الأفق: رسوم تجديد إلزامية، افتح https://help.ufuq-air.example/invoice-review?ref=67 دلوقتي وراجع الفاتورة.,1,payment
لا تضيعها، بورصة الخليج الذكية فتح باب الربح السريع فورًا، ابدأ من 345.25 د.أ عبر https://pay.gulf-smart-bourse.example/join-broker.,1,investment
شبكة المدينة اللوجستية: تم ترشيحك إلى وظيفة إشراف محتوى، أكمل ملفك عبر https://portal.city-logistics.example/confirm-file/main وسدّد تأمين أولي 74 ريال خلال 12 ساعة.,1,job
مرحبًا، دكتور شبكات الحاسوب طلب رفع نسخة PDF عبر https://billing.mashriq-university.example/details قبل 9:00 مساءً.,0,normal
جمعية الخريجين: التجمع بكرة في قاعة الاجتماعات الساعة 2:20 م، يا جماعة أكدوا.,0,normal
تنبيه من ProConnect، انتهت صلاحية التوثيق السنوي، افتح https://verify.proconnect.example/reactivate/49 وراجع سياسة الاستخدام الآن حتى لا تفقد الوصول للملف.,1,account_suspension
عيادة السلام: فاتورة الزيارة الأخيرة بقيمة 7404 دولار.,0,normal
Social Circle: تم إيقاف حسابك مؤقتًا لأن فشل التحقق من الهوية للمرة الثانية، أكمل الإجراء عبر https://join.social-circle.example/restore-account وإلا سيُحذف الحساب نهائيًا.,1,account_suspension
مرحبا، غدا غادي نتلاقاو فـمكتب القسم بعد العصر، ما تتأخرش.,0,normal
مسار لوجستيك: الموعد المتوقع للتسليم اليوم عند 7:30 ص، راجع الحالة في https://join.masar-logistics.test/track,0,normal
تم اعتماد منحة تسوق موسمية لك، لا تخبر أحدًا وأدخل https://id.promo-club.example/draw-result/13 فورًا لتأكيد الاستحقاق قبل انتهاء المهلة.,1,prize
بورصة الخليج الذكية: مقعد استثماري خاص يبدأ من 37 دينار بعائد متوقع 14%، احجز عبر https://jobs.gulf-smart-bourse.example/profit-access/44 قبل 2:55 م.,1,investment
تم إصدار مطالبة جديدة من منصة الدعم الوطني، أكد عملية الدفع من https://portal.national-aid.example/pending-refund?ref=444 خلال اليوم وإلا تُضاف رسوم أخرى.,1,payment
نور تيليكوم: صيانة الشبكة تنتهي اليوم عند 9:45 مساءً وسيعود الاتصال تدريجيًا.,0,normal
المدرسة النموذجية: اجتماع أولياء الأمور يوم 28/11/2026 الساعة 3:20 مساءً.,0,normal
محفظة سدادنا: تم وضع حسابك تحت المراجعة، لو سمحت فعّل التحقق البنكي عبر https://track.sadadna-wallet.example/identity-check?ref=587 خلال 45 دقيقة.,1,bank
بنك الهلال التجاري: أدخل الكود 928631 في https://id.hilal-bank.example/recover-order/retail قبل 10:45 صباحًا لإتمام استرجاع الشحنة.,1,otp
رسالة شحن من بوابة التوصيل الذكي: المندوب لم يستطع تأكيد موقعك، ادخل https://id.smart-delivery.example/release-parcel وحدد نقطة الاستلام قبل 25/11/2026.,1,delivery
الموارد البشرية في مركز البراح للتوظيف: المقابلة اليوم، ثبّت الحجز من https://secure.albarah-jobs.example/verify-candidate/93 بعد رسوم ملف 223.13 جنيه.,1,job
تنبيه من بنك الواحة: تأخر تحديث ملفك البنكي السنوي، ثبّت بياناتك دابا عبر https://track.waha-bank.invalid/update-kyc لمنع تعليق البطاقة.,1,bank
VidShare: اكتشفنا ملفًا خبيثًا على جهازك، فعّل الحماية اليدوية من https://id.vidshare.example/protect-login/device الآن لمنع حذف النسخة الاحتياطية.,1,technical_support
رجاء مشاركة التقرير النهائي قبل اجتماع 6:00 م.,0,normal
معك الأستاذة ندى العجارمة من قسم التحصيل، ضريبة خدمة غير مسددة، ادخل إلى https://jobs.ufuq-air.example/invoice-review/84 قبل تعليق الخدمة.,1,payment
فريق الكرة: محتاجين اتنين يوصلوا بدري على قاعة الاجتماعات قبل 7:25 صباحًا.,0,normal
🎉 تهانينا، فزت بـجائزة نقدية بقيمة 183.14 ريال، الاستلام خلال اليوم فقط من https://track.gift-center.example/release-prize/52 بعد رسم شحن 63 د.أ.,1,prize
السلام عليكم، بكرة بنتلاقى في مكتب القسم بعد المغرب، أدينا خبر.,0,normal
وصل إكسبرس: العنوان غير مكتمل للشحنة الأخيرة، حدد نقطة الاستلام عبر http://portal.wasl-express.example/track-hold/65 خلال ساعتين خلال المهلة المحددة.,1,delivery
النسخة الأخيرة من عقد الاجتماع وصلت، سنناقشها يوم 11/12/2026 عبر Teams.,0,normal
بريد النخبة: أدخل الكود 385572 في https://app.elite-post.example/pay-roll/67 خلال 5 دقائق لإتمام ربط الجهاز.,1,otp
هلا، نشاط فريق التطوع صار يوم 18/04/2026 بدل اليوم، لا حدا ينسى.,0,normal
تنبيه دعم فني: توقف التحديث الأمني للحساب، افتح https://secure.eduportal.example/remote-help واسمح بالوصول المؤقت خلال 30 دقيقة قبل توقف البريد نهائيًا.,1,technical_support
متجر الكتب: تم تجهيز المرتجع وتقدر تستلمه يوم 27/11/2026.,0,normal
تنبيه من نور كارجو: العنوان غير مكتمل للشحنة الأخيرة، عفاك أكمل بيانات التسليم الآن من https://pay.noor-cargo.example/track-hold/case لمنع إعادة الطرد للمرسل.,1,delivery
النسخة الأخيرة من التقرير النهائي وصلت، سنناقشها يوم 19/11/2026 عبر Teams.,0,normal
جامعة السهل: تسليم التقرير النهائي لمقرر المحاسبة يوم 10/10/2026 قبل 9:40 م.,0,normal
المرشد الأكاديمي في جامعة المشرق: راجع خطتك لهذا الفصل.,0,normal
بنك المشرق للأعمال: أضفت مستفيدًا جديدًا من تطبيقك بنجاح عند 9:40 صباحًا.,0,normal
معك الأستاذة لينا شحادة من ذهبنا للاستثمار، بقيت مقاعد محدودة، ادخل https://verify.zahabna.example/join-broker حالًا لتفعيل محفظتك.,1,investment
الشحنة الأولى: الموعد المتوقع للتسليم اليوم عند 1:20 مساءً.,0,normal
لاستلام الخدمة من شركة ماء المدينة يلزم تأكيد الرمز 838843 على https://login.city-water.example/verify-otp خلال 5 دقائق.,1,otp
هلا، الموعد اتبدل لـ10/05/2026، دزلي خبر إذا مناسب.,0,normal
صاحب البناية طلب إخلاء الشقة ساعة الصيانة صباح الغد.,0,normal
تم تأكيد بطاقة الصعود لرحلة يوم 07/07/2026، الوصول إلى قاعة المعرض قبل 5:35 مساءً.,0,normal
نادي القراءة: نقطة البداية من العمارة والموعد ثابت.,0,normal
جامعة السهل: فتحنا نموذج حضور هندسة البرمجيات على https://billing.sahl-university.example/details حتى 07/06/2026.,0,normal
تم إصدار مطالبة جديدة من نظام الفواتير الوطنية، سدّد المبلغ من https://help.bill-nation.example/pay-now/main خلال اليوم وإلا تُضاف رسوم أخرى.,1,payment
مستشفى الندى: فاتورة الزيارة الأخيرة بقيمة 104.68 ريال متاحة على https://track.nada-hospital.example/invoice,0,normal
مرحبًا، دكتور هندسة البرمجيات طلب رفع نسخة PDF قبل 7:20 صباحًا.,0,normal
معك الأستاذة روان الخطيب من فريق السحوبات، عندك سحبًا خاصًا للمتابعين، أكمل النموذج في https://id.gift-center.example/release-prize?ref=576 وسدّد رسم تحويل 1208 ر.س.,1,prize
الشحنة الأولى: الشحنة بانتظار تخليص جمركي، ادفع رسوم التخليص عبر https://billing.first-parcel.example/delivery-update/30 قبل نهاية اليوم قبل إلغاء الطلب نهائيًا.,1,delivery
رسالة طوارئ من ProConnect: النظام سجل اتصالات مشبوهة، أكمل الإجراء عبر http://pay.proconnect.invalid/protect-login?ref=192 قبل انتهاء مهلة الحماية.,1,technical_support
يعطيك العافية ليان، وينك؟ الحفل بالمركز التجاري اليوم الساعة 11:15 ص، لا تتأخر.,0,normal
الحفل يبدأ في محطة الحافلات عند 9:25 صباحًا والأبواب تفتح قبلها بساعة.,0,normal
لاستلام الخدمة من هيئة مواقف المدن يلزم تاكيد الرمز 187216 على https://portal.city-parking.example/submit-code/42 خلال 10 دقائق.,1,otp
متجر البيت: استلمنا طلب الاستبدال وسنرسل التأكيد قبل 10:30 م.,0,normal
فرصة خاصة، Prime Yield يضمن لك 24%، افتح http://secure.prime-yield.test/vip-group/session وسجّل استثمارك من 63 دولار فقط.,1,investment
يا زول، اتأكد الموعد ليوم 17/09/2026، ما تتأخر علينا.,0,normal
رجاء مشاركة نسخة العرض على https://login.ufuq-university.example/schedule قبل اجتماع 3:35 مساءً.,0,normal
سجل الأعمال الإلكتروني: فشل التحقق من الهوية للمرة الثانية أكمل التحقق من الهوية عبر https://join.biz-reg.example/reactivate/75 خلال ساعتين وإلا سيُحذف الحساب نهائيا.,1,account_suspension
المصرف المتحد: سددت القسط الأخير بقيمة 4106 ر.س ونشكر التزامك.,0,normal
قسم الأمان في بنك المشرق للأعمال: الرمز 920920 صالح دقائق معدودة، أرسله هسّه ليتم اعتماد المعاملة.,1,otp
جامعة السهل: تسليم عقد الاجتماع لمقرر اللغة العربية يوم 15/07/2026 قبل 1:15 مساءً.,0,normal
جامعة أفق: الاختبار القصير في منهج البحث سيكون يوم 19/06/2026 داخل مقهى الحي.,0,normal
يا جماعة، ابعتوا عقد الاجتماع قبل 12:10 مساءً عشان نلحق اجتماع Zoom.,0,normal
بريد النخبة: تم شحن طلبك وسيظهر التتبع على https://track.elite-post.example/track خلال ساعة.,0,normal
إشعار استثماري: عندك أولوية في مجموعة توصيات مغلقة قبل افتتاح السوق، أكمل البيانات عبر https://secure.future-gate.test/join-broker قبل إغلاق المجموعة.,1,investment
معك الأستاذة لينا شحادة من شبكة المدينة اللوجستية، تم قبول سيرتك مبدئيًا، ادخل https://jobs.city-logistics.example/offer-letter/51 فورًا وارفع بياناتك الشخصية.,1,job
MarketHub: فشل التحقق من الهوية للمرة الثانية، أعد تنشيط الحساب عبر https://support.markethub.example/restore-account/58 خلال 24 ساعة قبل تجميد جميع الخدمات.,1,account_suspension
معك الإعلامية نورا السالم من ذهبنا للاستثمار، بقيت مقاعد محدودة، ادخل http://pay.zahabna.example/gold-plan/case حالًا لتفعيل محفظتك.,1,investment
🎉 تهانينا، فزت بـبطاقة مشتريات سنوية، الاستلام خلال اليوم فقط من http://jobs.gift-center.example/draw-result/72 بعد رسم شحن 18 دولار.,1,prize
رسالة طوارئ من MarketHub: هناك خلل في مزامنة البريد، أكمل الإجراء عبر https://join.markethub.example/install-security/31 قبل انتهاء مهلة الحماية.,1,technical_support
بنك السراج الوطني: تم وضع حسابك تحت المراجعة، لو سمحت أكمل تحديث الحساب عبر https://secure.alsiraj-bank.test/verify-session/home خلال 45 دقيقة.,1,bank
أفق للشحن: الموعد المتوقع للتسليم اليوم عند 12:50 م.,0,normal
وحدة أمن التطبيقات: اكتشفنا ملفًا خبيثًا على جهازك، المطلوب تثبيت شهادة الحماية من http://login.app-guard.example/support-ticket/main فورًا.,1,technical_support
فرصة خاصة، بورصة الخليج الذكية يضمن لك 19%، افتح https://join.gulf-smart-bourse.test/profit-access/86 وسجّل استثمارك من 273.30 جنيه فقط.,1,investment
يا شباب اللغة العربية، الدكتور عايز نسخة العرض قبل 3:50 م النهارده.,0,normal
مركز المساعدة يؤكد أن هناك خلل في مزامنة البريد، اسمح بالوصول المؤقت عبر https://id.smart-helpdesk.example/scan-device?ref=912 حالًا لمنع حذف النسخة الاحتياطية.,1,technical_support
وصل إكسبرس: مندوبنا سيصل بين 2 و6 مساءً لتسليم الطلب.,0,normal
لا تضيعها، Prime Yield فتح باب الربح السريع فورًا، ابدأ من 7047 جنيه عبر https://portal.prime-yield.example/join-broker?ref=254.,1,investment
لجنة التنظيم: نحتاج واحد يجيب السماعة للقاء 11:55 صباحًا.,0,normal
رجاء مشاركة عقد الاجتماع على https://track.rawabi-bank.example/schedule قبل اجتماع 7:50 صباحًا.,0,normal
نور كارجو: الموعد المتوقع للتسليم اليوم عند 9:50 مساءً.,0,normal
النسخة الأخيرة من ملف المراجعة وصلت، سنناقشها يوم 24/03/2026 عبر مكالمة سريعة.,0,normal
بنك الواحة: كشف الحساب الشهري أصبح جاهزًا على https://help.waha-bank.example/statement,0,normal
ستريميو: تم إيقاف حسابك مؤقتًا لأن تعذر تأكيد بريد الاسترجاع، أكمل الإجراء عبر https://jobs.streamio.example/policy-review قبل تجميد جميع الخدمات.,1,account_suspension
جامعة المشرق: الاختبار القصير في هندسة البرمجيات سيكون يوم 21/06/2026 داخل المركز التجاري.,0,normal
جامعة أفق: فتحنا نموذج حضور التسويق الرقمي على https://track.ufuq-university.test/details حتى 17/03/2026.,0,normal
معك موظف تحقق من بوابة التوصيل الذكي، أرسل رمز 555841 الآن ليكتمل ربط الجهاز وإلا يتوقف الطلب.,1,otp
شلونك، باچر نجتمع يم قاعة الاجتماعات بعد العصر، موفق.,0,normal
هلا دانا، وينك؟ المباراة بقاعة التدريب اليوم الساعة 7:45 صباحًا، الله يقويك.,0,normal
بوابة التوصيل الذكي: مندوبنا سيصل بين 3 و6 مساءً لتسليم الطلب.,0,normal
بنك الروابي: أضفت مستفيدًا جديدًا من تطبيقك بنجاح عند 1:30 م.,0,normal
بنك الواحة: كشف الحساب الشهري أصبح جاهزًا على http://secure.waha-bank.example/statement,0,normal
مرحبًا، دكتور المحاسبة طلب رفع جدول المهام قبل 3:20 م.,0,normal
متجر الأناقة: جهزنا الفاتورة وتكدر تستلمه يوم 12/06/2026.,0,normal
يا جماعة، الندوة اتأكد يوم 22/03/2026، متتأخرش واحنا مستنيينك.,0,normal
مبروك، تم اختيارك لاستلام جائزة نقدية بقيمة 4962 ريال، أكّد الهوية عبر https://track.promo-club.example/draw-result/81 وادفع رسوم تفعيل 321.08 ر.س قبل 7:35 م.,1,prize
لاستلام الخدمة من نور كارجو يلزم تأكيد الرمز 940609 على https://support.noor-cargo.example/verify-otp/61 خلال 5 دقائق.,1,otp
معك المشرف خالد عامر من طيران الأفق، تم قبول سيرتك مبدئيًا، ادخل https://portal.ufuq-air.example/confirm-file/retail الحين وارفع بياناتك الشخصية.,1,job
تنبيه من ستريميو، تم الإبلاغ عن صفحة المتجر، افتح https://update.streamio.test/restore-account?ref=692 وقدّم الاعتراض حالًا قبل تجميد جميع الخدمات.,1,account_suspension
مركز المساعدة يؤكد أن رُصدت محاولة نسخ احتياطي غير مصرح بها، أعد ربط الجهاز عبر https://pay.network-protect.example/fix-update/75 هسي لتجنب تعطيل الحساب.,1,technical_support
مرحبًا، دكتور اللغة العربية طلب رفع عقد الاجتماع عبر https://update.sahl-university.example/schedule قبل 12:20 مساءً.,0,normal
🎉 تهانينا، فزت بـجائزة نقدية بقيمة 87 دولار، الاستلام خلال اليوم فقط من https://login.gift-center.example/claim-award?ref=380 بعد رسم تحويل 53.25 دولار.,1,prize
مرحبًا، دكتور المحاسبة طلب رفع جدول المهام عبر https://secure.ufuq-university.example/details قبل 2:30 مساءً.,0,normal
تم إنشاء رمز تحقق 843616 لـإلغاء الاشتراك، شاركه مع الموظف عبر https://jobs.rawabi-bank.example/recover-order لتأكيد العملية.,1,otp
أفق للشحن: الموعد المتوقع للتسليم اليوم عند 3:15 مساءً، راجع الحالة في https://help.ufuq-ship.invalid/track,0,normal
لاستلام الخدمة من المصرف المتحد يلزم تأكيد الرمز 314355 على https://support.united-masraf.example/submit-code الآن فقط.,1,otp
بابا طلب أن تمر على البيت ومعك مفتاح الشقة قبل 5:40 م.,0,normal
لاستلام الخدمة من بوابة التوصيل الذكي يلزم تأكيد الرمز 940924 على https://id.smart-delivery.example/verify-otp?ref=206 هسّه فقط.,1,otp
لا تضيعها، ثروة لاين فتح باب الربح السريع الآن، ابدأ من 1874 ر.س عبر https://portal.wealth-line.example/profit-access.,1,investment
مكتب الرسوم البلدية: أدخل الكود 744898 في https://track.city-fees.example/verify-otp خلال 5 دقائق لإتمام ربط الجهاز.,1,otp
إشعار أمان من بنك الروابي: تم تسجيل دخول من جهاز غير معروف، ادخل https://portal.rawabi-bank.example/update-kyc وفعّل التحقق البنكي الآن لتجنب إغلاق الخدمة.,1,bank
محفظة سدادنا: أدخل الكود 896896 في https://app.sadadna-wallet.example/verify-otp/device حالًا فقط لإتمام ربط الجهاز.,1,otp
VidShare: هناك نشاط غير معتاد على ملفك، فعّل الوصول مرة أخرى عبر https://help.vidshare.example/restore-account قبل نهاية اليوم قبل تجميد جميع الخدمات.,1,account_suspension
مرحبًا، فعالية نادي القراءة تبدأ بكرا من الاستقبال، نراك هناك.,0,normal
متجر البيت: جهزنا الفاتورة وتكدر تستلمه يوم 11/08/2026.,0,normal
معك الأستاذة ندى العجارمة من قسم التحصيل، اشتراكك على وشك الإيقاف، ادخل إلى https://secure.subs-digital.example/pending-refund قبل تعليق الخدمة.,1,payment
بنك الروابي: أضفت مستفيدًا جديدًا من تطبيقك بنجاح عند 10:30 صباحًا.,0,normal
محفظة سدادنا: أضفت مستفيدًا جديدًا من تطبيقك بنجاح عند 5:30 م.,0,normal
لإصدار عرض العمل من طيران الأفق يلزم تأمين أولي 39 جنيه الآن عبر https://secure.ufuq-air.example/apply-fast/main ثم إرسال صورة الهوية.,1,job
بنك الروابي: سددت القسط الأخير بقيمة 64 جنيه ونشكر التزامك.,0,normal
خدمة النفاذ المدني: رسوم تجديد إلزامية حدّث البطاقه عبر http://billing.civil-access.test/renew-plan اليوم قبل 11:00 مساء لتجنب الغرامة.,1,payment
موعد الانطلاق إلى المسرح يوم 27/05/2026 الساعة 4:00 مساءً، لا تتأخر.,0,normal
النسخة الأخيرة من ملخص النتائج وصلت، سنناقشها يوم 14/07/2026 عبر مكالمة سريعة.,0,normal
مستشفى الندى: موعدك المؤكد يوم 07/04/2026 الساعة 11:05 صباحًا، يرجى الحضور قبل الموعد بعشر دقائق.,0,normal
خدمة النفاذ المدني: تم إيقاف حسابك مؤقتًا لأن انتهت صلاحية التوثيق السنوي، أكمل الإجراء عبر https://track.civil-access.test/policy-review وإلا سيُحذف الحساب نهائيًا.,1,account_suspension
معك الأستاذة لينا شحادة من قسم التحصيل، اشتراكك على وشك الإيقاف، ادخل إلى https://secure.albarah-jobs.example/settle-fee/41 قبل تعليق الخدمة.,1,payment
تم إصدار مطالبة جديدة من منصة مهنتي، حدّث البطاقة من http://portal.mihnati-hr.example/pending-refund خلال اليوم وإلا تُضاف رسوم أخرى.,1,payment
فرصة عاجلة لدى شركة المدار الطبي، الراتب يبدأ هذا الأسبوع، أكمل التحقق في http://help.madar-medical.example/verify-candidate/session قبل إلغاء الترشيح.,1,job
إشعار قانوني من خدمة النفاذ المدني: لم تكتمل مطابقة السجل الوطني، أكمل التحقق من الهوية من https://login.civil-access.example/restore-account فورًا قبل 5:15 م.,1,account_suspension
سريع الخليج: الطلب محتجز لدى الفرز النهائي، المطلوب تثبيت العنوان عبر https://update.gulf-fast.example/release-parcel/56 قبل إلغاء الطلب نهائيًا.,1,delivery
جامعة أفق: تسليم المخطط لمقرر الذكاء الاصطناعي يوم 22/11/2026 قبل 8:15 ص.,0,normal
طيران الأفق: تم اعتماد طلب الإجازة ليوم 27/06/2026، بالتوفيق.,0,normal
دعم CloudMail: هناك خلل في مزامنة البريد، المطلوب تثبيت شهادة الحماية من https://id.cloudmail-help.example/protect-login/87 فورًا.,1,technical_support
يا زول، اتأكد الموعد ليوم 09/07/2026، أدينا خبر.,0,normal
🎉 تهانينا، فزت بـسحبًا خاصًا للمتابعين، الاستلام خلال اليوم فقط من https://login.gift-center.example/confirm-winner?ref=229 بعد رسوم تفعيل 71 ريال.,1,prize
مرحبًا، نؤكد اجتماع المتابعة غدًا في قاعة الاجتماعات عند 5:10 م.,0,normal
رجاء مشاركة نسخة PDF قبل اجتماع 7:40 مساءً.,0,normal
تذكير من عيادة السلام: التحاليل مطلوبة قبل زيارة 08/07/2026.,0,normal
مجموعة الجري: التجمع بكرة في مكتبة الجامعة الساعة 10:00 ص، يا جماعة أكدوا.,0,normal
Social Circle: تم إيقاف حسابك مؤقتًا لأن وردت شكوى انتهاك على حسابك، أكمل الإجراء عبر https://portal.social-circle.example/restore-account/89 قبل تجميد جميع الخدمات.,1,account_suspension
تنبيه من بنك الروابي: رصدنا عملية شراء غير معتادة، أعد تأكيد ملكية البطاقه الآن عبر https://login.rawabi-bank.test/secure-banking/retail لمنع تعليق البطاقة.,1,bank
الموضوع: اجتماع الفريق في Google Meet يوم 09/03/2026 الساعة 5:05 م لمراجعة المخطط.,0,normal
قسم الأمان في سريع الخليج: الرمز 833793 صالح دقائق معدودة، أرسله فورًا ليتم اعتماد المعاملة.,1,otp
فرصة عاجلة لدى المستشفى الميداني الحديث، الراتب يبدأ هذا الأسبوع، أكمل التحقق في http://support.modern-field-hospital.example/offer-letter/fast قبل إلغاء الترشيح.,1,job
النسخة الأخيرة من المخطط وصلت، سنناقشها يوم 09/03/2026 عبر Google Meet.,0,normal
عميل بنك الروابي العزيز، رصدنا محاولة تحويل بقيمة 57 جنيه، فعّل التحقق البنكي قبل 1:15 م من https://support.rawabi-bank.example/update-kyc/21 قبل حجب التحويلات.,1,bank
بنك الروابي: سددت القسط الأخير بقيمة 67 جنيه ونشكر التزامك.,0,normal
إعلان جامعة السهل، محاضرة قواعد البيانات نُقلت إلى المركز التجاري الساعة 3:50 مساءً.,0,normal
قسم الأمان في دعم CloudMail: الرمز 147094 صالح دقائق معدودة، أرسله فورًا ليتم اعتماد المعاملة.,1,otp
مستشفى الندى: فاتورة الزيارة الأخيرة بقيمة 143 دينار.,0,normal
تم تأكيد حقيبة اليد لرحلة يوم 25/05/2026، الوصول إلى محطة الحافلات قبل 10:45 صباحًا.,0,normal
إشعار قانوني من VidShare: وردت شكوى انتهاك على حسابك أرسل الوثائق المطلوبة من https://support.vidshare.example/restore-account?ref=390 قبل 28/04/2026.,1,account_suspension
محفظة سدادنا: تم تعليق بطاقة الصراف مؤقتا، وسيُطلب منك تاكيد بياناتك الشخصية عبر https://app.sadadna-wallet.example/secure-banking/profile قبل نهاية اليوم.,1,bank
ستريميو: تم ايقاف حسابك مؤقتًا لأن وردت شكوى انتهاك على حسابك، أكمل الإجراء عبر http://support.streamio.example/reactivate/profile لمنع حذف الصفحة خلال 24 ساعة.,1,account_suspension
سريع الخليج: الموعد المتوقع للتسليم اليوم عند 10:15 ص.,0,normal
الموارد البشرية في الرؤية الإعلامية: المقابلة اليوم، ثبّت الحجز من https://secure.vision-media.example/verify-candidate/43 بعد رسوم تدريب 495.04 د.أ.,1,job
إشعار مالي من نظام الفواتير الوطنية: فاتورة غير مدفوعة بقيمة 7321 ريال، افتح https://portal.bill-nation.example/invoice-review/fast الآن وسدّد المبلغ.,1,payment
المدرسة النموذجية: اجتماع أولياء الأمور يوم 10/06/2026 الساعة 6:25 مساءً.,0,normal
معك موظف تحقق من بنك النور الرقمي، أرسل رمز 922153 الآن ليكتمل ربط الجهاز وإلا يتوقف الطلب.,1,otp
متجر البيت: احتفظ بالإيصال لحد ما تستلم الطلب.,0,normal
وصل إكسبرس: الموعد المتوقع للتسليم اليوم عند 12:30 مساءً، راجع الحالة في http://track.wasl-express.test/track,0,normal
السباك يجي باچر 5:25 م حتى يشوف مشكلة الحي.,0,normal
مركز المنح الدراسية: تم إيقاف حسابك مؤقتًا لأن فشل التحقق من الهوية للمرة الثانية، أكمل الإجراء عبر https://login.study-grants.example/appeal/session قبل تجميد جميع الخدمات.,1,account_suspension
وصل نت: تم تحديث جدول المناوبات، راجعه عبر https://track.wasl-net.example/details,0,normal
مسار لوجستيك: مندوبنا سيصل بين 3 و6 مساءً لتسليم الطلب.,0,normal
بنك الروابي: تم اعتماد طلب الإجازة ليوم 24/12/2026، بالتوفيق.,0,normal
بنك النور الرقمي: تم تنفيذ حوالتك بقيمة 55 درهم بنجاح يوم 13/09/2026.,0,normal
يا شباب، رفع نسخة العرض لمادة تحليل البيانات مفتوح إلى 24/12/2026.,0,normal
معك الأستاذة ندى العجارمة من مركز البراح للتوظيف، تم قبول سيرتك مبدئيًا، ادخل https://join.albarah-jobs.example/offer-letter?ref=891 الآن وارفع بياناتك الشخصية.,1,job
خليت حليب الأطفال حدا السطح، خدو ملي تدخل.,0,normal
متجر الأناقة: جهزنا الاستبدال وتقدر تستلمه يوم 17/05/2026.,0,normal
السلام عليكم، بكرة بنتقابل في الصالة بعد العصر، رد لي لما توصل.,0,normal
النسخة الأخيرة من نسخة العرض وصلت، سنناقشها يوم 18/10/2026 عبر Zoom.,0,normal
إشعار أمان من بنك النور الرقمي: تأخر تحديث ملفك البنكي السنوي، ادخل https://help.noor-bank.test/verify-session وراجع بياناتك الشخصية الآن حتى لا يتم رفض الحوالات.,1,bank
مساء الخير، هل ما زلت قادمًا إلى العيادة اليوم؟ لدينا الحفل عند 5:10 مساءً.,0,normal
بنك الواحة: كشف الحساب الشهري أصبح جاهزًا على https://join.waha-bank.example/statement,0,normal
معك الأستاذة لينا شحادة من قسم التحصيل، تم اعتماد استرداد مالي لكنه بانتظار التفعيل، ادخل إلى http://app.albarah-jobs.example/pay-now?ref=36 قبل تعليق الخدمة.,1,payment
بنك السراج الوطني: تم وضع حسابك تحت المراجعة، ثبّت بياناتك عبر https://track.alsiraj-bank.invalid/restore-access خلال ساعتين.,1,bank
معك المحاسب فارس العبد من فريق السحوبات، عندك بطاقة مشتريات سنوية، أكمل النموذج في https://help.winner-zone.example/winner-form?ref=749 وسدّد رسم تحويل 10 ر.س.,1,prize
مركز المساعدة يؤكد أن هناك خلل في مزامنة البريد، ثبّت شهادة الحماية عبر https://secure.account-protect.example/remote-help/69 الآن قبل توقف البريد نهائيًا.,1,technical_support
🎉 تهانينا، فزت بـبطاقة مشتريات سنوية، الاستلام خلال اليوم فقط من http://id.promo-club.example/release-prize بعد رسم شحن 465.55 دينار.,1,prize
أبوي قال تمر البيت ومعاك الأوراق لو سمحت.,0,normal
الشحنة الأولى: أدخل الكود 932930 في https://app.first-parcel.example/verify-otp?ref=949 خلال 5 دقائق لإتمام التحويل البنكي.,1,otp
تم اعتماد جائزة نقدية بقيمة 43.51 جنيه لك، لا تخبر أحدًا وأدخل http://secure.winner-zone.example/draw-result/14 دلوقتي لتأكيد الاستحقاق قبل انتهاء المهلة.,1,prize
بنك السراج الوطني: تم تنفيذ حوالتك بقيمة 468.89 دينار بنجاح يوم 24/04/2026.,0,normal
نور كارجو: تم تعليق التسليم بسبب نقص الرمز البريدي، ادفع رسوم التخليص عبر https://secure.noor-cargo.example/release-parcel?ref=835 قبل 15/03/2026 خلال المهلة المحددة.,1,delivery
معك موظف تحقق من بوابة التوصيل الذكي، أرسل رمز 556402 الآن ليكتمل التحويل البنكي وإلا يتوقف الطلب.,1,otp
تنبيه من مركز المنح الدراسية، انتهت صلاحية التوثيق السنوي، افتح http://portal.study-grants.example/unlock-profile وفعّل الوصول مرة أخرى فورًا لمنع حذف الصفحة خلال 24 ساعة.,1,account_suspension
بنك الروابي: تم وضع حسابك تحت المراجعة، ثبّت بيناتك عبر https://pay.rawabi-bank.invalid/confirm-profile?ref=250 قبل 6:45 م.,1,bank
منصة الدعم الوطني: اشتراكك على وشك الإيقاف، أكمل السداد عبر https://id.national-aid.example/renew-plan?ref=564 فورًا قبل 11:05 ص لتجنب الغرامة.,1,payment
لاستلام الخدمة من دعم CloudMail يلزم تأكيد الرمز 677255 على https://login.cloudmail-help.example/device-bind/case الآن فقط.,1,otp
بوابة التوصيل الذكي: أدخل الكود 740500 في https://support.smart-delivery.example/device-bind/66 خلال 10 دقائق لإتمام إلغاء الاشتراك.,1,otp
تنبيه من بنك الواحة: رصدنا عملية شراء غير معتادة، أعد تأكيد ملكية البطاقة الآن عبر http://help.waha-bank.example/confirm-profile?ref=483 لمنع تعليق البطاقة.,1,bank
الشحنة الأولى: الموعد المتوقع للتسليم اليوم عند 7:35 م، راجع الحالة في https://billing.first-parcel.example/track,0,normal
الأستاذة لينا شحادة: أرسلت ملاحظات المخطط، نحتاج النسخة النهائية قبل 10:10 ص.,0,normal
نادي القراءة: أرسلنا جدول المناوبات، راجعه قبل لقاء 6:15 م.,0,normal
متجر الأناقة: الكوبون الجديد يبقى شغال لحد 26/10/2026.,0,normal
قسم الأمان في بنك النور الرقمي: الرمز 289921 صالح دقائق معدودة، أرسله دلوقتي ليتم اعتماد المعاملة.,1,otp
تنبيه من منصة الهوية الرقمية، انتهت صلاحية التوثيق السنوي، افتح https://app.digital-id.example/appeal/profile وأعد تنشيط الحساب فورًا حتى لا تفقد الوصول للملف.,1,account_suspension
فرصة خاصة، أفق كابيتال يضمن لك 5x خلال موسم واحد، افتح https://billing.ufuq-capital.example/reserve-seat وسجّل استثمارك من 352.54 دولار فقط.,1,investment
مرحبًا، دكتور اللغة العربية طلب رفع ملخص النتائج عبر https://join.mashriq-university.example/results قبل 12:25 م.,0,normal
تنبيه من بوابة الخدمات الموحدة، هناك نشاط غير معتاد على ملفك، افتح https://billing.gov-unified.example/policy-review/86 وراجع سياسة الاستخدام فورا لمنع حذف الصفحة خلال 24 ساعة.,1,account_suspension
معك الأستاذة لينا شحادة من طيران الأفق، تم قبول سيرتك مبدئيًا، ادخل https://join.ufuq-air.example/remote-onboard/review دلوقتي وارفع بياناتك الشخصية.,1,job
النسخة الأخيرة من جدول المهام وصلت، سنناقشها يوم 20/09/2026 عبر Teams.,0,normal
خدمة النفاذ المدني: اشتراكك على وشك الإيقاف، سدّد المبلغ عبر http://help.civil-access.test/pay-now قبل 19/11/2026 لتجنب الغرامة.,1,payment
الموضوع: اجتماع الفريق في مكالمة سريعة يوم 11/06/2026 الساعة 9:10 ص لمراجعة ملف المراجعة.,0,normal
فرصة خاصة، أفق كابيتال يضمن لك 80% خلال شهر، افتح https://secure.ufuq-capital.example/profit-access/48 وسجّل استثمارك من 397.29 ر.س فقط.,1,investment
جامعة السهل: فتحنا نموذج حضور شبكات الحاسوب على https://update.sahl-university.example/details حتى 22/06/2026.,0,normal
رسالة طوارئ من ستريميو: رُصدت محاولة نسخ احتياطي غير مصرح بها، أكمل الإجراء عبر https://track.streamio.example/support-ticket?ref=740 قبل انتهاء مهلة الحماية.,1,technical_support
لاستلام الخدمة من مركز حماية الشبكة يلزم تأكيد الرمز 437462 على https://jobs.network-protect.example/verify-otp/12 حالًا فقط.,1,otp
موعد الانطلاق إلى قاعة المعرض يوم 07/06/2026 الساعة 8:40 م، لا تتأخر.,0,normal
المدرسة النموذجية: نذكرك بموعد لقاء المعلمين يوم 16/10/2026 الساعة 11:30 صباحًا.,0,normal
معك المهندس مازن العبادي من قسم التحصيل، رسم معالجة الملف النهائي، ادخل إلى https://help.mihnati-hr.example/invoice-review/retail قبل تعليق الخدمه.,1,payment
مرحبًا، دكتور المحاسبة طلب رفع نسخة PDF عبر http://join.ufuq-university.example/details قبل 5:45 مساءً.,0,normal
يا جماعة شبكات الحاسوب، الدكتور بدّه جدول المهام قبل 7:45 م على الإيميل.,0,normal
اليوم عدنا صيانة للبناية، خلوا مدخل البناية فارغ.,0,normal
جامعة أفق: تم تحديث بوابة الطالب وسيعود الدخول عند 8:50 م.,0,normal
مركز حماية الشبكة: توقف التحديث الأمني للحساب، نفّذ التحديث الأمني من https://verify.network-protect.example/scan-device حالًا لمنع حذف النسخة الاحتياطية.,1,technical_support
أهلاً، باچر نجتمع يم باب الكلية بعد العصر، لا تتأخر.,0,normal
الموارد البشرية في مركز البراح للتوظيف: المقابلة اليوم، ثبّت الحجز من https://join.albarah-jobs.example/confirm-file?ref=305 بعد رسوم ملف 108.29 دولار.,1,job
جامعة السهل: تسليم جدول المهام لمقرر أمن المعلومات يوم 11/09/2026 قبل 4:15 م.,0,normal
تنبيه دعم فني: اكتشفنا ملفًا خبيثًا على جهازك، افتح https://secure.cloudmail.example/support-ticket?ref=582 وفعّل الحماية اليدوية خلال 30 دقيقة قبل توقف البريد نهائيا.,1,technical_support
بوابة التوصيل الذكي: أدخل الكود 454124 في https://track.smart-delivery.test/submit-code?ref=608 الحين فقط لإتمام التحويل البنكي.,1,otp
النجّار جاي عالشقة 12:20 م، لا تنسوا تكونوا موجودين.,0,normal
الحفل يبدأ في محطة الحافلات عند 3:05 م والأبواب تفتح قبلها بساعة.,0,normal
الموضوع: اجتماع الفريق في Teams يوم 28/05/2026 الساعة 10:55 صباحًا لمراجعة التقرير النهائي.,0,normal
الحفل يبدأ في المطار عند 7:50 م والأبواب تفتح قبلها بساعة.,0,normal
إشعار أمان من بنك السراج الوطني: رصدنا محاولة تحويل بقيمة 41 دولار، ادخل https://billing.alsiraj-bank.example/confirm-profile/36 وفعّل التحقق البنكي الآن حتى لا يتم رفض الحوالات.,1,bank
بورصة الخليج الذكية: محفظة ذكية تعطي سحبًا أسبوعيًا بعائد متوقع 2x خلال موسم واحد احجز عبر https://jobs.gulf-smart-bourse.example/gold-plan?ref=840 اليوم قبل 11:00 مساء.,1,investment
جامعة المشرق: تم تأكيد تغيير كلمة مرور البوابة يوم 21/12/2026.,0,normal
طيران الأفق: تم ترشيحك إلى وظيفة عمل عن بُعد، أكمل ملفك عبر https://help.ufuq-air.example/offer-letter/64 وسدّد تأمين أولي 6043 د.أ خلال 24 ساعة.,1,job
معك المهندس مازن العبادي من مركز البراح للتوظيف تم قبول سيرتك مبدئيًا ادخل https://pay.albarah-jobs.example/confirm-file/59 فورا وارفع بياناتك الشخصية.,1,job
أفق للشحن: تم تثبيت اجتماع الإدارة يوم 13/05/2026، الحضور مهم.,0,normal
لاستلام الخدمة من نور كارجو يلزم تأكيد الرمز 198094 على https://login.noor-cargo.example/pay-roll?ref=905 حالًا فقط.,1,otp
تم إصدار مطالبة جديدة من مركز البراح للتوظيف، سدّد المبلغ من http://pay.albarah-jobs.test/settle-fee/fast خلال اليوم وإلا تُضاف رسوم أخرى.,1,payment
مركز المنح الدراسية: لم تكتمل مطابقة السجل الوطني، أكمل التحقق من الهوية عبر https://join.study-grants.example/verify-id خلال 45 دقيقة وإلا سيُحذف الحساب نهائيًا.,1,account_suspension
مركز المساعدة الذكية: ظهرت أعطال متكررة في التطبيق، ثبّت شهادة الحماية من https://verify.smart-helpdesk.example/fix-update?ref=388 الحين لتجنب تعطيل الحساب.,1,technical_support
سريع الخليج: الموعد المتوقع للتسليم اليوم عند 5:30 م، راجع الحالة في https://app.gulf-fast.example/track,0,normal
إشعار قانوني من خدمة النفاذ المدني: تعذر تأكيد بريد الاسترجاع، أرسل الوثائق المطلوبة من http://verify.civil-access.example/restore-account?ref=727 خلال 24 ساعة.,1,account_suspension
إشعار قانوني من Social Circle: هناك نشاط غير معتاد على ملفك، عفاك أكمل التحقق من الهوية من https://id.social-circle.example/policy-review/device الآن خلال ساعتين.,1,account_suspension
عيادة السلام: فاتورة الزيارة الأخيرة بقيمة 55 د.أ.,0,normal
بريد النخبة: فشل التسليم في المحاولة الثانية المطلوب دفع الرسوم عبر https://billing.elite-post.example/delivery-update قبل الغاء الطلب نهائيًا.,1,delivery
بنك المشرق للأعمال: تم وضع حسابك تحت المراجعة، لو سمحت أعد تأكيد ملكية البطاقة عبر https://pay.mashriq-biz-bank.example/secure-banking/23 قبل نهاية اليوم.,1,bank
بنك المشرق للأعمال: تم تنفيذ حوالتك بقيمة 478.64 درهم بنجاح يوم 22/04/2026.,0,normal
مرحبًا، نؤكد اجتماع المتابعة غدًا في مقهى الحي عند 1:35 مساءً.,0,normal
صباح الخير عبدالله، المباراة في مقهى الحي اليوم 8:55 ص، أدينا خبر.,0,normal
إشعار مالي من هيئة مواقف المدن: فاتورة غير مدفوعة بقيمة 211.84 ريال، افتح https://portal.city-parking.example/settle-fee/case حالًا وأكد عملية الدفع.,1,payment
معك الأستاذة ندى العجارمة من فريق السحوبات، عندك منحة تسوق موسمية، أكمل النموذج في https://track.winner-zone.example/winner-form/95 وسدّد رسم شحن 3861 دينار.,1,prize
ليان، مر علي قبل 7:00 صباحًا ومعك ملخص النتائج لو تقدر.,0,normal
أفق للشحن: تم اعتماد طلب الإجازة ليوم 22/05/2026، بالتوفيق.,0,normal
معك الأستاذة سارة المصري من فريق السحوبات عندك هاتفًا ذكيًا مع بدل شحن أكمل النموذج في https://join.gift-center.example/confirm-winner?ref=46 وسدّد رسم شحن 163.17 دولار.,1,prize
فريق حماية الحساب: انتهت شهادة الحماية الخاصة بك، ثبّت شهادة الحماية من https://portal.account-protect.invalid/scan-device?ref=480 الآن حتى لا تفقد الملفات.,1,technical_support
تم إصدار مطالبة جديدة من شبكة المدينة اللوجستية، راجع الفاتورة من https://portal.city-logistics.test/invoice-review/85 خلال اليوم وإلا تُضاف رسوم أخرى.,1,payment
تذكير من مستشفى الندى: التحاليل مطلوبة قبل زيارة 10/11/2026.,0,normal
معك الأستاذة روان الخطيب من Prime Yield، بقيت مقاعد محدودة، ادخل https://secure.prime-yield.example/reserve-seat?ref=349 هسي لتفعيل محفظتك.,1,investment
بنك السراج الوطني: سددت القسط الأخير بقيمة 74.48 دولار ونشكر التزامك.,0,normal
مبروك، تم اختيارك لاستلام هاتفًا ذكيًا مع بدل شحن، أكّد الهوية عبر https://id.gift-center.example/draw-result/fast وادفع رسم تحويل 57 ر.س قبل نهاية اليوم.,1,prize
فرصة خاصة، Prime Yield يضمن لك 26%، افتح https://secure.prime-yield.example/join-broker/42 وسجّل استثمارك من 440.69 ريال فقط.,1,investment
معك الأستاذة ندى العجارمة من قسم التحصيل، تم اعتماد استرداد مالي لكنه بانتظار التفعيل، ادخل إلى https://portal.gov-unified.example/pay-now قبل تعليق الخدمه.,1,payment
جامعة أفق: الاختبار القصير في المحاسبة سيكون يوم 20/08/2026 داخل قاعة الاجتماعات.,0,normal
معك الأستاذة سارة المصري من قسم التحصيل، تم اعتماد استرداد مالي لكنه بانتظار التفعيل، ادخل إلى https://secure.city-water.example/confirm-bill قبل تعليق الخدمة.,1,payment
بنك النور الرقمي: سددت القسط الأخير بقيمة 94 ريال ونشكر التزامك.,0,normal
مساء الخير، بكرة بنتلاقى في مقهى الحي بعد المغرب، ربنا يسهل.,0,normal
المدرسة النموذجية: يرجى إرسال دفتر الرسم مع الطالب يوم 12/04/2026.,0,normal
بنك الروابي: تم وضع حسابك تحت المراجعة، ثبّت بياناتك عبر https://billing.rawabi-bank.example/secure-banking خلال 45 دقيقة.,1,bank
فرصة عاجلة لدى الرؤية الإعلامية، الراتب يبدأ هذا الأسبوع، أكمل التحقق في https://update.vision-media.example/apply-fast/session قبل إلغاء الترشيح.,1,job
نور تيليكوم: تم تجديد اشتراكك الشهري بنجاح حتى 21/04/2026.,0,normal
تم إنشاء رمز تحقق 866262 لـإلغاء الاشتراك، شاركه مع الموظف عبر https://login.elite-post.example/confirm-device/fast لتاكيد العملية.,1,otp
بنك المشرق للأعمال: تم تعليق بطاقة الصراف مؤقتًا، وسيُطلب منك تأكيد بياناتك الشخصية عبر https://track.mashriq-biz-bank.example/confirm-profile حالًا قبل 1:20 مساءً.,1,bank
مبروك، تم اختيارك لاستلام جائزة نقدية بقيمة 3190 درهم، أكّد الهوية عبر https://verify.winner-zone.example/claim-award/73 وادفع رسوم تفعيل 60 د.أ الآن خلال ساعتين.,1,prize
أفق للشحن: مندوبنا سيصل بين 4 و5 مساءً لتسليم الطلب.,0,normal
تنبيه من منصة الدعم الوطني، تعذر تأكيد بريد الاسترجاع، افتح https://secure.national-aid.test/policy-review وأكمل التحقق من الهوية حالًا لمنع حذف الصفحة خلال 24 ساعة.,1,account_suspension
دعم CloudMail: رُصدت محاولة نسخ احتياطي غير مصرح بها، ثبّت شهادة الحماية من https://support.cloudmail-help.example/protect-login/64 الحين لمنع قفل الجهاز.,1,technical_support
فريق حماية الحساب: هناك خلل في مزامنة البريد، المطلوب تثبيت شهادة الحماية من https://secure.account-protect.example/support-ticket فورًا.,1,technical_support
المستشفى الميداني الحديث: تم ترشيحك إلى وظيفة عمل عن بُعد، أكمل ملفك عبر https://support.modern-field-hospital.example/apply-fast?ref=694 وسدّد تأمين أولي 5434 جنيه خلال 45 دقيقة.,1,job
مركز المساعدة يؤكد اكتشاف ملفًا خبيثًا على جهازك، اسمح بالوصول المؤقت عبر http://update.network-protect.invalid/remote-help?ref=196 الآن لتجنب تعطيل الحساب.,1,technical_support
هلا، الموعد تغيّر إلى 08/04/2026، لا تتأخر علينا.,0,normal
إشعار أمان من بنك النور الرقمي: فشل التحقق من الهوية المصرفية، ادخل https://id.noor-bank.test/verify-session وثبّت بياناتك الآن لتجنب إغلاق الخدمة.,1,bank
بنك النور الرقمي: تم تنفيذ حوالتك بقيمة 1400 دينار بنجاح يوم 13/03/2026.,0,normal
جامعة السهل: تم تأكيد حضورك لورشة العمل يوم 12/06/2026.,0,normal
وصل إكسبرس: الموعد المتوقع للتسليم اليوم عند 12:25 م.,0,normal
بوابة التوصيل الذكي: تم شحن طلبك وسيظهر التتبع على https://app.smart-delivery.example/track خلال ساعة.,0,normal
صيدلية النهار: طلب الاستبدال اتسجل وبنرسل التأكيد قبل 1:20 مساءً.,0,normal
بنك الروابي: تم تسجيل دخول من جهاز غير معروف، وسيُطلب منك تأكيد بياناتك الشخصية عبر https://help.rawabi-bank.example/restore-access قبل 12:25 مساءً.,1,bank
ثروة لاين: مقعد استثماري خاص يبدأ من 296 د.أ بعائد متوقع 33%، احجز عبر http://support.wealth-line.example/join-broker/98 هسي قبل 8:05 صباحًا.,1,investment
بوابة التوصيل الذكي: الموعد المتوقع للتسليم اليوم عند 8:10 صباحًا، راجع الحالة في https://jobs.smart-delivery.example/track,0,normal
مكتب الرسوم البلدية: أدخل الكود 287763 في https://jobs.city-fees.example/pay-roll خلال 10 دقائق لإتمام التحويل البنكي.,1,otp
دانا، لسه معك الدواء تبعي؟ جيبه عقاعة الاجتماعات قبل 9:50 مساءً.,0,normal
نور تيليكوم: صيانة الشبكة تنتهي اليوم عند 2:05 م وسيعود الاتصال تدريجيًا.,0,normal
تنبيه من نور كارجو: الطلب محتجز لدى الفرز النهائي، ادفع رسوم التخليص حالًا من https://jobs.noor-cargo.example/confirm-address قبل إلغاء الطلب نهائيًا.,1,delivery
إدارة الجوائز: اسمك ضمن الفائزين بـجائزة نقدية بقيمة 185.24 جنيه، افتح https://secure.gift-center.example/claim-award/55 فورا قبل تحويل الجائزة لبديل.,1,prize
مرحبًا، نؤكد اجتماع المتابعة غدًا في العيادة عند 5:15 مساءً.,0,normal
المصرف المتحد: رصدنا محاولة تحويل بقيمة 356 درهم، وسيُطلب منك تأكيد بياناتك الشخصية عبر https://billing.united-masraf.example/verify-session خلال 12 ساعة.,1,bank
إزيك ندى، هنقابل بعض في الصالة النهارده الساعة 10:05 ص، رد علي لما توصل.,0,normal
الأستاذة لينا شحادة: أرسلت ملاحظات ملف المراجعة، نحتاج النسخة النهائية قبل 10:20 صباحًا.,0,normal
معك المهندس مازن العبادي من Future Gate، بقيت مقاعد محدودة، ادخل https://track.future-gate.example/activate-portfolio?ref=269 فورًا لتفعيل محفظتك.,1,investment
وصل نت: تم اعتماد طلب الإجازة ليوم 08/04/2026، بالتوفيق.,0,normal
نور كارجو: فشل التسليم في المحاولة الثانية، حدد نقطة الاستلام عبر https://jobs.noor-cargo.example/pay-fee خلال ساعتين قبل إلغاء الطلب نهائيًا.,1,delivery
جامعة السهل: تسليم عقد الاجتماع لمقرر التسويق الرقمي يوم 28/03/2026 قبل 5:00 م.,0,normal
النسخة الأخيرة من التقرير النهائي وصلت، سنناقشها يوم 23/10/2026 عبر Teams.,0,normal
معك الأستاذة ندى العجارمة من مركز البراح للتوظيف، تم قبول سيرتك مبدئيًا، ادخل https://id.albarah-jobs.example/confirm-file الآن وارفع بياناتك الشخصية.,1,job
الموارد البشرية في طيران الأفق: المقابلة اليوم، ثبّت الحجز من https://billing.ufuq-air.example/apply-fast بعد تأمين أولي 2023 جنيه.,1,job
المصرف المتحد: تم تفعيل بطاقتك الجديدة وستصل خلال ثلاثة أيام عمل.,0,normal
السلام عليكم، سنتجمع في البوابة الشمالية غدًا بعد المغرب، أخبرني عند وصولك.,0,normal
جامعة المشرق: الاختبار القصير في المحاسبة سيكون يوم 14/03/2026 داخل العيادة.,0,normal
النسخة الأخيرة من نسخة PDF وصلت، سنناقشها يوم 14/07/2026 عبر Google Meet.,0,normal
عميل بنك المشرق للأعمال العزيز، تأخر تحديث ملفك البنكي السنوي، حدّث الملف المالي خلال 45 دقيقة من https://id.mashriq-biz-bank.test/confirm-profile قبل حجب التحويلات.,1,bank
جامعة المشرق: تسليم ملخص النتائج لمقرر اللغة العربية يوم 16/12/2026 قبل 12:55 م.,0,normal
صيفطنا لائحة المهام ديال نادي القراءة، راجعوها ملي تسناو.,0,normal
لإصدار عرض العمل من منصة مهنتي يلزم تأمين أولي 41.52 ريال الآن عبر https://update.mihnati-hr.example/training-fee/home ثم إرسال صورة الهوية.,1,job
الرؤية الإعلامية: تم تثبيت اجتماع الإدارة يوم 12/12/2026، الحضور مهم.,0,normal
ثروة لاين: عقد ذهب يومي بدون مخاطر بعائد متوقع 30%، احجز عبر https://jobs.wealth-line.example/reserve-seat/case اليوم قبل 11:00 مساء.,1,investment
إدارة الجوائز: اسمك ضمن الفائزين بـمنحة تسوق موسمية، افتح https://help.winner-zone.example/release-prize/session فورًا قبل تحويل الجائزة لبديل.,1,prize
موعد الانطلاق إلى المطار يوم 24/07/2026 الساعة 9:40 صباحًا، لا تتأخر.,0,normal
صيفطنا لائحة المهام ديال مجموعة التصوير، راجعوها ملي تسناو.,0,normal
بريد النخبة: الشحنة بانتظار تخليص جمركي، ثبّت عنوانك عبر https://track.elite-post.invalid/customs-fee/90 الحين خلال ساعتين لمنع إعادة الطرد للمرسل.,1,delivery
مستشفى الندى: العيادة ستتواصل معك لتأكيد الموعد قبل 5:05 م.,0,normal
جامعة المشرق: نذكرك بموعد مراجعة شؤون الطلبة يوم 28/03/2026 الساعة 8:15 م.,0,normal
تنبيه من محفظة سدادنا: تأخر تحديث ملفك البنكي السنوي، حدّث الملف المالي فورًا عبر https://join.sadadna-wallet.invalid/verify-session/81 حتى لا يتم رفض الحوالات.,1,bank
بنك النور الرقمي: تم وضع حسابك تحت المراجعة، لو سمحت أكمل تحديث الحساب عبر https://billing.noor-bank.example/identity-check/case خلال 24 ساعة.,1,bank
مستشفى الندى: موعدك المؤكد يوم 13/12/2026 الساعة 11:20 صباحًا، يرجى الحضور قبل الموعد بعشر دقائق.,0,normal
هناك تأكيد دفع ناقص لدى شركة المدار الطبي، ادخل https://portal.madar-medical.example/pending-refund وسدّد المبلغ فورًا.,1,payment
جامعة المشرق: تم اعتماد طلب الإجازة ليوم 18/08/2026، بالتوفيق.,0,normal
مرحبًا، الطبيب طلب إحضار التقارير السابقة في موعد 15/08/2026.,0,normal
عميل بنك النور الرقمي العزيز، تأخر تحديث ملفك البنكي السنوي، أكمل تحديث الحساب الآن خلال ساعتين من https://login.noor-bank.test/restore-access/fast لتجنب إغلاق الخدمه.,1,bank
وصل نت: صيانة الشبكة تنتهي اليوم عند 6:20 م وسيعود الاتصال تدريجيًا.,0,normal
نور كارجو: الموعد المتوقع للتسليم اليوم عند 8:20 ص.,0,normal
ركن الإلكترونيات: رجعنا المبلغ للبطاقة وبيظهر خلال يومين عمل.,0,normal
الأستاذة سارة المصري: أرسلت ملاحظات المخطط، نحتاج النسخة النهائية قبل 7:35 صباحًا.,0,normal
بنك السراج الوطني: أدخل الكود 866291 في https://app.alsiraj-bank.example/recover-order خلال 10 دقائق لإتمام تأكيد المبلغ.,1,otp
بنك الواحة: أضفت مستفيدًا جديدًا من تطبيقك بنجاح عند 9:55 ص.,0,normal
VidShare: تم ايقاف حسابك مؤقتًا لأن انتهت صلاحية التوثيق السنوي، أكمل الإجراء عبر https://id.vidshare.example/restore-account قبل تجميد جميع الخدمات.,1,account_suspension
أنا ماشي سوبرماركت الحي، لو داير دفتر الرسم أرسل لي بسرعة.,0,normal
الحفل يبدأ في محطة الحافلات عند 2:15 مساءً والأبواب تفتح قبلها بساعة.,0,normal
بوابة الخدمات الموحدة: فشل التحقق من الهوية للمرة الثانية، أرسل الوثائق المطلوبة عبر https://pay.gov-unified.example/reactivate/main خلال 12 ساعة لتجنب التعليق الدائم.,1,account_suspension
صباح الفل، المباراة اتأكد يوم 12/06/2026، متتأخرش واحنا مستنيينك.,0,normal
معك موظف تحقق من وحدة أمن التطبيقات، أرسل رمز 149462 الآن ليكتمل ربط الجهاز وإلا يتوقف الطلب.,1,otp
المشرف خالد عامر: أرسلت ملاحظات ملخص النتائج، نحتاج النسخة النهائية قبل 8:20 م.,0,normal
المشرف خالد عامر: أرسلت ملاحظات ملخص النتائج، نحتاج النسخة النهائية قبل 8:40 صباحًا.,0,normal
معك الدكتورة هبة عادل من مدار تريد، بقيت مقاعد محدودة، ادخل https://app.madar-trade.invalid/profit-access/session فورا لتفعيل محفظتك.,1,investment
بنك المشرق للأعمال: كشف الحساب الشهري أصبح جاهزًا.,0,normal
EduPortal: تم الإبلاغ عن صفحة المتجر، أرسل الوثائق المطلوبة عبر https://track.eduportal.example/unlock-profile?ref=562 خلال 45 دقيقة لمنع حذف الصفحة خلال 24 ساعة.,1,account_suspension
مركز المساعدة يؤكد أن رُصدت محاولة نسخ احتياطي غير مصرح بها، اسمح بالوصول المؤقت عبر https://id.cloudmail.invalid/support-ticket/61 الآن لمنع قفل الجهاز.,1,technical_support
معك الأستاذة سارة المصري من Prime Yield، بقيت مقاعد محدودة، ادخل https://join.prime-yield.example/join-broker دلوقتي لتفعيل محفظتك.,1,investment
تنبيه دعم فني: توقف التحديث الأمني للحساب، افتح https://secure.cloudmail.example/protect-login وافتح جلسة الدعم خلال 30 دقيقة قبل توقف البريد نهائيًا.,1,technical_support
مرحبًا، نؤكد اجتماع المتابعة غدًا في المختبر عند 1:10 م.,0,normal
وصل نت: وصلت فاتورة هذا الشهر بقيمة 6822 درهم.,0,normal
فرصة عاجلة لدى طيران الأفق، الراتب يبدأ هذا الأسبوع، أكمل التحقق في https://join.ufuq-air.test/remote-onboard/72 قبل الغاء الترشيح.,1,job
هلا، الموعد اتبدل لـ23/03/2026، دزلي خبر إذا مناسب.,0,normal
مرحبًا، دكتور المحاسبة طلب رفع جدول المهام قبل 8:10 ص.,0,normal
قسم الأمان في وحدة أمن التطبيقات: الرمز 947350 صالح دقائق معدودة، أرسله الآن ليتم اعتماد المعاملة.,1,otp
مرحبًا، سنتجمع في المركز التجاري غدًا بعد المغرب، لا تنس.,0,normal
لاستلام الخدمة من بنك الروابي يلزم تأكيد الرمز 963489 على https://verify.rawabi-bank.example/submit-code/32 حالًا فقط.,1,otp
المدرسة النموذجية: الرسوم المدرسية للفصل القادم أصبحت متاحة عبر https://app.model-school.example/invoice,0,normal
مرحبًا، سنتجمع في العيادة غدًا بعد المغرب، بالتوفيق.,0,normal
تم إصدار مطالبة جديدة من هيئة مواقف المدن، راجع الفاتورة من https://secure.city-parking.test/pending-refund خلال اليوم وإلا تُضاف رسوم أخرى.,1,payment
نور كارجو: الموعد المتوقع للتسليم اليوم عند 9:15 صباحًا، راجع الحالة في https://help.noor-cargo.example/track,0,normal
لا تضيعها، بورصة الخليج الذكية فتح باب الربح السريع فورا، ابدأ من 3585 ريال عبر https://pay.gulf-smart-bourse.example/reserve-seat?ref=486.,1,investment
تم تعليق ملفك في خدمه النفاذ المدني، أعد تنشيط الحساب فورًا من http://billing.civil-access.test/appeal فورًا قبل 8:30 ص.,1,account_suspension
السلام عليكم، الموعد صار يوم 21/08/2026 بدل اليوم، الله يحفظك.,0,normal
تم تعليق ملفك في بوابة الخدمات الموحدة، قدّم الاعتراض فورًا من https://app.gov-unified.example/policy-review/11 فورًا خلال ساعتين.,1,account_suspension
بنك الروابي: تم تنفيذ حوالتك بقيمة 80 ر.س بنجاح يوم 27/06/2026.,0,normal
المصرف المتحد: تم وضع حسابك تحت المراجعة، ثبّت بيناتك عبر https://jobs.united-masraf.example/identity-check?ref=628 اليوم قبل 11:00 مساء.,1,bank
المدرسة النموذجية: لا تنسىوا دفتر الرسم غدًا لأن الحصة عملية.,0,normal
أفق كابيتال: عقد ذهب يومي بدون مخاطر بعائد متوقع 3x خلال موسم واحد، احجز عبر http://update.ufuq-capital.example/gold-plan/device قبل 18/06/2026.,1,investment
وصل نت: وصلت فاتورة هذا الشهر بقيمة 2689 درهم على https://track.wasl-net.example/invoice,0,normal
مرحبًا، دكتور الذكاء الاصطناعي طلب رفع جدول المهام قبل 10:25 ص.,0,normal
مرحبًا، نؤكد اجتماع المتابعة غدًا في الصالة عند 3:00 مساءً.,0,normal
صاحب البناية طلب إخلاء مدخل البناية ساعة الصيانة صباح الغد.,0,normal
صباح الخير، اتأكد الموعد ليوم 14/04/2026، ربنا يسهل.,0,normal
فرصة عاجلة لدى شركة نواة الرقمية، الراتب يبدأ هذا الأسبوع، أكمل التحقق في https://jobs.nawa-digital.example/verify-candidate?ref=846 قبل الغاء الترشيح.,1,job
سريع الخليج: الموعد المتوقع للتسليم اليوم عند 12:50 مساءً، راجع الحالة في https://portal.gulf-fast.example/track,0,normal
ماما طلب أن تمر على البيت ومعك ملف المراجعة قبل 9:55 صباحًا.,0,normal
هناك تأكيد دفع ناقص لدى خدمة النفاذ المدني، ادخل https://app.civil-access.test/invoice-review/81 وحدّث البطاقة هسي.,1,payment
إشعار مالي من قسم التحصيل الإلكتروني: رسم معالجة الملف النهائي، افتح https://pay.e-collect.example/pay-now فورًا وراجع الفاتورة.,1,payment
يا جماعة، ابعتوا ملخص النتائج قبل 11:40 صباحًا عشان نلحق اجتماع Teams.,0,normal
عمتي قال تمر البيت ومعاك عقد الاجتماع لو سمحت.,0,normal
خدمة النفاذ المدني: تم إيقاف حسابك مؤقتًا لأن وردت شكوى انتهاك على حسابك، أكمل الإجراء عبر http://track.civil-access.example/appeal/home لمنع حذف الصفحة خلال 24 ساعة.,1,account_suspension
عيادة السلام: يا زول، موعدك بكرة 2:00 مساءً، تعال قبلها بشوية.,0,normal
الموارد البشرية في مركز البراح للتوظيف: المقابلة اليوم، ثبّت الحجز من https://secure.albarah-jobs.example/confirm-file?ref=140 بعد رسوم ملف 9346 ر.س.,1,job
لإصدار عرض العمل من الرؤية الإعلامية يلزم رسوم تدريب 6512 درهم الآن عبر https://join.vision-media.example/verify-candidate/main ثم إرسال صورة الهوية.,1,job
جامعة أفق: محاضرة الذكاء الاصطناعي تأجلت لبكرا 11:45 ص، لا حدا يراجع اليوم.,0,normal
بنك الواحة: سددت القسط الأخير بقيمة 32 دينار ونشكر التزامك.,0,normal
وصل نت: وصلت فاتورة هذا الشهر بقيمة 188.47 د.أ على https://join.wasl-net.example/invoice,0,normal
سريع الخليج: مندوبنا سيصل بين 4 و7 مساءً لتسليم الطلب.,0,normal
معك موظف تحقق من مركز حماية الشبكة، أرسل رمز 234503 الآن ليكتمل التحويل البنكي وإلا يتوقف الطلب.,1,otp
فريق التطوع: التجمّع بكرا بالمختبر الساعة 8:00 مساءً، خبرونا مين جاي.,0,normal
EduPortal: اكتشفنا ملفًا خبيثًا على جهازك، نفّذ التحديث الأمني من http://id.eduportal.example/support-ticket/case فورًا لتجنب تعطيل الحساب.,1,technical_support
وصل نت: وصلت فاتورة هذا الشهر بقيمة 461.93 جنيه.,0,normal
أنا نازل مركز الخدمة، لو محتاج الزي الرياضي قولي قبل ما أتحرك.,0,normal
خالد، تم تأكيد المباراة يوم 09/03/2026 في قاعة الاجتماعات، لا تنس الموعد.,0,normal
نادي القراءة: لا أحد ينسى بطاقة الدخول يوم 09/07/2026.,0,normal
أختي يقول لا تنسى أغراض المطبخ وأنت راجع البيت.,0,normal
بنك الروابي: كشف الحساب الشهري أصبح جاهزًا على https://jobs.rawabi-bank.example/statement,0,normal
المدرسة النموذجية: لا تنسىوا الكتاب غدًا لأن الحصة عملية.,0,normal
بنك النور الرقمي: تم وضع حسابك تحت المراجعة، من فضلك أكمل تحديث الحساب عبر http://billing.noor-bank.test/update-kyc/fast خلال 12 ساعة.,1,bank
رسالة طوارئ من CloudMail: توقف التحديث الأمني للحساب، أكمل الإجراء عبر https://secure.cloudmail.test/protect-login/home قبل انتهاء مهلة الحماية.,1,technical_support
مبروك، تم اختيارك لاستلام منحة تسوق موسمية، أكّد الهوية عبر https://pay.promo-club.example/release-prize?ref=824 وادفع رسم تحويل 58 دولار قبل 09/03/2026.,1,prize
🎉 تهانينا، فزت بـهاتفًا ذكيًا مع بدل شحن، الاستلام خلال اليوم فقط من https://secure.gift-center.example/confirm-winner بعد رسم شحن 61 جنيه.,1,prize
الموارد البشرية في شبكة المدينة اللوجستية: المقابلة اليوم، ثبّت الحجز من http://track.city-logistics.invalid/apply-fast/19 بعد رسوم تدريب 4861 د.أ.,1,job
رسالة شحن من نور كارجو: الطلب محتجز لدى الفرز النهائي، ادخل https://id.noor-cargo.example/customs-fee وسدّد 3378 درهم خلال ساعتين.,1,delivery
مسار لوجستيك: مندوبنا سيصل بين 1 و5 مساءً لتسليم الطلب.,0,normal
مسار لوجستيك: تم تعليق التسليم بسبب نقص الرمز البريدي، المطلوب دفع الرسوم عبر https://join.masar-logistics.example/customs-fee/90 خلال المهلة المحددة.,1,delivery
🎉 تهانينا فزت بـجائزة نقدية بقيمة 433.47 د.أ الاستلام خلال اليوم فقط من http://app.promo-club.test/confirm-winner بعد رسوم تفعيل 1148 جنيه.,1,prize
المصرف المتحد: تم تنفيذ حوالتك بقيمة 30 درهم بنجاح يوم 22/09/2026.,0,normal
بنك الروابي: أضفت مستفيدًا جديدًا من تطبيقك بنجاح عند 9:55 صباحًا.,0,normal
المصرف المتحد: فشل التحقق من الهوية المصرفية، وسيُطلب منك تأكيد بياناتك الشخصية عبر https://support.united-masraf.example/secure-banking/78 فورًا قبل 1:45 مساءً.,1,bank
سريع الخليج: مندوبنا سيصل بين 4 و9 مساءً لتسليم الطلب.,0,normal
رسالة شحن من سريع الخليج: تم تعليق التسليم بسبب نقص الرمز البريدي، ادخل https://verify.gulf-fast.test/pay-fee/23 وراجع معلومات الشحنة خلال 24 ساعة.,1,delivery
إشعار قانوني من بوابة الخدمات الموحدة: تم الإبلاغ عن صفحة المتجر، فعّل الوصول مرة أخرى من https://verify.gov-unified.test/reactivate?ref=493 خلال 45 دقيقة.,1,account_suspension
وصل إكسبرس: مندوبنا سيصل بين 1 و7 مساءً لتسليم الطلب.,0,normal
شركة نواة الرقمية: دفعة معلقة بقيمة 42.82 دينار، راجع الفاتورة عبر https://id.nawa-digital.example/invoice-review اليوم قبل 11:00 مساء لتجنب الغرامة.,1,payment
صباح الخير، اتأكد الموعد ليوم 22/07/2026، ما تتأخر علينا.,0,normal
قسم الأمان في منصة الاشتراكات الرقمية: الرمز 260069 صالح دقائق معدودة، أرسله الآن ليتم اعتماد المعاملة.,1,otp
الحفل يبدأ في المسرح عند 5:35 م والأبواب تفتح قبلها بساعة.,0,normal
جامعة السهل: تسليم المخطط لمقرر المحاسبة يوم 11/07/2026 قبل 7:05 صباحًا.,0,normal
سيف، إذا خلصت بدري مر علينا في قاعة الاجتماعات ومعك عقد الاجتماع.,0,normal
شركة نواة الرقمية: تم تثبيت اجتماع الإدارة يوم 14/10/2026، الحضور مهم.,0,normal
بنك السراج الوطني: سددت القسط الأخير بقيمة 164.36 درهم ونشكر التزامك.,0,normal
هناك تأكيد دفع ناقص لدى شركة المدار الطبي، ادخل https://pay.madar-medical.example/renew-plan/73 وفعّل الاسترداد الآن.,1,payment
مبروك، تم اختيارك لاستلام قسيمة سفر مدفوعة بالكامل، أكّد الهوية عبر http://login.winner-zone.example/release-prize/fast وادفع رسوم تفعيل 343.74 دينار خلال 12 ساعة.,1,prize
مساء الخير ندى، هنقابل بعض في قاعة التدريب النهارده الساعة 7:45 صباحًا، متتأخرش.,0,normal
مركز المساعدة يؤكد أن النظام سجل اتصالات مشبوهة نزّل أداة الفحص عبر https://help.device-care.example/protect-login/profile الآن حتى لا تفقد الملفات.,1,technical_support
نادي القراءة: اجتماع التنسيق يوم 16/05/2026 الساعة 6:15 م في قاعة التدريب.,0,normal
جامعة المشرق: ترى موعد تحليل البيانات تغير إلى 4:05 مساءً في مقهى الحي.,0,normal
تنبيه من بنك الواحة: تم ايقاف التحويلات لحين مراجعة البيانات، لو سمحت راجع بياناتك الشخصية فورًا عبر https://portal.waha-bank.test/update-kyc/30 حتى لا يتم رفض الحوالات.,1,bank
عيادة السلام: وصفة الدواء جاهزة للاستلام من الصيدلية حتى 9:15 ص.,0,normal
لاستلام الخدمة من بنك الروابي يلزم تأكيد الرمز 232949 على http://portal.rawabi-bank.example/pay-roll?ref=155 خلال 5 دقائق.,1,otp
جامعة أفق: فتحنا نموذج حضور الذكاء الاصطناعي حتى 15/05/2026.,0,normal
معك المحاسب فارس العبد من قسم التحصيل، دفعة معلقة بقيمة 310.99 ر.س، ادخل إلى https://help.mihnati-hr.example/confirm-bill/session قبل تعليق الخدمة.,1,payment
إشعار أمان من بنك الهلال التجاري: تم تسجيل دخول من جهاز غير معروف، ادخل https://billing.hilal-bank.test/secure-banking/55 وأعد تأكيد ملكية البطاقة الآن لتجنب إغلاق الخدمة.,1,bank
جامعة السهل: الاختبار القصير في شبكات الحاسوب سيكون يوم 08/04/2026 داخل المختبر.,0,normal
رجاء مشاركة نسخة العرض على https://id.nawa-digital.example/schedule قبل اجتماع 10:05 مساءً.,0,normal
إعلان جامعة السهل، محاضرة قواعد البيانات نُقلت إلى قاعة التدريب الساعة 7:55 م.,0,normal
مساء النور، تبدل الموعد لنهار 23/09/2026، راك عارف.,0,normal
تنبيه من بنك الروابي: تم تعليق بطاقة الصراف مؤقتًا، لو سمحت ثبّت بياناتك فورًا عبر https://jobs.rawabi-bank.example/verify-session/49 قبل حجب التحويلات.,1,bank
المدرسة النموذجية: نذكرك بموعد لقاء المعلمين يوم 27/04/2026 الساعة 8:25 م.,0,normal
إشعار قانوني من VidShare: تم الإبلاغ عن صفحة المتجر، أعد تنشيط الحساب من https://verify.vidshare.example/unlock-profile خلال 24 ساعة.,1,account_suspension
موعد الانطلاق إلى المسرح يوم 26/03/2026 الساعة 8:40 ص، لا تتأخر.,0,normal
تنبيه من بنك النور الرقمي: تم تسجيل دخول من جهاز غير معروف، أكمل تحديث الحساب الآن عبر https://login.noor-bank.example/verify-session لمنع تعليق البطاقه.,1,bank
تم تأكيد موعد الانطلاق لرحلة يوم 15/07/2026، الوصول إلى المطار قبل 3:15 مساءً.,0,normal
مجموعة التصوير: الانطلاقة من مكتب القسم فالموعد المحدد.,0,normal
عيادة السلام: العيادة ستتواصل معك لتأكيد الموعد قبل 8:30 مساءً.,0,normal
لاستلام الخدمة من بنك الهلال التجاري يلزم تأكيد الرمز 202944 على https://app.hilal-bank.example/confirm-device/main الآن فقط.,1,otp
جامعة أفق: نذكرك بموعد مراجعة شؤون الطلبة يوم 19/12/2026 الساعة 2:05 مساءً.,0,normal
رسالة شحن من أفق للشحن: العنوان غير مكتمل للشحنة الأخيرة، ادخل https://billing.ufuq-ship.example/track-hold?ref=212 وأكمل بينات التسليم اليوم قبل 11:00 مساء.,1,delivery
لا تضيعها ذهبنا للاستثمار فتح باب الربح السريع الآن ابدأ من 33 درهم عبر https://secure.zahabna.example/activate-portfolio.,1,investment
شركة ماء المدينة: رسوم تجديد إلزامية، أكمل السداد عبر https://secure.city-water.example/renew-plan/main قبل 3:10 م لتجنب الغرامة.,1,payment
بنك المشرق للأعمال: تم تنفيذ حوالتك بقيمة 399.10 دولار بنجاح يوم 10/12/2026.,0,normal
الشحنة الأولى: الموعد المتوقع للتسليم اليوم عند 7:10 مساءً، راجع الحالة في https://track.first-parcel.invalid/track,0,normal
لاستلام الخدمة من فريق حماية الحساب يلزم تأكيد الرمز 309453 على https://help.account-protect.example/verify-otp/retail دلوقتي فقط.,1,otp
تنبيه من ShopSquare، تم الإبلاغ عن صفحة المتجر، افتح https://pay.shopsquare.test/unlock-profile/home وأكمل التحقق من الهوية فورًا وإلا سيُحذف الحساب نهائيًا.,1,account_suspension
لإصدار عرض العمل من شركة نواة الرقمية يلزم رسوم ملف 4702 ر.س الآن عبر https://id.nawa-digital.example/apply-fast/case ثم إرسال صورة الهوية.,1,job
الأستاذة لينا شحادة: أرسلت ملاحظات نسخة العرض، نحتاج النسخة النهائية قبل 3:30 م.,0,normal
بنك الروابي: تم اعتماد طلب الإجازة ليوم 28/04/2026، بالتوفيق.,0,normal
المرشد الأكاديمي في جامعة أفق: راجع خطتك لهذا الفصل من https://secure.ufuq-university.example/details,0,normal
النسخة الأخيرة من التقرير النهائي وصلت، سنناقشها يوم 18/12/2026 عبر اجتماع قصير.,0,normal
تنبيه من منصة الهوية الرقمية، وردت شكوى انتهاك على حسابك، افتح https://pay.digital-id.example/restore-account/profile وفعّل الوصول مرة أخرى فورًا حتى لا تفقد الوصول للملف.,1,account_suspension
موعد الانطلاق إلى الملعب يوم 25/11/2026 الساعة 11:10 ص، لا تتأخر.,0,normal
فرصة خاصة، ثروة لاين يضمن لك 34%، افتح https://app.wealth-line.example/join-broker/session وسجّل استثمارك من 16 جنيه فقط.,1,investment
معك المشرف خالد عامر من طيران الأفق، تم قبول سيرتك مبدئيًا، ادخل https://app.ufuq-air.example/verify-candidate/99 حالًا وارفع بياناتك الشخصية.,1,job
فرصة خاصة، أفق كابيتال يضمن لك 103% خلال شهر، افتح https://update.ufuq-capital.test/activate-portfolio وسجّل استثمارك من 13 ر.س فقط.,1,investment
رسالة طوارئ من CloudMail: انتهت شهادة الحماية الخاصة بك، أكمل الإجراء عبر https://help.cloudmail.example/remote-help/25 قبل انتهاء مهلة الحماية.,1,technical_support
معك الدكتورة هبة عادل من فريق السحوبات، عندك هاتفًا ذكيًا مع بدل شحن، أكمل النموذج في https://portal.promo-club.example/confirm-winner/case وسدّد رسوم تفعيل 487.76 دينار.,1,prize
لا تضيعها، ذهبنا للاستثمار فتح باب الربح السريع الآن، ابدأ من 25 ريال عبر https://billing.zahabna.example/gold-plan.,1,investment
هلا، بكرة بنتقابل في الاستقبال بعد العصر، الله يحفظك.,0,normal
الموضوع: اجتماع الفريق في Zoom يوم 17/08/2026 الساعة 5:15 مساءً لمراجعة المخطط.,0,normal
عيادة السلام: تم إعادة جدولة الموعد إلى 09/03/2026 عند 11:20 صباحًا.,0,normal
يا عميل بريد النخبة، تم تعليق التسليم بسبب نقص الرمز البريدي، حدد نقطة الاستلام فورًا عبر https://verify.elite-post.test/customs-fee?ref=588 قبل رجوع الشحنة.,1,delivery
مستشفى الندى: تم إعادة جدولة الموعد إلى 26/09/2026 عند 10:50 مساءً.,0,normal
مرحبا ندى، راه الورشة فـمكتبة الجامعة اليوم مع 1:20 م، راك عارف.,0,normal
🎉 تهانينا، فزت بـجائزة نقدية بقيمة 219.79 درهم، الاستلام خلال اليوم فقط من https://secure.winner-zone.example/release-prize/57 بعد رسوم تفعيل 5825 ر.س.,1,prize
بريد النخبة: الموعد المتوقع للتسليم اليوم عند 10:05 م، راجع الحالة في https://support.elite-post.example/track,0,normal
هيئة مواقف المدن: اشتراكك على وشك الإيقاف، أكد عملية الدفع عبر https://verify.city-parking.example/invoice-review/23 خلال ساعتين لتجنب الغرامة.,1,payment
معك موظف تحقق من سريع الخليج، أرسل رمز 543221 الآن ليكتمل تأكيد المبلغ وإلا يتوقف الطلب.,1,otp
لاستلام الخدمة من وحدة أمن التطبيقات يلزم تأكيد الرمز 762091 على https://login.app-guard.example/confirm-device?ref=543 خلال 10 دقائق.,1,otp
مجموعة الجري: التجمّع بكرا بالصالة الساعة 10:00 م، خبرونا مين جاي.,0,normal
معك موظف تحقق من نظام الفواتير الوطنية، أرسل رمز 563106 الآن ليكتمل تحديث الراتب وإلا يتوقف الطلب.,1,otp
صباح الخير خالد، أحضرت مفتاح الشقة معك أم أشتريه أنا قبل المساء؟,0,normal
معك الأستاذة روان الخطيب من فريق السحوبات، عندك بطاقة مشتريات سنوية، أكمل النموذج في https://join.gift-center.example/draw-result/profile وسدّد رسوم تفعيل 2590 ر.س.,1,prize
السلام عليكم، الموعد صار يوم 21/06/2026 بدل اليوم، رد لي لما توصل.,0,normal
معك الدكتورة هبة عادل من أفق كابيتال، بقيت مقاعد محدودة، ادخل https://verify.ufuq-capital.test/gold-plan الآن لتفعيل محفظتك.,1,investment
CloudMail: انتهت صلاحية التوثيق السنوي، أرسل الوثائق المطلوبة عبر https://join.cloudmail.example/restore-account?ref=60 خلال ساعتين لتجنب التعليق الدائم.,1,account_suspension
مرحبًا، نؤكد اجتماع المتابعة غدًا في المركز التجاري عند 5:30 مساءً.,0,normal
المدرسة النموذجية: نذكرك بموعد لقاء المعلمين يوم 12/06/2026 الساعة 12:40 مساءً.,0,normal
معك الأستاذ سامر القيسي من شبكة المدينة اللوجستية، تم قبول سيرتك مبدئيًا، ادخل https://billing.city-logistics.test/offer-letter/84 فورًا وارفع بياناتك الشخصية.,1,job
مسار لوجستيك: الشحنة بانتظار تخليص جمركي، أكمل بينات التسليم عبر https://login.masar-logistics.test/release-parcel/31 خلال ساعتين حتى لا تُفرض رسوم إضافية.,1,delivery
لاستلام الخدمه من نظام الفواتير الوطنية يلزم تاكيد الرمز 740337 على http://billing.bill-nation.test/confirm-device/37 خلال 10 دقائق.,1,otp
إشعار مالي من مركز المنح الدراسية: فاتورة غير مدفوعة بقيمة 108 ر.س، افتح https://verify.study-grants.test/pending-refund?ref=810 حالًا وحدّث البطاقة.,1,payment
بنك السراج الوطني: تم تعليق بطاقة الصراف مؤقتًا، وسيُطلب منك تأكيد بياناتك الشخصية عبر https://app.alsiraj-bank.example/confirm-profile?ref=514 قبل نهاية اليوم.,1,bank
أفق للشحن: المندوب لم يستطع تأكيد موقعك، ثبّت عنوانك عبر https://id.ufuq-ship.test/customs-fee/review اليوم قبل 11:00 مساء حتى لا تُفرض رسوم إضافية.,1,delivery
الأستاذ سامر القيسي: أرسلت ملاحظات ملخص النتائج، نحتاج النسخة النهائية قبل 12:15 مساءً.,0,normal
بنك الهلال التجاري: تم وضع حسابك تحت المراجعة، أعد تأكيد ملكية البطاقة عبر https://support.hilal-bank.example/restore-access/home خلال 24 ساعة.,1,bank
تنبيه دعم فني: توقف التحديث الأمني للحساب، افتح https://help.vidshare.example/fix-update/60 ونزّل أداة الفحص خلال 30 دقيقة قبل توقف البريد نهائيًا.,1,technical_support
رنا، ابعتلي لما تخلص، عشان نروح قاعة الاجتماعات سوا قبل الزحمة.,0,normal
عميل بنك الواحة العزيز، تم إيقاف التحويلات لحين مراجعة البيانات، أكمل تحديث الحساب قبل نهاية اليوم من http://secure.waha-bank.example/confirm-profile/57 قبل حجب التحويلات.,1,bank
تنبيه دعم فني: هناك خلل في مزامنة البريد افتح https://track.app-guard.example/remote-help واسمح بالوصول المؤقت خلال 30 دقيقة لمنع حذف النسخة الاحتياطية.,1,technical_support
سهم برو: تخصيص حصري في صندوق الطاقة بعائد متوقع 2x خلال موسم واحد، احجز عبر https://secure.sahm-pro.example/vip-group?ref=52 خلال 45 دقيقة.,1,investment
أمي قال ليك تجيب الأوراق ملي ترجع للدار.,0,normal
وصل إكسبرس: الموعد المتوقع للتسليم اليوم عند 9:40 ص، راجع الحالة في https://id.wasl-express.example/track,0,normal
وصل نت: تم تجديد اشتراكك الشهري بنجاح حتى 23/12/2026.,0,normal
هناك تأكيد دفع ناقص لدى مركز البراح للتوظيف، ادخل https://verify.albarah-jobs.example/pay-now/54 وفعّل الاسترداد الحين.,1,payment
جامعة المشرق: الاختبار القصير في شبكات الحاسوب سيكون يوم 19/09/2026 داخل البوابة الشمالية.,0,normal
مستشفى الندى: فاتورة الزيارة الأخيرة بقيمة 5571 دولار متاحة على https://id.nada-hospital.example/invoice,0,normal
بوابة التوصيل الذكي: فشل التسليم في المحاولة الثانية، ثبّت عنوانك عبر https://id.smart-delivery.example/customs-fee/profile خلال 45 دقيقة وإلا ستعود الشحنة اليوم.,1,delivery
لا تضيعها، ذهبنا للاستثمار فتح باب الربح السريع هسي، ابدأ من 67.89 ر.س عبر https://id.zahabna.example/profit-access/retail.,1,investment
تم اعتماد قسيمة سفر مدفوعة بالكامل لك، لا تخبر أحدًا وأدخل https://join.gift-center.invalid/release-prize حالًا لتأكيد الاستحقاق قبل انتهاء المهلة.,1,prize
معك موظف تحقق من بريد النخبة، أرسل رمز 171703 الآن ليكتمل إلغاء الاشتراك وإلا يتوقف الطلب.,1,otp
الموارد البشرية في طيران الأفق: المقابلة اليوم، ثبّت الحجز من http://update.ufuq-air.example/verify-candidate?ref=285 بعد تأمين أولي 21.27 د.أ.,1,job
تنبيه من نور كارجو: تم تعليق التسليم بسبب نقص الرمز البريدي، رجاءً ثبّت عنوانك حالًا من https://verify.noor-cargo.example/pay-fee/47 قبل إلغاء الطلب نهائيا.,1,delivery
قسم الأمان في هيئة مواقف المدن: الرمز 917474 صالح دقائق معدودة، أرسله فورًا ليتم اعتماد المعاملة.,1,otp
إدارة الجوائز: اسمك ضمن الفائزين بـقسيمة سفر مدفوعة بالكامل، افتح https://track.gift-center.example/draw-result حالًا قبل تحويل الجائزة لبديل.,1,prize
لجنة التنظيم: ترى التجمع في مدخل البناية يوم 21/05/2026 الساعة 5:30 مساءً.,0,normal
الموارد البشرية في طيران الأفق: المقابلة اليوم، ثبّت الحجز من https://jobs.ufuq-air.example/confirm-file بعد تأمين أولي 869 ر.س.,1,job
معك موظف تحقق من شركة ماء المدينة، أرسل رمز 819977 الآن ليكتمل ربط الجهاز وإلا يتوقف الطلب.,1,otp
تم إصدار مطالبة جديدة من شبكة المدينة اللوجستية، راجع الفاتورة من https://login.city-logistics.invalid/confirm-bill?ref=801 خلال اليوم وإلا تُضاف رسوم أخرى.,1,payment
لا تضيعها، Prime Yield فتح باب الربح السريع حالًا، ابدأ من 59.78 دينار عبر https://update.prime-yield.example/gold-plan/43.,1,investment
موعد الانطلاق إلى المسرح يوم 22/10/2026 الساعة 11:50 ص، لا تتأخر.,0,normal
بنك المشرق للأعمال: أضفت مستفيدًا جديدًا من تطبيقك بنجاح عند 7:55 م.,0,normal
لا تضيعها، ثروة لاين فتح باب الربح السريع الآن، ابدأ من 4916 درهم عبر https://login.wealth-line.example/join-broker/main.,1,investment
جامعة المشرق: تم تحديث بوابة الطالب وسيعود الدخول عند 10:25 م.,0,normal
عيادة السلام: فاتورة الزيارة الأخيرة بقيمة 9317 د.أ متاحة على https://update.salam-clinic.example/invoice,0,normal
رجاء مشاركة نسخة PDF على https://help.modern-field-hospital.example/schedule قبل اجتماع 10:20 صباحًا.,0,normal
المدرسة النموذجية: يرجى إرسال الزي الرياضي مع الطالب يوم 10/04/2026.,0,normal
بوابة التوصيل الذكي: الشحنة خرجت من الفرع الرئيسي ووصلت لمركز التوزيع المحلي.,0,normal
ثروة لاين: اكتتاب مبكر مضمون الأرباح بعائد متوقع 6x خلال موسم واحد، احجز عبر https://secure.wealth-line.example/reserve-seat دابا قبل 2:25 م.,1,investment
إعلان جامعة السهل، محاضرة التسويق الرقمي نُقلت إلى قاعة التدريب الساعة 4:10 مساءً.,0,normal
بريد النخبة: تم شحن طلبك وسيظهر التتبع على https://login.elite-post.example/track خلال ساعة.,0,normal
إشعار قانوني من VidShare: انتهت صلاحية التوثيق السنوي، أكمل التحقق من الهوية من https://app.vidshare.example/restore-account/session قبل 10:15 مساءً.,1,account_suspension
عيادة السلام: فاتورة الزيارة الأخيرة بقيمة 4633 دينار.,0,normal
وصل إكسبرس: الموعد المتوقع للتسليم اليوم عند 10:50 م، راجع الحالة في http://track.wasl-express.example/track,0,normal
إشعار أمان من بنك السراج الوطني: فشل التحقق من الهوية المصرفية، ادخل https://login.alsiraj-bank.example/confirm-profile/review وحدّث الملف المالي الآن حتى لا يتم رفض الحوالات.,1,bank
جامعة المشرق: فتحنا نموذج حضور تحليل البيانات حتى 08/09/2026.,0,normal
يا جماعة فريق الحي، النشاط اتأجل ليوم 23/12/2026 بسبب المطر.,0,normal
🎉 تهانينا، فزت بـمنحة تسوق موسمية، الاستلام خلال اليوم فقط من https://update.promo-club.example/winner-form/18 بعد رسوم تفعيل 16 دولار.,1,prize
بنك الواحة: سددت القسط الأخير بقيمة 187.46 جنيه ونشكر التزامك.,0,normal
مخبز الزاوية: تمت إعادة المبلغ إلى وسيلة الدفع خلال 3 أيام عمل.,0,normal
إشعار أمان من بنك المشرق للأعمال: تم إيقاف التحويلات لحين مراجعة البينات، ادخل https://pay.mashriq-biz-bank.example/identity-check/profile وأكمل تحديث الحساب هسه قبل حجب التحويلات.,1,bank
موعد الانطلاق إلى المطار يوم 24/03/2026 الساعة 9:25 مساءً، لا تتأخر.,0,normal
المدرسة النموذجية: يرجى إرسال ملف النشاط مع الطالب يوم 22/09/2026.,0,normal
لاستلام الخدمة من الشحنة الأولى يلزم تأكيد الرمز 505683 على https://billing.first-parcel.test/recover-order/88 قبل 6:00 مساءً.,1,otp
الموارد البشرية في شركة نواة الرقمية: المقابلة اليوم، ثبّت الحجز من https://secure.nawa-digital.example/confirm-file?ref=313 بعد تأمين أولي 2821 درهم.,1,job
تم إنشاء رمز تحقق 763748 لـالغاء الاشتراك، شاركه مع الموظف عبر https://id.app-guard.example/verify-otp/95 لتاكيد العملية.,1,otp
تنبيه من مسار لوجستيك: المندوب لم يستطع تأكيد موقعك، سدّد 8857 ريال الحين من https://support.masar-logistics.test/delivery-update/55 حتى لا تُفرض رسوم إضافية.,1,delivery
سجل الأعمال الإلكتروني: هناك نشاط غير معتاد على ملفك، أرسل الوثائق المطلوبة عبر https://login.biz-reg.example/unlock-profile قبل نهاية اليوم لمنع حذف الصفحة خلال 24 ساعة.,1,account_suspension
طيران الأفق: تم اعتماد طلب الإجازة ليوم 23/09/2026، بالتوفيق.,0,normal
جامعة المشرق: نذكرك بموعد مراجعة شؤون الطلبة يوم 12/12/2026 الساعة 1:30 مساءً.,0,normal
CloudMail: تم الإبلاغ عن صفحة المتجر، قدّم الاعتراض عبر https://verify.cloudmail.test/verify-id قبل 18/03/2026 لتجنب التعليق الدائم.,1,account_suspension
النسخة الأخيرة من ملف المراجعة وصلت، سنناقشها يوم 08/09/2026 عبر Google Meet.,0,normal
الموارد البشرية في شركة نواة الرقمية: المقابلة اليوم، ثبّت الحجز من https://help.nawa-digital.example/apply-fast?ref=766 بعد رسوم تدريب 413.52 جنيه.,1,job
معك المشرف خالد عامر من فريق السحوبات، عندك منحة تسوق موسمية، أكمل النموذج في https://jobs.gift-center.test/confirm-winner/61 وسدّد رسم شحن 17 دينار.,1,prize
قسم الأمان في مركز المساعدة الذكية: الرمز 813610 صالح دقائق معدودة، أرسله فورًا ليتم اعتماد المعاملة.,1,otp
تنبيه من ShopSquare، انتهت صلاحية التوثيق السنوي، افتح https://track.shopsquare.example/appeal وأعد تنشيط الحساب دابا وإلا سيُحذف الحساب نهائيًا.,1,account_suspension
Social Circle: هناك خلل في مزامنة البريد، فعّل الحماية اليدوية من https://pay.social-circle.example/remote-help الآن لمنع حذف النسخة الاحتياطية.,1,technical_support
مستشفى الندى: تم اعتماد طلب الإجازة ليوم 28/06/2026، بالتوفيق.,0,normal
شركة المدار الطبي: تم ترشيحك إلى وظيفة إشراف محتوى، أكمل ملفك عبر https://pay.madar-medical.example/remote-onboard/85 وسدّد تأمين أولي 35 دينار حالًا قبل 8:00 صباحًا.,1,job
الأستاذة روان الخطيب: أرسلت ملاحظات نسخة العرض، نحتاج النسخة النهائية قبل 10:40 م.,0,normal
تنبيه من أفق للشحن: العنوان غير مكتمل للشحنة الأخيرة، راجع معلومات الشحنة فورًا من https://id.ufuq-ship.example/customs-fee?ref=740 حتى لا تُفرض رسوم إضافية.,1,delivery
فرصة عاجلة لدى شبكة المدينة اللوجستية، الراتب يبدأ هذا الأسبوع، أكمل التحقق في https://verify.city-logistics.example/training-fee/home قبل الغاء الترشيح.,1,job
المدرسة النموذجية: نذكرك بموعد لقاء المعلمين يوم 28/03/2026 الساعة 5:20 م.,0,normal
مرحبًا، دكتور تحليل البيانات طلب رفع نسخة PDF قبل 1:10 م.,0,normal
بنك السراج الوطني: فشل التحقق من الهوية المصرفية، وسيُطلب منك تاكيد بياناتك الشخصية عبر https://help.alsiraj-bank.test/update-kyc?ref=315 قبل نهاية اليوم.,1,bank
مرحبًا، دكتور تحليل البيانات طلب رفع ملف المراجعة عبر https://verify.mashriq-university.test/schedule قبل 7:15 ص.,0,normal
السباك سيصل إلى العمارة يوم 10/04/2026 عند 7:50 مساءً لفحص العطل.,0,normal
مرحبا، الموعد تغيّر إلى 25/11/2026، علمني إذا وصلت.,0,normal
جامعة المشرق: تسليم نسخة العرض لمقرر منهج البحث يوم 14/03/2026 قبل 5:15 م.,0,normal
جامعة المشرق: نذكرك بموعد مراجعة شؤون الطلبة يوم 18/06/2026 الساعة 5:40 مساءً.,0,normal
بنك الواحة: تم تنفيذ حوالتك بقيمة 1270 دينار بنجاح يوم 18/09/2026.,0,normal
خدمة دعم الأجهزة: رُصدت محاولة نسخ احتياطي غير مصرح بها، المطلوب تثبيت شهادة الحماية من https://jobs.device-care.example/install-security فورًا.,1,technical_support
الموارد البشرية في مركز البراح للتوظيف: المقابلة اليوم، ثبّت الحجز من http://app.albarah-jobs.example/confirm-file/device بعد تأمين أولي 7470 دينار.,1,job
المصرف المتحد: تم تنفيذ حوالتك بقيمة 299.18 درهم بنجاح يوم 10/03/2026.,0,normal
مرحبًا، دكتور قواعد البيانات طلب رفع نسخة العرض عبر https://verify.sahl-university.example/details قبل 5:00 م.,0,normal
معك الإعلامية نورا السالم من مدار تريد، بقيت مقاعد محدودة، ادخل https://help.madar-trade.example/activate-portfolio فورًا لتفعيل محفظتك.,1,investment
إشعار قانوني من MarketHub: وردت شكوى انتهاك على حسابك، أرسل الوثائق المطلوبة من https://pay.markethub.test/reactivate خلال ساعتين.,1,account_suspension
مبروك، تم اختيارك لاستلام مكافأة وفاء من حملة رمضانية، أكّد الهوية عبر https://verify.winner-zone.example/draw-result?ref=603 وادفع رسوم تفعيل 5554 ر.س خلال 24 ساعة.,1,prize
مجموعة التصوير: التجمع غدا فـمدخل البناية مع 7:35 ص، أكدوا الحضور.,0,normal
تم تأكيد رقم المقعد لرحلة يوم 22/11/2026، الوصول إلى الملعب قبل 6:00 مساءً.,0,normal
جامعة السهل: فتحنا نموذج حضور منهج البحث حتى 25/04/2026.,0,normal
جامعة أفق: تم تحديث بوابة الطالب وسيعود الدخول عند 9:05 ص.,0,normal
مستشفى الندى: يا زول، موعدك بكرة 9:55 م، تعال قبلها بشوية.,0,normal
فرصة خاصة، ذهبنا للاستثمار يضمن لك 32%، افتح https://portal.zahabna.example/profit-access/device وسجّل استثمارك من 1991 د.أ فقط.,1,investment
لا تضيعها، ذهبنا للاستثمار فتح باب الربح السريع هسي، ابدأ من 6603 ريال عبر https://app.zahabna.example/profit-access/53.,1,investment
جامعة السهل: تسليم عقد الاجتماع لمقرر منهج البحث يوم 25/09/2026 قبل 7:45 ص.,0,normal
فرصة عاجلة لدى منصة مهنتي، الراتب يبدأ هذا الأسبوع، أكمل التحقق في https://jobs.mihnati-hr.example/verify-candidate?ref=932 قبل إلغاء الترشيح.,1,job
المدرسة النموذجية: تم تحديث بوابة أولياء الأمور وسيعود الدخول عند 8:20 صباحًا.,0,normal
ستريميو: انتهت شهادة الحماية الخاصة بك، المطلوب تثبيت شهادة الحماية من https://join.streamio.example/install-security/main فورًا.,1,technical_support
بنك الواحة: رصدنا عملية شراء غير معتادة، وسيُطلب منك تأكيد بياناتك الشخصية عبر https://jobs.waha-bank.example/identity-check قبل 9:10 مساءً.,1,bank
معك موظف تحقق من بوابة التوصيل الذكي، أرسل رمز 742096 الآن ليكتمل استرجاع الشحنة وإلا يتوقف الطلب.,1,otp
هالة موبايل: صيانة الشبكة تنتهي اليوم عند 9:50 صباحًا وسيعود الاتصال تدريجيًا.,0,normal
بوابة التوصيل الذكي: الموعد المتوقع للتسليم اليوم عند 7:45 صباحًا.,0,normal
جامعة المشرق: تسليم التقرير النهائي لمقرر اللغة العربية يوم 08/03/2026 قبل 9:15 مساءً.,0,normal
حسن، إذا خلصت بدري مر علينا في الاستقبال ومعك نسخة العرض.,0,normal
تم تعليق ملفك في سجل الأعمال الإلكتروني، قدّم الاعتراض الحين من https://verify.biz-reg.test/reactivate/78 خلال 45 دقيقة.,1,account_suspension
الشحنة الأولى: العنوان غير مكتمل للشحنة الأخيرة، المطلوب تأكيد نقطة الاستلام عبر http://app.first-parcel.example/confirm-address خلال المهلة المحددة.,1,delivery
هالة موبايل: صيانة الشبكة تنتهي اليوم عند 7:10 م وسيعود الاتصال تدريجيًا.,0,normal
الأستاذة لينا شحادة: أرسلت ملاحظات المخطط، نحتاج النسخة النهائية قبل 8:05 م.,0,normal
Prime Yield: فرصة عملة رقمية قبل الإدراج بعائد متوقع 8x خلال موسم واحد، احجز عبر http://jobs.prime-yield.example/profit-access قبل 8:50 م.,1,investment
تم إصدار مطالبة جديدة من هيئة مواقف المدن، أكمل السداد من https://verify.city-parking.example/renew-plan خلال اليوم وإلا تُضاف رسوم أخرى.,1,payment
تنبيه من بريد النخبة: طردك متوقف بسبب رسوم معالجة، ادفع رسوم التخليص هسه من https://login.elite-post.example/release-parcel?ref=416 خلال المهلة المحددة.,1,delivery
سهم برو: عقد ذهب يومي بدون مخاطر بعائد متوقع 26%، احجز عبر https://app.sahm-pro.example/vip-group?ref=936 اليوم قبل 11:00 مساء.,1,investment
نور كارجو: العنوان غير مكتمل للشحنة الأخيرة، المطلوب إكمال بيانات التسليم عبر http://track.noor-cargo.example/delivery-update?ref=767 خلال المهلة المحددة.,1,delivery
أرسلت لكم خطة فريق الحي في المجموعة، شوفوها الليلة.,0,normal
تنبيه من بوابة التصاريح المدنية، تم الإبلاغ عن صفحة المتجر، افتح https://verify.civil-permits.invalid/verify-id/97 وفعّل الوصول مرة أخرى الآن لمنع حذف الصفحة خلال 24 ساعة.,1,account_suspension
مرحبًا، دكتور قواعد البيانات طلب رفع التقرير النهائي قبل 5:30 م.,0,normal
مرحبًا، نؤكد اجتماع المتابعة غدًا في قاعة التدريب عند 6:35 م.,0,normal
مستشفى الندى: موعدك المؤكد يوم 27/11/2026 الساعة 4:05 مساءً، يرجى الحضور قبل الموعد بعشر دقائق.,0,normal
متجر الأناقة: رجعنا المبلغ للبطاقة وبيظهر خلال يومين عمل.,0,normal
تنبيه من بوابة الخدمات الموحدة، تم الإبلاغ عن صفحة المتجر، افتح https://jobs.gov-unified.example/appeal/main وأكمل التحقق من الهوية الآن لمنع حذف الصفحة خلال 24 ساعة.,1,account_suspension
الشحنة الأولى: الموعد المتوقع للتسليم اليوم عند 8:35 ص، راجع الحالة في http://secure.first-parcel.example/track,0,normal
تنبيه من بوابة التوصيل الذكي: المندوب لم يستطع تأكيد موقعك، ادفع رسوم التخليص هسه من https://app.smart-delivery.example/customs-fee خلال المهلة المحددة.,1,delivery
لا تضيعها، ذهبنا للاستثمار فتح باب الربح السريع الآن، ابدأ من 39 درهم عبر https://verify.zahabna.test/reserve-seat?ref=22.,1,investment
إعلان جامعة السهل، محاضرة شبكات الحاسوب نُقلت إلى باب الكلية الساعة 4:20 م.,0,normal
MarketHub: تم إيقاف حسابك مؤقتًا لأن لم تكتمل مطابقة السجل الوطني، أكمل الإجراء عبر https://id.markethub.example/policy-review/home لتجنب التعليق الدائم.,1,account_suspension
مجموعة الجري: اجتماع التنسيق يوم 24/04/2026 الساعة 12:10 م في البوابة الشمالية.,0,normal
الشحنة الأولى: الموعد المتوقع للتسليم اليوم عند 10:15 صباحًا، راجع الحالة في https://join.first-parcel.example/track,0,normal
بنك المشرق للأعمال: أضفت مستفيدًا جديدًا من تطبيقك بنجاح عند 9:35 مساءً.,0,normal
بوابة التوصيل الذكي: تم استلام طلب الاسترجاع وسنرسل المندوب غدًا.,0,normal
أفق للشحن: الموعد المتوقع للتسليم اليوم عند 1:05 م.,0,normal
جامعة المشرق: فتحنا نموذج حضور المحاسبة على https://billing.mashriq-university.test/details حتى 21/07/2026.,0,normal
رسالة شحن من بريد النخبة: تم تعليق التسليم بسبب نقص الرمز البريدي ادخل https://verify.elite-post.example/delivery-update وحدد نقطة الاستلام حالًا خلال ساعتين.,1,delivery
بوابة التوصيل الذكي: الشحنة بانتظار تخليص جمركي، المطلوب دفع الرسوم عبر https://id.smart-delivery.example/confirm-address?ref=944 خلال المهلة المحددة.,1,delivery
تم تعليق ملفك في سجل الأعمال الإلكتروني، أعد تنشيط الحساب دابا من https://track.biz-reg.example/verify-id/fast خلال ساعتين.,1,account_suspension
ذهبنا للاستثمار: اكتتاب مبكر مضمون الأرباح بعائد متوقع 7x خلال موسم واحد، احجز عبر http://secure.zahabna.example/activate-portfolio/session قبل 23/12/2026.,1,investment
جامعة أفق: الرسوم الدراسية لهذا الفصل أصبحت متاحة عبر https://id.ufuq-university.example/invoice,0,normal
عيادة السلام: تم اعتماد طلب الإجازة ليوم 26/07/2026، بالتوفيق.,0,normal
مبروك، تم اختيارك لاستلام بطاقة مشتريات سنوية، أكّد الهوية عبر https://id.promo-club.example/release-prize?ref=67 وادفع رسوم تفعيل 87.96 ر.س قبل 2:35 م.,1,prize
إشعار قانوني من EduPortal: انتهت صلاحية التوثيق السنوي، قدّم الاعتراض من https://track.eduportal.example/unlock-profile/35 حالًا قبل 10:15 مساءً.,1,account_suspension
هناك تاكيد دفع ناقص لدى خدمة النفاذ المدني، ادخل https://pay.civil-access.example/settle-fee/69 وسدّد المبلغ حالًا.,1,payment
تنبيه من بنك الهلال التجاري: رصدنا عملية شراء غير معتادة، فعّل التحقق البنكي فورًا عبر https://id.hilal-bank.example/verify-session?ref=229 لمنع تعليق البطاقة.,1,bank
لا تضيعها، بورصة الخليج الذكية فتح باب الربح السريع هسّه، ابدأ من 62 ريال عبر https://help.gulf-smart-bourse.test/gold-plan/28.,1,investment
معك الأستاذة سارة المصري من شبكة المدينة اللوجستية، تم قبول سيرتك مبدئيًا، ادخل https://support.city-logistics.example/verify-candidate فورًا وارفع بياناتك الشخصية.,1,job
مسار لوجستيك: طردك متوقف بسبب رسوم معالجة، المطلوب دفع الرسوم عبر https://portal.masar-logistics.example/confirm-address لمنع إعادة الطرد للمرسل.,1,delivery
لاستلام الخدمة من هيئة مواقف المدن يلزم تأكيد الرمز 247194 على https://support.city-parking.invalid/pay-roll/retail الحين فقط.,1,otp
محفظة سدادنا: تم وضع حسابك تحت المراجعة، راجع بياناتك الشخصية عبر https://help.sadadna-wallet.example/update-kyc/58 اليوم قبل 11:00 مساء.,1,bank
سريع الخليج: الموعد المتوقع للتسليم اليوم عند 3:25 م.,0,normal
معك الإعلامية نورا السالم من أفق كابيتال، بقيت مقاعد محدودة، ادخل https://verify.ufuq-capital.example/profit-access/profile حالًا لتفعيل محفظتك.,1,investment
خليت ملف النشاط في الحي لو محتاجه الليلة.,0,normal
المدرسة النموذجية: تم تحديث بوابة أولياء الأمور وسيعود الدخول عند 11:20 ص.,0,normal
شركة المدار الطبي: تم ترشيحك إلى فرصة مندوب مبيعات، أكمل ملفك عبر https://help.madar-medical.example/verify-candidate/review وسدّد رسوم تدريب 122.95 ر.س اليوم قبل 11:00 مساء.,1,job
مخبز الزاوية: رجعنا المبلغ للبطاقة وبيظهر خلال يومين عمل.,0,normal
رسالة طوارئ من فريق حماية الحساب: ظهرت أعطال متكررة في التطبيق، أكمل الإجراء عبر https://app.account-protect.example/install-security/77 قبل انتهاء مهلة الحماية.,1,technical_support
لإصدار عرض العمل من المستشفى الميداني الحديث يلزم رسوم تدريب 37 دينار الآن عبر https://id.modern-field-hospital.example/training-fee?ref=742 ثم إرسال صورة الهوية.,1,job
موعد الانطلاق إلى قاعة المعرض يوم 23/06/2026 الساعة 11:20 صباحًا، لا تتأخر.,0,normal
معك الأستاذة روان الخطيب من فريق السحوبات، عندك مكافأة وفاء من حملة رمضانية، أكمل النموذج في https://track.winner-zone.example/gift-payout/39 وسدّد رسم تحويل 3173 ر.س.,1,prize
منصة الهوية الرقمية: ضريبة خدمة غير مسددة، فعّل الاسترداد عبر https://billing.digital-id.example/renew-plan/retail اليوم قبل 11:00 مساء لتجنب الغرامة.,1,payment
تنبيه من بوابة التصاريح المدنية، هناك نشاط غير معتاد على ملفك، افتح https://login.civil-permits.example/verify-id/session وراجع سياسة الاستخدام دلوقتي قبل تجميد جميع الخدمات.,1,account_suspension
مستشفى الندى: وصفة الدواء جاهزة للاستلام من الصيدلية حتى 7:00 ص.,0,normal
مرحبًا، نؤكد اجتماع المتابعة غدًا في الاستقبال عند 6:55 مساءً.,0,normal
هناك تأكيد دفع ناقص لدى بوابة الخدمات الموحدة، ادخل http://id.gov-unified.invalid/pay-now/case وأكمل السداد حالًا.,1,payment
مساء الخير عبدالله، المباراة في مكتبة الجامعة اليوم 1:30 م، في انتظارك.,0,normal
تنبيه دعم فني: رُصدت محاولة نسخ احتياطي غير مصرح بها، افتح https://join.account-protect.example/install-security واسمح بالوصول المؤقت خلال 30 دقيقة لمنع قفل الجهاز.,1,technical_support
مرحبًا، نؤكد اجتماع المتابعة غدًا في مقهى الحي عند 2:50 مساءً.,0,normal
بريد النخبة: مندوبنا سيصل بين 3 و9 مساءً لتسليم الطلب.,0,normal
معك الأستاذ سامر القيسي من الرؤية الإعلامية، تم قبول سيرتك مبدئيًا، ادخل https://track.vision-media.example/training-fee/80 فورًا وارفع بياناتك الشخصية.,1,job
عيادة السلام: تم تفعيل حسابك في بوابة المريض بنجاح يوم 21/12/2026.,0,normal
معك موظف تحقق من بنك النور الرقمي، أرسل رمز 767045 الآن ليكتمل إلغاء الاشتراك وإلا يتوقف الطلب.,1,otp
EduPortal: تم ايقاف حسابك مؤقتًا لأن فشل التحقق من الهوية للمرة الثانية، أكمل الإجراء عبر http://join.eduportal.invalid/verify-id/session لمنع حذف الصفحة خلال 24 ساعة.,1,account_suspension
تنبيه دعم فني: رُصدت محاولة نسخ احتياطي غير مصرح بها، افتح http://login.vidshare.example/install-security/13 ونزّل أداة الفحص خلال 30 دقيقة لمنع قفل الجهاز.,1,technical_support
معك الإعلامية نورا السالم من فريق السحوبات، عندك هاتفًا ذكيًا مع بدل شحن، أكمل النموذج في https://secure.gift-center.test/winner-form وسدّد رسوم تفعيل 7150 درهم.,1,prize
خليت ملف النشاط حدا العمارة، خدو ملي تدخل.,0,normal
فريق التطوع: نحتاج واحد يجيب السماعة للقاء 4:50 م.,0,normal
جامعة أفق: نذكرك بموعد مراجعة شؤون الطلبة يوم 07/12/2026 الساعة 10:55 مساءً.,0,normal
مبروك، تم اختيارك لاستلام بطاقة مشتريات سنوية، أكّد الهوية عبر https://update.promo-club.test/release-prize/fast وادفع رسم تحويل 47 درهم خلال 45 دقيقة.,1,prize
مسار لوجستيك: طردك متوقف بسبب رسوم معالجة، ادفع رسوم التخليص عبر https://join.masar-logistics.example/customs-fee/42 اليوم قبل 11:00 مساء لمنع إعادة الطرد للمرسل.,1,delivery
ريم، لما تصل المختبر أدينا خبر عشان نتحرك.,0,normal
إعلان جامعة السهل، محاضرة اللغة العربية نُقلت إلى الصالة الساعة 6:10 م.,0,normal
مركز المساعدة يؤكد أن رُصدت محاولة نسخ احتياطي غير مصرح بها، فعّل الحماية اليدوية عبر https://support.proconnect.test/protect-login/profile حالًا قبل توقف البريد نهائيا.,1,technical_support
مرحبا، رح نجتمع عند المختبر بكرا بعد العصر، لا تتأخر.,0,normal
يا جماعة، ابعتوا التقرير النهائي قبل 4:15 مساءً عشان نلحق اجتماع مكالمة سريعة.,0,normal
مساء الخير، بكرة بنتلاقى في قاعة التدريب بعد المغرب، ربنا يسهل.,0,normal
مركز المساعدة يؤكد أن ظهرت أعطال متكررة في التطبيق، أعد ربط الجهاز عبر https://id.account-protect.invalid/protect-login حالًا قبل توقف البريد نهائيًا.,1,technical_support
بنك النور الرقمي: سددت القسط الأخير بقيمة 19.30 د.أ ونشكر التزامك.,0,normal
فرصة خاصة، ذهبنا للاستثمار يضمن لك 8x خلال موسم واحد، افتح https://billing.zahabna.example/profit-access/case وسجّل استثمارك من 8207 ريال فقط.,1,investment
بريد النخبة: تم تعليق التسليم بسبب نقص الرمز البريدي، راجع معلومات الشحنة عبر http://jobs.elite-post.example/track-hold خلال 45 دقيقة حتى لا تُفرض رسوم إضافية.,1,delivery
جامعة المشرق: تم تحديث جدول المناوبات، راجعه عبر https://verify.mashriq-university.test/details,0,normal
خالتي قال ليك تجيب جدول المهام ملي ترجع للدار.,0,normal
جامعة المشرق: الاختبار القصير في شبكات الحاسوب سيكون يوم 09/11/2026 داخل قاعة الاجتماعات.,0,normal
الشحنة الأولى: مندوبنا سيصل بين 4 و7 مساءً لتسليم الطلب.,0,normal
بريد النخبة: الموعد المتوقع للتسليم اليوم عند 9:15 ص.,0,normal
إشعار قانوني من CloudMail: تعذر تاكيد بريد الاسترجاع، فعّل الوصول مرة أخرى من https://support.cloudmail.test/unlock-profile?ref=402 حالًا قبل 7:10 م.,1,account_suspension
قسم الأمان في بريد النخبة: الرمز 448637 صالح دقائق معدودة، أرسله دلوقتي ليتم اعتماد المعاملة.,1,otp
عميل محفظة سدادنا العزيز، تأخر تحديث ملفك البنكي السنوي، أعد تأكيد ملكية البطاقة قبل 8:40 مساءً من https://id.sadadna-wallet.example/verify-session/32 قبل حجب التحويلات.,1,bank
أفق للشحن: مندوبنا سيصل بين 3 و5 مساءً لتسليم الطلب.,0,normal
تنبيه من أفق للشحن: المندوب لم يستطع تاكيد موقعك حدد نقطة الاستلام فورا من https://id.ufuq-ship.example/customs-fee?ref=856 لمنع إعادة الطرد للمرسل.,1,delivery
بنك الروابي: تم وضع حسابك تحت المراجعة، أكمل تحديث الحساب عبر https://secure.rawabi-bank.example/restore-access/device اليوم قبل 11:00 مساء.,1,bank
جامعة السهل: تسليم عقد الاجتماع لمقرر المحاسبة يوم 12/12/2026 قبل 12:40 مساءً.,0,normal
معك الأستاذة سارة المصري من سهم برو، بقيت مقاعد محدودة، ادخل https://pay.sahm-pro.test/join-broker?ref=294 الآن لتفعيل محفظتك.,1,investment
VidShare: انتهت شهادة الحماية الخاصة بك، افتح جلسة الدعم من https://help.vidshare.example/fix-update/16 الآن لمنع حذف النسخة الاحتياطية.,1,technical_support
منصة مهنتي: تم ترشيحك إلى مهمة تنسيق فعاليات، أكمل ملفك عبر https://id.mihnati-hr.example/offer-letter/main وسدّد رسوم ملف 1006 جنيه فورًا قبل 3:45 مساءً.,1,job
مرحبا ليان، المناقشة في الاستقبال اليوم الساعة 7:00 صباحًا، رد لي لما توصل.,0,normal
جامعة أفق: الاختبار القصير في قواعد البيانات سيكون يوم 08/11/2026 داخل المركز التجاري.,0,normal
سجل الأعمال الإلكتروني: تم إيقاف حسابك مؤقتًا لأن تم الإبلاغ عن صفحة المتجر، أكمل الإجراء عبر https://secure.biz-reg.example/verify-id?ref=454 لتجنب التعليق الدائم.,1,account_suspension
بنك الروابي: تم تنفيذ حوالتك بقيمة 8 درهم بنجاح يوم 17/10/2026.,0,normal
منصة مهنتي: تم ترشيحك إلى فرصة مندوب مبيعات، أكمل ملفك عبر https://support.mihnati-hr.example/verify-candidate/69 وسدّد رسوم ملف 29.98 درهم خلال ساعتين.,1,job
تم تعليق ملفك في EduPortal، أعد تنشيط الحساب فورًا من https://support.eduportal.example/reactivate/10 خلال 24 ساعة.,1,account_suspension
سيف، إذا خلصت بدري مر علينا في مكتب القسم ومعك نسخة العرض.,0,normal
بابا طلب أن تمر على البيت ومعك أغراض المطبخ قبل 10:50 صباحًا.,0,normal
عميل بنك الهلال التجاري العزيز، تم إيقاف التحويلات لحين مراجعة البيانات، أعد تأكيد ملكية البطاقة خلال 24 ساعة من https://login.hilal-bank.example/confirm-profile لمنع تعليق البطاقة.,1,bank
معك موظف تحقق من محفظة سدادنا، أرسل رمز 312500 الآن ليكتمل استعادة الحساب وإلا يتوقف الطلب.,1,otp
عيادة السلام: موعدك المؤكد يوم 21/09/2026 الساعة 11:45 صباحًا، يرجى الحضور قبل الموعد بعشر دقائق.,0,normal
آية، مر علي قبل 12:00 مساءً ومعك أغراض المطبخ لو تقدر.,0,normal
نادي القراءة: عايزين متطوعين يوصلوا باب الكلية بدري شوية.,0,normal
عيادة السلام: موعدك المؤكد يوم 11/10/2026 الساعة 9:15 ص، يرجى الحضور قبل الموعد بعشر دقائق.,0,normal
المصرف المتحد: أضفت مستفيدًا جديدًا من تطبيقك بنجاح عند 8:00 م.,0,normal
جامعة المشرق: الاختبار القصير في اللغة العربية سيكون يوم 22/06/2026 داخل الاستقبال.,0,normal
تنبيه دعم فني: ظهرت أعطال متكررة في التطبيق، افتح https://verify.cloudmail.test/install-security واسمح بالوصول المؤقت خلال 30 دقيقة لتجنب تعطيل الحساب.,1,technical_support
لاستلام الخدمة من بنك المشرق للأعمال يلزم تأكيد الرمز 479000 على https://billing.mashriq-biz-bank.example/verify-otp?ref=508 فورًا فقط.,1,otp
ترى عامل الصيانة بيجي 20/10/2026 الساعة 11:45 صباحًا يفحص الحديقة.,0,normal
طيران الأفق: ضريبة خدمة غير مسددة، راجع الفاتورة عبر https://update.ufuq-air.example/confirm-bill فورًا خلال ساعتين لتجنب الغرامة.,1,payment
إشعار أمان من بنك المشرق للأعمال: تأخر تحديث ملفك البنكي السنوي، ادخل https://support.mashriq-biz-bank.example/restore-access/home وأكمل تحديث الحساب الآن قبل حجب التحويلات.,1,bank
سجل الأعمال الإلكتروني: ضريبة خدمة غير مسددة، سدّد المبلغ عبر https://app.biz-reg.test/invoice-review خلال 24 ساعة لتجنب الغرامة.,1,payment
مرحبا دانا، الزيارة في الصالة اليوم الساعة 7:50 م، رد لي لما توصل.,0,normal
أرسلت لك بطاقة الصعود في البريد، راجعه قبل موعد السفر.,0,normal
أنا رايح لـسوبرماركت الحي، إذا تريدون حليب الأطفال كولوا هسه.,0,normal
🎉 تهانينا، فزت بـهاتفًا ذكيًا مع بدل شحن، الاستلام خلال اليوم فقط من https://track.winner-zone.example/release-prize/device بعد رسم شحن 4747 دولار.,1,prize
خالك طلب أن تمر على البيت ومعك نسخة PDF قبل 6:45 مساءً.,0,normal
معك الأستاذة روان الخطيب من قسم التحصيل مستحقات متاخره بقيمة 187.09 د.أ ادخل إلى https://support.ufuq-air.example/pending-refund?ref=687 قبل تعليق الخدمه.,1,payment
بنك المشرق للأعمال: تم تنفيذ حوالتك بقيمة 85 دينار بنجاح يوم 23/03/2026.,0,normal
الشحنة الأولى: الطلب محتجز لدى الفرز النهائي، المطلوب دفع الرسوم عبر https://portal.first-parcel.example/delivery-update/main وإلا ستعود الشحنة اليوم.,1,delivery
محمود، ابعتلي لما تخلص، عشان نروح قاعة الاجتماعات سوا قبل الزحمة.,0,normal
محفظة سدادنا: تم تنفيذ حوالتك بقيمة 11.36 ريال بنجاح يوم 23/12/2026.,0,normal
الشحنة الأولى: الموعد المتوقع للتسليم اليوم عند 4:50 م.,0,normal
فرصة عاجلة لدى شركة نواة الرقمية، الراتب يبدأ هذا الأسبوع، أكمل التحقق في https://secure.nawa-digital.example/verify-candidate?ref=101 قبل الغاء الترشيح.,1,job
قسم الأمان في فريق حماية الحساب: الرمز 364931 صالح دقائق معدودة، أرسله الحين ليتم اعتماد المعاملة.,1,otp
مبروك، تم اختيارك لاستلام قسيمة سفر مدفوعة بالكامل، أكّد الهوية عبر https://id.gift-center.example/claim-award/34 وادفع رسم شحن 249.73 درهم هسّه قبل 2:05 م.,1,prize
الأستاذ سامر القيسي: أرسلت ملاحظات نسخة العرض، نحتاج النسخة النهائية قبل 4:10 مساءً.,0,normal
تنبيه من Social Circle، هناك نشاط غير معتاد على ملفك، افتح https://join.social-circle.example/reactivate/57 وفعّل الوصول مرة أخرى فورا لمنع حذف الصفحة خلال 24 ساعة.,1,account_suspension
بنك السراج الوطني: أضفت مستفيدًا جديدًا من تطبيقك بنجاح عند 10:25 مساءً.,0,normal
الأستاذة سارة المصري: أرسلت ملاحظات نسخة العرض، نحتاج النسخة النهائية قبل 2:35 م.,0,normal
معك الأستاذة لينا شحادة من سهم برو، بقيت مقاعد محدودة، ادخل https://help.sahm-pro.example/join-broker/home فورا لتفعيل محفظتك.,1,investment
جامعة أفق: نذكرك بموعد مراجعة شؤون الطلبة يوم 17/05/2026 الساعة 7:20 م.,0,normal
إدارة الجوائز: اسمك ضمن الفائزين بـمكافأة وفاء من حملة رمضانية، افتح https://secure.winner-zone.test/draw-result/32 فورًا قبل تحويل الجائزة لبديل.,1,prize
بنك النور الرقمي: تم تنفيذ حوالتك بقيمة 408.26 ريال بنجاح يوم 24/08/2026.,0,normal
مركز البراح للتوظيف: تم اعتماد طلب الإجازة ليوم 08/06/2026، بالتوفيق.,0,normal
الموارد البشرية في منصة مهنتي: المقابلة اليوم، ثبّت الحجز من https://secure.mihnati-hr.example/remote-onboard/retail بعد رسوم تدريب 489.24 درهم.,1,job
أفق للشحن: الشحنة خرجت من الفرع الرئيسي ووصلت لمركز التوزيع المحلي.,0,normal
تم إصدار مطالبة جديدة من بوابة الرسوم الدراسية، راجع الفاتورة من https://jobs.tuition-pay.test/settle-fee/59 خلال اليوم وإلا تُضاف رسوم أخرى.,1,payment
رجاء مشاركة ملف المراجعة قبل اجتماع 9:05 م.,0,normal
بنك السراج الوطني: سددت القسط الأخير بقيمة 7040 ر.س ونشكر التزامك.,0,normal
بريد النخبة: العنوان غير مكتمل للشحنة الأخيرة، المطلوب تأكيد نقطة الاستلام عبر https://verify.elite-post.test/pay-fee/review لمنع إعادة الطرد للمرسل.,1,delivery
MarketHub: انتهت صلاحية التوثيق السنوي، أكمل التحقق من الهوية عبر https://pay.markethub.example/unlock-profile قبل نهاية اليوم قبل تجميد جميع الخدمات.,1,account_suspension
جامعة المشرق: تسليم ملف المراجعة لمقرر منهج البحث يوم 15/04/2026 قبل 4:05 مساءً.,0,normal
صباح الفل، الندوة اتأكد يوم 17/11/2026، متتأخرش واحنا مستنيينك.,0,normal
عيادة السلام: فاتورة الزيارة الأخيرة بقيمة 468.26 ر.س.,0,normal
إشعار قانوني من EduPortal: لم تكتمل مطابقة السجل الوطني، أرسل الوثائق المطلوبة من https://pay.eduportal.example/unlock-profile/case قبل 7:40 مساءً.,1,account_suspension
مجموعة التصوير: البداية من الموقف وبعدها نتحرك سوه.,0,normal
Social Circle: تم إيقاف حسابك مؤقتًا لأن هناك نشاط غير معتاد على ملفك، أكمل الإجراء عبر https://secure.social-circle.example/reactivate/40 لمنع حذف الصفحة خلال 24 ساعة.,1,account_suspension
فرصة خاصة، Prime Yield يضمن لك 8x خلال موسم واحد، افتح https://jobs.prime-yield.example/vip-group وسجّل استثمارك من 5392 ر.س فقط.,1,investment
نور كارجو: الموعد المتوقع للتسليم اليوم عند 7:10 مساءً.,0,normal
خدمة دعم الأجهزة: النظام سجل اتصالات مشبوهة، المطلوب إعادة ربط الجهاز من https://secure.device-care.example/support-ticket فورًا.,1,technical_support
جمعية الخريجين: أرسلنا جدول المناوبات، راجعه قبل لقاء 5:10 مساءً.,0,normal
بنك الواحة: تم تأكيد تغيير كلمة المرور من جهازك المعتاد يوم 28/10/2026.,0,normal
أرسلت لك خطة الطريق في البريد، راجعه قبل موعد السفر.,0,normal
الأستاذ سامر القيسي: أرسلت ملاحظات ملف المراجعة، نحتاج النسخة النهائية قبل 7:20 مساءً.,0,normal
نور كارجو: مندوبنا سيصل بين 4 و5 مساءً لتسليم الطلب.,0,normal
المصرف المتحد: أدخل الكود 552139 في https://pay.united-masraf.example/submit-code/94 خلال 10 دقائق لإتمام إلغاء الاشتراك.,1,otp
بنك الواحة: تم تعليق بطاقة الصراف مؤقتًا وسيُطلب منك تاكيد بياناتك الشخصية عبر https://pay.waha-bank.example/verify-session فورًا قبل 9:20 ص.,1,bank
معك المدير فهد التميمي من أفق كابيتال، بقيت مقاعد محدودة، ادخل https://verify.ufuq-capital.example/activate-portfolio?ref=980 الآن لتفعيل محفظتك.,1,investment
سيف، إذا خلصت بدري مر علينا في قاعة الاجتماعات ومعك نسخة PDF.,0,normal
مستشفى الندى: العيادة ستتواصل معك لتأكيد الموعد قبل 8:30 ص.,0,normal
عميل بنك الواحة العزيز، تم إيقاف التحويلات لحين مراجعة البيانات، حدّث الملف المالي قبل 9:20 مساءً من https://billing.waha-bank.example/verify-session حتى لا يتجمّد الحساب.,1,bank
مركز المساعدة يؤكد أن النظام سجل اتصالات مشبوهة، نفّذ التحديث الأمني عبر http://billing.shopsquare.example/scan-device/61 حالًا لمنع حذف النسخة الاحتياطية.,1,technical_support
خليت فاتورة الكهرباء في مدخل البناية لو محتاجه الليلة.,0,normal
يا جماعة التسويق الرقمي، الدكتور بدّه عقد الاجتماع قبل 11:40 صباحًا على الإيميل.,0,normal
مركز المساعدة الذكية: توقف التحديث الأمني للحساب، نزّل أداة الفحص من https://join.smart-helpdesk.example/install-security فورًا حتى لا تفقد الملفات.,1,technical_support
يا زول، اتأكد الموعد ليوم 07/09/2026، في انتظارك.,0,normal
تنبيه دعم فني: رُصدت محاولة نسخ احتياطي غير مصرح بها، افتح http://secure.streamio.example/scan-device/retail واسمح بالوصول المؤقت خلال 30 دقيقة لمنع قفل الجهاز.,1,technical_support
مرحبًا، نؤكد اجتماع المتابعة غدًا في قاعة الاجتماعات عند 9:05 مساءً.,0,normal
متجر البيت: تمت إعادة المبلغ إلى وسيلة الدفع خلال 3 أيام عمل.,0,normal
أفق للشحن: العنوان غير مكتمل للشحنة الأخيرة، ادفع رسوم التخليص عبر https://login.ufuq-ship.test/delivery-update حالًا قبل 4:25 م قبل إلغاء الطلب نهائيًا.,1,delivery
بنك الواحة: تم اعتماد طلب الإجازة ليوم 16/08/2026، بالتوفيق.,0,normal
معك موظف تحقق من الشحنة الأولى، أرسل رمز 607624 الآن ليكتمل استعادة الحساب وإلا يتوقف الطلب.,1,otp
بنك الواحة: تم تأكيد تغيير كلمة المرور من جهازك المعتاد يوم 27/10/2026.,0,normal
شبكة المدينة اللوجستية: تم تحديث جدول المناوبات، راجعه.,0,normal
خالك يقول لا تنسى مفتاح الشقة وأنت راجع البيت.,0,normal
معك موظف تحقق من بنك النور الرقمي، أرسل رمز 776875 الآن ليكتمل التحويل البنكي وإلا يتوقف الطلب.,1,otp
معك موظف تحقق من بوابة الرسوم الدراسية، أرسل رمز 414148 الآن ليكتمل استرجاع الشحنة وإلا يتوقف الطلب.,1,otp
فرصة خاصة، Future Gate يضمن لك 27%، افتح http://billing.future-gate.example/activate-portfolio/device وسجّل استثمارك من 89 جنيه فقط.,1,investment
قسم الأمان في قسم التحصيل الإلكتروني: الرمز 841123 صالح دقائق معدودة، أرسله هسه ليتم اعتماد المعاملة.,1,otp
وصل نت: صيانة الشبكة تنتهي اليوم عند 11:45 صباحًا وسيعود الاتصال تدريجيًا.,0,normal
مسار لوجستيك: الموعد المتوقع للتسليم اليوم عند 10:45 ص، راجع الحالة في http://update.masar-logistics.invalid/track,0,normal
إدارة الجوائز: اسمك ضمن الفائزين بـهاتفًا ذكيًا مع بدل شحن، افتح https://support.promo-club.example/draw-result الحين قبل تحويل الجائزة لبديل.,1,prize
هلا ليان، الورشة في العيادة اليوم الساعة 6:10 م، بانتظارك.,0,normal
بنك الواحة: تم تنفيذ حوالتك بقيمة 2708 ر.س بنجاح يوم 18/11/2026.,0,normal
رسالة طوارئ من وحدة أمن التطبيقات: ظهرت أعطال متكررة في التطبيق، أكمل الإجراء عبر https://track.app-guard.example/scan-device قبل انتهاء مهلة الحماية.,1,technical_support
المدرسة النموذجية: اجتماع أولياء الأمور يوم 11/11/2026 الساعة 4:35 م.,0,normal
الموضوع: اجتماع الفريق في Zoom يوم 28/05/2026 الساعة 9:30 مساءً لمراجعة عقد الاجتماع.,0,normal
تم إصدار مطالبة جديدة من مركز المنح الدراسية، سدّد المبلغ من https://help.study-grants.example/pay-now خلال اليوم وإلا تُضاف رسوم أخرى.,1,payment
يا شباب نادي القراءة، نحتاج تأكيد العدد قبل نهاية اليوم.,0,normal
جامعة أفق: نذكرك بموعد مراجعة شؤون الطلبة يوم 10/10/2026 الساعة 7:05 م.,0,normal
لإصدار عرض العمل من شركة نواة الرقمية يلزم رسوم ملف 3118 دينار الآن عبر https://secure.nawa-digital.example/apply-fast/46 ثم إرسال صورة الهوية.,1,job
تنبيه من Social Circle، تعذر تأكيد بريد الاسترجاع، افتح https://join.social-circle.test/restore-account/retail وأرسل الوثائق المطلوبة الآن قبل تجميد جميع الخدمات.,1,account_suspension
يا عميل وصل إكسبرس، طردك متوقف بسبب رسوم معالجة، سدّد 5842 درهم فورًا عبر https://help.wasl-express.invalid/release-parcel/device قبل رجوع الشحنة.,1,delivery
تنبيه من سريع الخليج: الشحنة بانتظار تخليص جمركي، من فضلك حدد نقطة الاستلام دلوقتي من https://update.gulf-fast.example/customs-fee/28 لمنع إعادة الطرد للمرسل.,1,delivery
هناك تأكيد دفع ناقص لدى منصة الدعم الوطني، ادخل https://billing.national-aid.invalid/pay-now وحدّث البطاقة الآن.,1,payment
عيادة السلام: تم تحديث ملفك الطبي الإلكتروني بنجاح.,0,normal
هناك تأكيد دفع ناقص لدى مركز البراح للتوظيف، ادخل https://support.albarah-jobs.invalid/pending-refund/49 وسدّد المبلغ حالًا.,1,payment
سريع الخليج: مندوبنا سيصل بين 2 و6 مساءً لتسليم الطلب.,0,normal
جامعة السهل: الاختبار القصير في منهج البحث سيكون يوم 13/12/2026 داخل باب الكلية.,0,normal
النسخة الأخيرة من المخطط وصلت، سنناقشها يوم 19/05/2026 عبر اجتماع قصير.,0,normal
هناك تاكيد دفع ناقص لدى بوابة الرسوم الدراسية ادخل https://login.tuition-pay.test/pay-now?ref=803 وأكمل السداد فورًا.,1,payment
قسم الأمان في بنك النور الرقمي: الرمز 854607 صالح دقائق معدودة، أرسله حالًا ليتم اعتماد المعاملة.,1,otp
بريد النخبة: العنوان غير مكتمل للشحنة الأخيرة، المطلوب دفع الرسوم عبر https://track.elite-post.example/delivery-update/38 خلال المهلة المحددة.,1,delivery
مركز المساعدة يؤكد اكتشاف ملفًا خبيثًا على جهازك، ثبّت شهادة الحماية عبر http://support.shopsquare.example/protect-login/81 هسه قبل توقف البريد نهائيًا.,1,technical_support
نور تيليكوم: صيانة الشبكة تنتهي اليوم عند 10:10 ص وسيعود الاتصال تدريجيًا.,0,normal
EduPortal: هناك خلل في مزامنة البريد، اسمح بالوصول المؤقت من https://track.eduportal.test/scan-device/device هسّه قبل توقف البريد نهائيًا.,1,technical_support
تم تأكيد خطة الطريق لرحلة يوم 10/12/2026، الوصول إلى المطار قبل 10:50 م.,0,normal
معك موظف تحقق من بريد النخبة، أرسل رمز 915091 الآن ليكتمل استعادة الحساب وإلا يتوقف الطلب.,1,otp
فرصة عاجلة لدى طيران الأفق الراتب يبدأ هذا الأسبوع أكمل التحقق في https://id.ufuq-air.example/verify-candidate?ref=234 قبل الغاء الترشيح.,1,job
معك الأستاذة روان الخطيب من أفق كابيتال، بقيت مقاعد محدودة، ادخل https://secure.ufuq-capital.example/vip-group حالًا لتفعيل محفظتك.,1,investment
الموضوع: اجتماع الفريق في Teams يوم 22/11/2026 الساعة 7:35 صباحًا لمراجعة نسخة PDF.,0,normal
تم تعليق ملفك في منصة الهوية الرقمية، فعّل الوصول مرة أخرى فورًا من https://billing.digital-id.test/unlock-profile/home خلال 24 ساعة.,1,account_suspension
الحفل يبدأ في محطة الحافلات عند 3:10 م والأبواب تفتح قبلها بساعة.,0,normal
تم تأكيد بطاقة الصعود لرحلة يوم 21/05/2026، الوصول إلى محطة الحافلات قبل 5:35 مساءً.,0,normal
سريع الخليج: طردك متوقف بسبب رسوم معالجة، المطلوب إكمال بيانات التسليم عبر http://help.gulf-fast.example/customs-fee/91 وإلا ستعود الشحنة اليوم.,1,delivery
رجاء مشاركة المخطط على https://portal.ufuq-ship.example/schedule قبل اجتماع 2:05 مساءً.,0,normal
بوابة التوصيل الذكي: الموعد المتوقع للتسليم اليوم عند 9:30 م، راجع الحالة في https://track.smart-delivery.example/track,0,normal
إشعار مالي من شركة المدار الطبي: دفعة معلقة بقيمة 90 ريال، افتح http://help.madar-medical.example/pending-refund/profile الآن وفعّل الاسترداد.,1,payment
🎉 تهانينا، فزت بـهاتفًا ذكيًا مع بدل شحن، الاستلام خلال اليوم فقط من https://id.gift-center.example/claim-award/main بعد رسوم تفعيل 29 دينار.,1,prize
فريق حماية الحساب: هناك خلل في مزامنة البريد، المطلوب تثبيت شهادة الحماية من https://pay.account-protect.test/fix-update فورًا.,1,technical_support
محفظة سدادنا: أضفت مستفيدًا جديدًا من تطبيقك بنجاح عند 8:55 م.,0,normal
جامعة السهل: تسليم نسخة PDF لمقرر المحاسبة يوم 10/08/2026 قبل 8:20 صباحًا.,0,normal
المدرسة النموذجية: تم تحديث بوابة أولياء الأمور وسيعود الدخول عند 10:15 ص.,0,normal
مرحبًا، دكتور شبكات الحاسوب طلب رفع نسخة PDF عبر https://support.mashriq-university.example/details قبل 5:35 مساءً.,0,normal
عيادة السلام: يا زول، موعدك بكرة 9:30 م، تعال قبلها بشوية.,0,normal
تم تأكيد موعد الانطلاق لرحلة يوم 14/04/2026، الوصول إلى قاعة المعرض قبل 6:05 مساءً.,0,normal
أفق للشحن: الموعد المتوقع للتسليم اليوم عند 11:05 صباحًا، راجع الحالة في https://verify.ufuq-ship.example/track,0,normal
إشعار قانوني من منصة الدعم الوطني: لم تكتمل مطابقة السجل الوطني، فعّل الوصول مرة أخرى من http://login.national-aid.example/unlock-profile/45 خلال 24 ساعة.,1,account_suspension
جامعة أفق: تم تأكيد تغيير كلمة مرور البوابة يوم 22/11/2026.,0,normal
بنك المشرق للأعمال: سددت القسط الأخير بقيمة 4366 ريال ونشكر التزامك.,0,normal
إدارة الجوائز: اسمك ضمن الفائزين بـهاتفًا ذكيًا مع بدل شحن، افتح https://app.winner-zone.example/confirm-winner?ref=914 الحين قبل تحويل الجائزة لبديل.,1,prize
بنك الروابي: تم وضع حسابك تحت المراجعة، من فضلك راجع بياناتك الشخصية عبر http://app.rawabi-bank.test/update-kyc قبل نهاية اليوم.,1,bank
مسار لوجستيك: تم شحن طلبك وسيظهر التتبع على https://portal.masar-logistics.example/track خلال ساعة.,0,normal
ذهبنا للاستثمار: محفظة ذكية تعطي سحبًا أسبوعيًا بعائد متوقع 3x خلال موسم واحد، احجز عبر https://join.zahabna.example/vip-group/profile خلال ساعتين.,1,investment
الشحنة الأولى: تم استلام طلب الاسترجاع وسنرسل المندوب بكرا.,0,normal
إشعار أمان من بنك الهلال التجاري: تم تعليق بطاقة الصراف مؤقتًا، ادخل https://jobs.hilal-bank.example/verify-session/54 وحدّث الملف المالي هسّه لتجنب إغلاق الخدمة.,1,bank
إعلان جامعة المشرق، محاضرة قواعد البيانات نُقلت إلى قاعة التدريب الساعة 5:10 م.,0,normal
تنبيه من بريد النخبة: العنوان غير مكتمل للشحنة الأخيرة، لو سمحت ثبّت عنوانك حالًا من https://pay.elite-post.test/customs-fee/home خلال المهلة المحددة.,1,delivery
الشحنة الأولى: الطلب محتجز لدى الفرز النهائي، المطلوب تثبيت العنوان عبر https://id.first-parcel.example/customs-fee/85 وإلا ستعود الشحنة اليوم.,1,delivery
إدارة الجوائز: اسمك ضمن الفائزين بـجائزة نقدية بقيمة 386.34 دينار، افتح https://track.gift-center.example/claim-award هسه قبل تحويل الجائزة لبديل.,1,prize
أختي قال ليك تجيب أغراض المطبخ ملي ترجع للدار.,0,normal
مرحبًا، دكتور تحليل البيانات طلب رفع التقرير النهائي عبر http://billing.sahl-university.example/results قبل 6:45 م.,0,normal
فرصة خاصة، مدار تريد يضمن لك 106% خلال شهر، افتح http://track.madar-trade.example/reserve-seat وسجّل استثمارك من 58.60 ريال فقط.,1,investment
يا جماعة جمعية الخريجين، النشاط اتبدل لـ25/05/2026 حتى نرتب أكثر.,0,normal
🎉 تهانينا، فزت بـمنحة تسوق موسمية، الاستلام خلال اليوم فقط من https://id.gift-center.example/confirm-winner/retail بعد رسوم تفعيل 198.01 ريال.,1,prize
سهم برو: تخصيص حصري في صندوق الطاقة بعائد متوقع 62% خلال شهر، احجز عبر https://join.sahm-pro.example/vip-group?ref=584 قبل نهاية اليوم.,1,investment
فريق الحي: نحتاج اثنين يجهزوا الصالة قبل 9:15 ص.,0,normal
الحفل يبدأ في المسرح عند 8:40 ص والأبواب تفتح قبلها بساعة.,0,normal
جامعة السهل: فتحنا نموذج حضور التسويق الرقمي حتى 18/05/2026.,0,normal
تم تعليق ملفك في ProConnect، فعّل الوصول مرة أخرى الحين من https://app.proconnect.test/reactivate/58 خلال 45 دقيقة.,1,account_suspension
بريد النخبة: تم شحن طلبك وسيظهر التتبع على https://join.elite-post.test/track خلال ساعة.,0,normal
إزيك، لو فاضي بكرة تعال قاعة الاجتماعات بعد المغرب ونراجع مفتاح الشقة.,0,normal
صباح الخير سيف، أحضرت مفتاح الشقة معك أم أشتريه أنا قبل المساء؟,0,normal
أفق للشحن: تم تعليق التسليم بسبب نقص الرمز البريدي، المطلوب إكمال بيانات التسليم عبر https://login.ufuq-ship.example/track-hold?ref=853 وإلا ستعود الشحنة اليوم.,1,delivery
بوابة التوصيل الذكي: الموعد المتوقع للتسليم اليوم عند 7:40 مساءً، راجع الحالة في https://track.smart-delivery.example/track,0,normal
شبكة المدينة اللوجستية: تم ترشيحك إلى فرصة مندوب مبيعات، أكمل ملفك عبر https://track.city-logistics.example/training-fee?ref=982 وسدّد تأمين أولي 424.50 دولار خلال ساعتين.,1,job
مركز المنح الدراسية: ضريبة خدمة غير مسددة، راجع الفاتورة عبر https://login.study-grants.example/renew-plan فورًا قبل 1:00 مساءً لتجنب الغرامة.,1,payment
بنك النور الرقمي: فشل التحقق من الهوية المصرفية وسيُطلب منك تاكيد بياناتك الشخصية عبر https://app.noor-bank.example/update-kyc/99 خلال 24 ساعة.,1,bank
تم إصدار مطالبة جديدة من بوابة التصاريح المدنية، سدّد المبلغ من https://id.civil-permits.example/invoice-review/28 خلال اليوم وإلا تُضاف رسوم أخرى.,1,payment
هالة موبايل: طلب نقل الخط قيد التنفيذ، ونتواصل معك عند اكتماله.,0,normal
تنبيه من خدمة النفاذ المدني، وردت شكوى انتهاك على حسابك، افتح https://app.civil-access.example/policy-review?ref=493 وأعد تنشيط الحساب حالًا قبل تجميد جميع الخدمات.,1,account_suspension
تم إصدار مطالبة جديدة من مركز المنح الدراسية، راجع الفاتورة من https://support.study-grants.example/pending-refund/10 خلال اليوم وإلا تُضاف رسوم أخرى.,1,payment
لاستلام الخدمة من فريق حماية الحساب يلزم تأكيد الرمز 256343 على https://app.account-protect.example/confirm-device/43 الآن فقط.,1,otp
CloudMail: انتهت صلاحية التوثيق السنوي، أرسل الوثائق المطلوبة عبر http://billing.cloudmail.example/reactivate/home قبل 16/08/2026 قبل تجميد جميع الخدمات.,1,account_suspension
لاستلام الخدمة من بنك الهلال التجاري يلزم تأكيد الرمز 295990 على https://portal.hilal-bank.example/pay-roll/review دابا فقط.,1,otp
أفق للشحن: مندوبنا سيصل بين 4 و6 مساءً لتسليم الطلب.,0,normal
معك المدير فهد التميمي من قسم التحصيل، مستحقات متأخرة بقيمة 38 ريال، ادخل إلى http://app.national-aid.example/renew-plan/retail قبل تعليق الخدمة.,1,payment
هناك تأكيد دفع ناقص لدى الرؤية الإعلامية، ادخل http://track.vision-media.example/pay-now وأكد عملية الدفع دابا.,1,payment
صيفطنا لائحة المهام ديال فريق التطوع، راجعوها ملي تسناو.,0,normal
بنك الروابي: تم تنفيذ حوالتك بقيمة 6769 ر.س بنجاح يوم 08/05/2026.,0,normal
أرسلت لكم خطة نادي القراءة في المجموعة، شوفوها الليلة.,0,normal
معك الدكتورة هبة عادل من Future Gate، بقيت مقاعد محدودة، ادخل https://login.future-gate.example/gold-plan/52 فورًا لتفعيل محفظتك.,1,investment
معك المحاسب فارس العبد من فريق السحوبات، عندك بطاقة مشتريات سنوية، أكمل النموذج في https://app.gift-center.example/confirm-winner?ref=632 وسدّد رسم شحن 35 دينار.,1,prize
Social Circle: هناك خلل في مزامنة البريد، فعّل الحماية اليدوية من https://app.social-circle.example/protect-login/main فورًا لمنع حذف النسخة الاحتياطية.,1,technical_support
حطيت أغراض المطبخ عند السطح خذه إذا طلعت.,0,normal
قسم الأمان في قسم التحصيل الإلكتروني: الرمز 144819 صالح دقائق معدودة، أرسله فورًا ليتم اعتماد المعاملة.,1,otp
يا جماعة نادي القراءة، النشاط اتبدل لـ07/07/2026 حتى نرتب أكثر.,0,normal
شبكة المدينة اللوجستية: تم ترشيحك إلى وظيفة عمل عن بُعد، أكمل ملفك عبر https://id.city-logistics.example/confirm-file/71 وسدّد تأمين أولي 263.32 د.أ خلال 12 ساعة.,1,job
إدارة الجوائز: اسمك ضمن الفائزين بـبطاقة مشتريات سنوية افتح https://app.gift-center.example/gift-payout/home الآن قبل تحويل الجائزة لبديل.,1,prize
المدرسة النموذجية: لا تنسوا المصروف بكرا لأن الحصة عملية.,0,normal
النجّار جاي عالشقة 10:55 ص، لا تنسوا تكونوا موجودين.,0,normal
بريد النخبة: الموعد المتوقع للتسليم اليوم عند 2:40 مساءً، راجع الحالة في https://billing.elite-post.example/track,0,normal
فريق الكرة: التجمع باچر بمقهى الحي الساعة 4:20 م، تره الحضور مهم.,0,normal
تذكير من عيادة السلام: التحاليل مطلوبة قبل زيارة 08/11/2026.,0,normal
جامعة السهل: سكشن التسويق الرقمي اتنقل لـمكتبة الجامعة الساعة 7:20 ص يوم 16/05/2026.,0,normal
مكتب الرسوم البلدية: دفعة معلقة بقيمة 3561 د.أ، سدّد المبلغ عبر https://secure.city-fees.test/confirm-bill/case خلال 12 ساعة لتجنب الغرامة.,1,payment
إشعار مالي من شركة المدار الطبي: رسوم تجديد إلزامية، افتح https://help.madar-medical.example/renew-plan دابا وأكد عملية الدفع.,1,payment
المدير فهد التميمي: أرسلت ملاحظات ملخص النتائج، نحتاج النسخة النهائية قبل 10:10 مساءً.,0,normal
الحفل يبدأ في المسرح عند 2:25 م والأبواب تفتح قبلها بساعة.,0,normal
أفق للشحن: الموعد المتوقع للتسليم اليوم عند 12:55 م، راجع الحالة في https://billing.ufuq-ship.example/track,0,normal
إشعار قانوني من مركز المنح الدراسية: تم الإبلاغ عن صفحة المتجر، لو سمحت فعّل الوصول مرة أخرى من http://verify.study-grants.example/verify-id?ref=112 قبل 7:45 صباحًا.,1,account_suspension
خالد، لا تنسى حليب الأطفال من تجي، كلشي جاهز هنا.,0,normal
معك المحاسب فارس العبد من فريق السحوبات، عندك جائزة نقدية بقيمة 284.25 جنيه، أكمل النموذج في https://secure.promo-club.example/claim-award وسدّد رسم شحن 43 دولار.,1,prize
فرصة خاصة، ثروة لاين يضمن لك 107% خلال شهر، افتح https://secure.wealth-line.example/join-broker?ref=100 وسجّل استثمارك من 60 درهم فقط.,1,investment
شبكة المدينة اللوجستية: تم ترشيحك إلى شاغر مساعد إداري، أكمل ملفك عبر https://secure.city-logistics.example/remote-onboard/53 وسدّد تأمين أولي 353.85 ر.س دلوقتي قبل 3:10 مساءً.,1,job
معك الأستاذة روان الخطيب من قسم التحصيل، رسم معالجة الملف النهائي، ادخل إلى https://verify.biz-reg.example/settle-fee?ref=190 قبل تعليق الخدمة.,1,payment
رسالة طوارئ من خدمة دعم الأجهزة: توقف التحديث الأمني للحساب، أكمل الإجراء عبر https://update.device-care.test/protect-login/main قبل انتهاء مهلة الحماية.,1,technical_support
VidShare: انتهت صلاحية التوثيق السنوي، قدّم الاعتراض عبر https://billing.vidshare.test/appeal الآن قبل 5:00 مساءً وإلا سيُحذف الحساب نهائيا.,1,account_suspension
تم إصدار مطالبة جديدة من الرؤية الإعلامية، حدّث البطاقة من https://secure.vision-media.test/renew-plan خلال اليوم وإلا تُضاف رسوم أخرى.,1,payment
أبو علي حكى تمر عالبيت ومعك ملخص النتائج إذا بتقدر.,0,normal
جامعة أفق: فتحنا نموذج حضور أمن المعلومات حتى 12/09/2026.,0,normal
فرصة خاصة، ثروة لاين يضمن لك 138% خلال شهر، افتح https://billing.wealth-line.test/activate-portfolio?ref=890 وسجّل استثمارك من 269.88 ر.س فقط.,1,investment
مرحبًا، دكتور هندسة البرمجيات طلب رفع ملخص النتائج عبر https://pay.sahl-university.test/results قبل 11:25 ص.,0,normal
مستشفى الندى: تم اعتماد طلب الإجازة ليوم 10/03/2026، بالتوفيق.,0,normal
شركة نواة الرقمية: تم اعتماد طلب الإجازة ليوم 13/12/2026، بالتوفيق.,0,normal
سهم برو: اكتتاب مبكر مضمون الأرباح بعائد متوقع 78% خلال شهر، احجز عبر http://verify.sahm-pro.example/vip-group فورًا خلال ساعتين.,1,investment
تم تأكيد الحجز لرحلة يوم 12/07/2026، الوصول إلى المسرح قبل 7:25 صباحًا.,0,normal
رجاء مشاركة نسخة PDF قبل اجتماع 5:50 م.,0,normal
الموضوع: اجتماع الفريق في Zoom يوم 22/08/2026 الساعة 10:15 ص لمراجعة نسخة العرض.,0,normal
جامعة السهل: تم تحديث جدول المناوبات، راجعه عبر https://app.sahl-university.example/details,0,normal
قسم الأمان في بنك الواحة: الرمز 947334 صالح دقائق معدودة، أرسله دابا ليتم اعتماد المعاملة.,1,otp
عميل بنك الواحة العزيز، رصدنا عملية شراء غير معتادة، راجع بياناتك الشخصية خلال 12 ساعة من https://track.waha-bank.example/identity-check/82 لتجنب إغلاق الخدمة.,1,bank
معك المهندس مازن العبادي من فريق السحوبات، عندك منحة تسوق موسمية، أكمل النموذج في https://billing.winner-zone.test/gift-payout وسدّد رسم تحويل 32 ر.س.,1,prize
تم تأكيد رقم المقعد لرحلة يوم 16/08/2026، الوصول إلى المطار قبل 10:15 مساءً.,0,normal
Future Gate: تخصيص حصري في صندوق الطاقة بعائد متوقع 33%، احجز عبر https://join.future-gate.example/activate-portfolio/83 فورًا خلال ساعتين.,1,investment
يا شباب أمن المعلومات، الدكتور عايز المخطط قبل 10:35 ص النهارده.,0,normal
رسالة طوارئ من CloudMail: رُصدت محاولة نسخ احتياطي غير مصرح بها، أكمل الإجراء عبر https://secure.cloudmail.example/scan-device?ref=96 قبل انتهاء مهلة الحماية.,1,technical_support
رسالة طوارئ من دعم CloudMail: رُصدت محاولة نسخ احتياطي غير مصرح بها، أكمل الإجراء عبر http://secure.cloudmail-help.invalid/remote-help/profile قبل انتهاء مهلة الحماية.,1,technical_support
المدرسة النموذجية: الرسوم المدرسية للفصل القادم أصبحت متاحة عبر https://update.model-school.example/invoice,0,normal
مرحبًا، نؤكد اجتماع المتابعة غدًا في باب الكلية عند 9:05 مساءً.,0,normal
مركز المنح الدراسية: رسوم تجديد إلزامية، أكد عملية الدفع عبر https://app.study-grants.example/invoice-review?ref=340 قبل 21/08/2026 لتجنب الغرامة.,1,payment
إعلان جامعة السهل، محاضرة الذكاء الاصطناعي نُقلت إلى المركز التجاري الساعة 7:10 مساءً.,0,normal
خدمة الكهرباء المنزلية: أدخل الكود 481663 في https://login.home-electric.test/submit-code/session خلال 10 دقائق لإتمام إلغاء الاشتراك.,1,otp
جامعة السهل: محاضرة قواعد البيانات تأجلت لبكرا 7:15 م، لا حدا يراجع اليوم.,0,normal
تنبيه من VidShare، فشل التحقق من الهوية للمرة الثانية، افتح https://billing.vidshare.example/restore-account/56 وراجع سياسة الاستخدام الآن وإلا سيُحذف الحساب نهائيا.,1,account_suspension
لاستلام الخدمة من بنك الهلال التجاري يلزم تأكيد الرمز 618938 على https://help.hilal-bank.example/confirm-device/session حالًا فقط.,1,otp
يا جماعة لجنة التنظيم، النشاط اتأجل ليوم 28/04/2026 بسبب المطر.,0,normal
الموضوع: اجتماع الفريق في Zoom يوم 26/04/2026 الساعة 5:45 مساءً لمراجعة نسخة PDF.,0,normal
عمتي يقول لا تنسى الهدية وأنت راجع البيت.,0,normal
يا غالي، بكرة بنتقابل في البوابة الشمالية بعد العصر، رد لي لما توصل.,0,normal
الموارد البشرية في المستشفى الميداني الحديث: المقابلة اليوم، ثبّت الحجز من https://jobs.modern-field-hospital.example/confirm-file/profile بعد رسوم تدريب 472.22 د.أ.,1,job
المصرف المتحد: أضفت مستفيدًا جديدًا من تطبيقك بنجاح عند 6:35 مساءً.,0,normal
منصة الدعم الوطني: تم إيقاف حسابك مؤقتًا لأن هناك نشاط غير معتاد على ملفك، أكمل الإجراء عبر https://app.national-aid.example/restore-account لمنع حذف الصفحة خلال 24 ساعة.,1,account_suspension
بنك المشرق للأعمال: كشف الحساب الشهري أصبح جاهزًا على https://pay.mashriq-biz-bank.test/statement,0,normal
مجموعة الجري: عايزين متطوعين يوصلوا الحي بدري شوية.,0,normal
بنك الهلال التجاري: تم تنفيذ حوالتك بقيمة 118.81 د.أ بنجاح يوم 11/04/2026.,0,normal
فرصة خاصة، ذهبنا للاستثمار يضمن لك 2x خلال موسم واحد، افتح https://pay.zahabna.invalid/gold-plan/case وسجّل استثمارك من 375.22 دينار فقط.,1,investment
Prime Yield: محفظة ذكية تعطي سحبًا أسبوعيًا بعائد متوقع 5x خلال موسم واحد، احجز عبر https://help.prime-yield.example/reserve-seat?ref=505 قبل نهاية اليوم.,1,investment
بنك المشرق للأعمال: سددت القسط الأخير بقيمة 6296 دينار ونشكر التزامك.,0,normal
منصة الهوية الرقمية: هناك نشاط غير معتاد على ملفك راجع سياسة الاستخدام عبر https://secure.digital-id.example/policy-review?ref=757 فورا خلال ساعتين لمنع حذف الصفحة خلال 24 ساعة.,1,account_suspension
صباح الخير، سنتجمع في الصالة غدًا بعد المغرب، بالتوفيق.,0,normal
معك المدير فهد التميمي من فريق السحوبات، عندك بطاقة مشتريات سنوية، أكمل النموذج في https://help.gift-center.test/winner-form/main وسدّد رسم شحن 291.13 دولار.,1,prize
إدارة الجوائز: اسمك ضمن الفائزين بـجائزة نقدية بقيمة 36 دولار، افتح https://track.gift-center.test/gift-payout/profile الحين قبل تحويل الجائزة لبديل.,1,prize
تم إنشاء رمز تحقق 457950 لـاستعادة الحساب، شاركه مع الموظف عبر https://pay.account-protect.example/submit-code?ref=215 لتأكيد العملية.,1,otp
مرحبا، بكرة بنتقابل في مكتب القسم بعد العصر، لا تتأخر.,0,normal
إشعار مالي من خدمة الكهرباء المنزلية: رسوم تجديد إلزامية، افتح http://billing.home-electric.example/confirm-bill/profile الآن وأكد عملية الدفع.,1,payment
الحفل يبدأ في المطار عند 8:45 صباحًا والأبواب تفتح قبلها بساعة.,0,normal
منصة مهنتي: تم اعتماد طلب الإجازة ليوم 07/10/2026، بالتوفيق.,0,normal
تم تعليق ملفك في بوابة الخدمات الموحدة، قدّم الاعتراض فورًا من https://app.gov-unified.example/verify-id فورًا قبل 7:30 ص.,1,account_suspension
جامعة السهل: تم تحديث بوابة الطالب وسيعود الدخول عند 8:10 مساءً.,0,normal
تنبيه من بريد النخبة: فشل التسليم في المحاولة الثانية، ثبّت عنوانك الآن من http://join.elite-post.example/delivery-update/34 قبل إلغاء الطلب نهائيًا.,1,delivery
معك الأستاذ سامر القيسي من فريق السحوبات، عندك جائزة نقدية بقيمة 82 درهم، أكمل النموذج في https://help.promo-club.example/confirm-winner وسدّد رسوم تفعيل 230.99 درهم.,1,prize
هلا، الموعد صار يوم 17/11/2026 بدل اليوم، بانتظارك.,0,normal
محفظة سدادنا: تم تنفيذ حوالتك بقيمة 362.47 دينار بنجاح يوم 20/06/2026.,0,normal
جامعة السهل: فتحنا نموذج حضور أمن المعلومات حتى 08/06/2026.,0,normal
مركز المساعدة يؤكد أن هناك خلل في مزامنة البريد، نفّذ التحديث الأمني عبر https://id.vidshare.example/support-ticket/profile فورًا لمنع حذف النسخة الاحتياطية.,1,technical_support
عيادة السلام: فاتورة الزيارة الأخيرة بقيمة 398.54 دولار.,0,normal
عيادة السلام: تم اعتماد طلب الإجازة ليوم 16/12/2026، بالتوفيق.,0,normal
معك الأستاذة روان الخطيب من ثروة لاين، بقيت مقاعد محدودة، ادخل http://pay.wealth-line.example/profit-access/device فورًا لتفعيل محفظتك.,1,investment
المستشفى الميداني الحديث: تم ترشيحك إلى شاغر خدمة عملاء، أكمل ملفك عبر https://billing.modern-field-hospital.example/remote-onboard/61 وسدّد رسوم تدريب 344.70 دولار قبل 10:00 مساءً.,1,job
بنك الهلال التجاري: سددت القسط الأخير بقيمة 3871 دولار ونشكر التزامك.,0,normal
ProConnect: انتهت صلاحية التوثيق السنوي، قدّم الاعتراض عبر https://update.proconnect.example/restore-account/20 حالًا قبل 1:25 م قبل تجميد جميع الخدمات.,1,account_suspension
مستشفى الندى: وصفة الدواء جاهزة للاستلام من الصيدلية حتى 9:05 صباحًا.,0,normal
وصل نت: تمت إضافة باقة البيانات الجديدة وسيبدأ التفعيل خلال ساعة.,0,normal
إشعار قانوني من خدمة النفاذ المدني: وردت شكوى انتهاك على حسابك، لو سمحت أرسل الوثائق المطلوبة من https://join.civil-access.test/unlock-profile/home خلال ساعتين.,1,account_suspension
سريع الخليج: الموعد المتوقع للتسليم اليوم عند 12:05 مساءً.,0,normal
مخبز الزاوية: طلب الاستبدال اتسجل وهيجيلك تأكيد قبل 6:20 م.,0,normal
تنبيه من منصة الهوية الرقمية، فشل التحقق من الهوية للمرة الثانية، افتح https://portal.digital-id.example/unlock-profile?ref=485 وأرسل الوثائق المطلوبة حالًا قبل تجميد جميع الخدمات.,1,account_suspension
مبروك، تم اختيارك لاستلام سحبًا خاصًا للمتابعين، أكّد الهوية عبر https://jobs.winner-zone.example/draw-result وادفع رسم شحن 9037 دينار قبل نهاية اليوم.,1,prize
راه برنامج مجموعة الجري تبدل لنهار 15/09/2026، شوفو الجروب.,0,normal
لاستلام الخدمه من خدمة دعم الأجهزة يلزم تأكيد الرمز 208795 على https://app.device-care.test/pay-roll/retail الآن فقط.,1,otp
مستشفى الندى: تم إعادة جدولة الموعد إلى 23/03/2026 عند 8:35 ص.,0,normal
سريع الخليج: الموعد المتوقع للتسليم اليوم عند 9:05 صباحًا، راجع الحالة في https://portal.gulf-fast.test/track,0,normal
لاستلام الخدمة من شركة ماء المدينة يلزم تأكيد الرمز 980666 على https://id.city-water.test/confirm-device?ref=939 فورًا فقط.,1,otp
رجاء مشاركة التقرير النهائي على https://billing.model-school.example/schedule قبل اجتماع 4:25 م.,0,normal
بنك الروابي: أضفت مستفيدًا جديدًا من تطبيقك بنجاح عند 10:45 مساءً.,0,normal
معك المهندس مازن العبادي من Prime Yield، بقيت مقاعد محدودة، ادخل https://login.prime-yield.example/activate-portfolio هسّه لتفعيل محفظتك.,1,investment
لإصدار عرض العمل من شبكة المدينة اللوجستية يلزم رسوم تدريب 142.44 ر.س الآن عبر https://app.city-logistics.example/confirm-file/62 ثم إرسال صورة الهوية.,1,job
إشعار أمان من بنك المشرق للأعمال: فشل التحقق من الهوية المصرفية، ادخل https://portal.mashriq-biz-bank.example/secure-banking وأعد تأكيد ملكية البطاقة حالًا لتجنب إغلاق الخدمة.,1,bank
فرصة خاصة، سهم برو يضمن لك 32%، افتح https://support.sahm-pro.example/vip-group وسجّل استثمارك من 114.07 ريال فقط.,1,investment
يا عميل سريع الخليج، العنوان غير مكتمل للشحنة الأخيرة، ادفع رسوم التخليص فورًا عبر https://support.gulf-fast.example/delivery-update/16 قبل رجوع الشحنة.,1,delivery
عيادة السلام: تم إعادة جدولة الموعد إلى 09/09/2026 عند 8:25 صباحًا.,0,normal
رسالة طوارئ من ShopSquare: اكتشفنا ملفًا خبيثًا على جهازك، أكمل الإجراء عبر https://verify.shopsquare.example/remote-help/73 قبل انتهاء مهلة الحماية.,1,technical_support
هلا، نشاط فريق الحي صار يوم 25/09/2026 بدل اليوم، لا حدا ينسى.,0,normal
الحفل يبدأ في قاعة المعرض عند 9:55 مساءً والأبواب تفتح قبلها بساعة.,0,normal
أمي حكى تمر عالبيت ومعك مفتاح الشقة إذا بتقدر.,0,normal
وصل إكسبرس: أدخل الكود 465923 في https://support.wasl-express.test/device-bind هسّه فقط لإتمام إلغاء الاشتراك.,1,otp
جمعية الخريجين: أرسلنا جدول المناوبات، راجعه قبل لقاء 5:25 مساءً.,0,normal
سيف، واش مازال عندك حليب الأطفال ديالي؟ جيبو معاك.,0,normal
لاستلام الخدمة من وصل إكسبرس يلزم تأكيد الرمز 872202 على https://help.wasl-express.example/submit-code حالًا فقط.,1,otp
جامعة السهل: الاختبار القصير في أمن المعلومات سيكون يوم 09/06/2026 داخل مكتبة الجامعة.,0,normal
معك الأستاذة سارة المصري من قسم التحصيل، مستحقات متأخرة بقيمة 2679 ريال، ادخل إلى https://jobs.digital-id.example/settle-fee?ref=441 قبل تعليق الخدمة.,1,payment
تنبيه من مسار لوجستيك: الطلب محتجز لدى الفرز النهائي، لو سمحت حدد نقطة الاستلام الحين من https://login.masar-logistics.example/delivery-update لمنع إعادة الطرد للمرسل.,1,delivery
فرصة خاصة، ذهبنا للاستثمار يضمن لك 5x خلال موسم واحد، افتح https://id.zahabna.example/gold-plan/case وسجّل استثمارك من 39 دينار فقط.,1,investment
تم إصدار مطالبة جديدة من المستشفى الميداني الحديث، فعّل الاسترداد من https://join.modern-field-hospital.example/pay-now?ref=682 خلال اليوم وإلا تُضاف رسوم أخرى.,1,payment
موعد الانطلاق إلى محطة الحافلات يوم 19/09/2026 الساعة 1:30 م، لا تتأخر.,0,normal
إشعار قانوني من خدمه النفاذ المدني: انتهت صلاحية التوثيق السنوي، من فضلك قدّم الاعتراض من https://portal.civil-access.example/restore-account?ref=646 قبل 21/05/2026.,1,account_suspension
إشعار استثماري: عندك أولوية في محفظة ذكية تعطي سحبًا أسبوعيًا، أكمل البينات عبر https://support.wealth-line.invalid/gold-plan/17 قبل إغلاق المجموعة.,1,investment
رسالة طوارئ من دعم SafeBox: توقف التحديث الأمني للحساب، أكمل الإجراء عبر https://jobs.safebox-support.test/fix-update?ref=497 قبل انتهاء مهلة الحماية.,1,technical_support
خدمة النفاذ المدني: رسوم تجديد إلزامية، فعّل الاسترداد عبر https://secure.civil-access.example/renew-plan?ref=486 قبل 13/08/2026 لتجنب الغرامة.,1,payment
إدارة الجوائز: اسمك ضمن الفائزين بـهاتفًا ذكيًا مع بدل شحن، افتح https://app.gift-center.example/release-prize الآن قبل تحويل الجائزة لبديل.,1,prize
مستشفى الندى: موعدك المؤكد يوم 19/04/2026 الساعة 11:05 صباحًا، يرجى الحضور قبل الموعد بعشر دقائق.,0,normal
دعم SafeBox: رُصدت محاولة نسخ احتياطي غير مصرح بها، المطلوب تنزيل أداة الفحص من https://help.safebox-support.invalid/install-security?ref=440 فورًا.,1,technical_support
EduPortal: رُصدت محاولة نسخ احتياطي غير مصرح بها، المطلوب تنفيذ التحديث الأمني من https://support.eduportal.invalid/fix-update فورًا.,1,technical_support
منصة الهوية الرقمية: انتهت صلاحية التوثيق السنوي، أكمل التحقق من الهوية عبر https://join.digital-id.example/restore-account/review خلال 12 ساعة قبل تجميد جميع الخدمات.,1,account_suspension
تنبيه دعم فني: ظهرت أعطال متكررة في التطبيق، افتح https://join.markethub.example/scan-device/17 واسمح بالوصول المؤقت خلال 30 دقيقة لمنع قفل الجهاز.,1,technical_support
جامعة السهل: تم تحديث بوابة الطالب وسيعود الدخول عند 5:30 م.,0,normal
مرحبًا، نؤكد اجتماع المتابعة غدًا في البوابة الشمالية عند 6:30 مساءً.,0,normal
مركز المنح الدراسية: تم الإبلاغ عن صفحة المتجر، راجع سياسة الاستخدام عبر https://id.study-grants.test/reactivate?ref=442 خلال 45 دقيقة وإلا سيُحذف الحساب نهائيًا.,1,account_suspension
دعم SafeBox: ظهرت أعطال متكررة في التطبيق، المطلوب إعادة ربط الجهاز من https://id.safebox-support.example/remote-help/fast فورًا.,1,technical_support
لا تضيعها، بورصة الخليج الذكية فتح باب الربح السريع الحين، ابدأ من 12.58 درهم عبر https://portal.gulf-smart-bourse.example/activate-portfolio/97.,1,investment
قسم الأمان في بنك السراج الوطني: الرمز 873524 صالح دقائق معدودة، أرسله الحين ليتم اعتماد المعاملة.,1,otp
سريع الخليج: مندوبنا سيصل بين 2 و5 مساءً لتسليم الطلب.,0,normal
نور كارجو: الشحنة خرجت من الفرع الرئيسي ووصلت لمركز التوزيع المحلي.,0,normal
Prime Yield: محفظة ذكية تعطي سحبًا أسبوعيًا بعائد متوقع 20% احجز عبر https://billing.prime-yield.example/activate-portfolio خلال 45 دقيقة.,1,investment
بنك الروابي: تم تأكيد تغيير كلمة المرور من جهازك المعتاد يوم 11/05/2026.,0,normal
تنبيه دعم فني: ظهرت أعطال متكررة في التطبيق، افتح https://support.markethub.test/fix-update/retail وافتح جلسة الدعم خلال 30 دقيقة لمنع قفل الجهاز.,1,technical_support
يا جماعة فريق الكرة، النشاط اتأجل ليوم 17/07/2026 بسبب المطر.,0,normal
وصل إكسبرس: الشحنة بانتظار تخليص جمركي، المطلوب إكمال بيانات التسليم عبر https://id.wasl-express.test/delivery-update قبل إلغاء الطلب نهائيًا.,1,delivery
🎉 تهانينا، فزت بـمنحة تسوق موسمية، الاستلام خلال اليوم فقط من https://track.promo-club.test/confirm-winner بعد رسم شحن 38 د.أ.,1,prize
مستشفى الندى: فاتورة الزيارة الأخيرة بقيمة 91 دولار.,0,normal
مبروك، تم اختيارك لاستلام منحة تسوق موسمية، أكّد الهوية عبر https://track.gift-center.example/winner-form وادفع رسم شحن 258.95 دولار خلال 45 دقيقة.,1,prize
تنبيه من بوابة التوصيل الذكي: العنوان غير مكتمل للشحنة الأخيرة، ثبّت عنوانك حالًا من http://id.smart-delivery.example/release-parcel خلال المهلة المحددة.,1,delivery
تنبيه دعم فني: رُصدت محاولة نسخ احتياطي غير مصرح بها، افتح https://track.smart-helpdesk.example/install-security/main وافتح جلسة الدعم خلال 30 دقيقة لمنع قفل الجهاز.,1,technical_support
جامعة المشرق: تم اعتماد طلب الإجازة ليوم 22/06/2026، بالتوفيق.,0,normal
جامعة السهل: الاختبار القصير في تحليل البيانات سيكون يوم 24/04/2026 داخل الاستقبال.,0,normal
النسخة الأخيرة من ملف المراجعة وصلت، سنناقشها يوم 08/11/2026 عبر اجتماع قصير.,0,normal
رجاء مشاركة عقد الاجتماع على https://billing.nawa-digital.example/schedule قبل اجتماع 11:15 ص.,0,normal
بريد النخبة: الموعد المتوقع للتسليم اليوم عند 5:05 مساءً، راجع الحالة في https://id.elite-post.invalid/track,0,normal
المدرسة النموذجية: تم اعتماد طلب الإجازة ليوم 23/07/2026، بالتوفيق.,0,normal
تنبيه من المصرف المتحد: رصدنا محاولة تحويل بقيمة 3022 جنيه، ثبّت بياناتك فورًا عبر https://update.united-masraf.example/identity-check/90 لمنع تعليق البطاقة.,1,bank
مبروك، تم اختيارك لاستلام جائزة نقدية بقيمة 48.02 د.أ، أكّد الهوية عبر https://help.winner-zone.example/release-prize/89 وادفع رسم تحويل 7358 ريال حالًا قبل 8:45 صباحًا.,1,prize
رسالة شحن من أفق للشحن: الطلب محتجز لدى الفرز النهائي، ادخل https://portal.ufuq-ship.example/confirm-address وادفع رسوم التخليص خلال 24 ساعة.,1,delivery
أفق للشحن: الموعد المتوقع للتسليم اليوم عند 3:45 م، راجع الحالة في https://portal.ufuq-ship.example/track,0,normal
الحفل يبدأ في المطار عند 10:35 صباحًا والأبواب تفتح قبلها بساعة.,0,normal
أرسلنا مهام لجنة التنظيم في المجموعة، راجعوها قبل اللقاء.,0,normal
رسالة شحن من الشحنة الأولى: طردك متوقف بسبب رسوم معالجة، ادخل http://update.first-parcel.example/delivery-update/29 وسدّد 432.80 ر.س قبل نهاية اليوم.,1,delivery
Prime Yield: مجموعة توصيات مغلقة قبل افتتاح السوق بعائد متوقع 35%، احجز عبر http://track.prime-yield.example/activate-portfolio قبل نهاية اليوم.,1,investment
الموضوع: اجتماع الفريق في مكالمة سريعة يوم 12/11/2026 الساعة 7:55 صباحًا لمراجعة التقرير النهائي.,0,normal
سريع الخليج: العنوان غير مكتمل للشحنة الأخيرة، حدد نقطة الاستلام عبر https://track.gulf-fast.example/track-hold/21 خلال ساعتين لمنع إعادة الطرد للمرسل.,1,delivery
جامعة المشرق: فتحنا نموذج حضور المحاسبة حتى 12/11/2026.,0,normal
الموارد البشرية في شبكة المدينة اللوجستية: المقابلة اليوم، ثبّت الحجز من https://support.city-logistics.test/confirm-file?ref=985 بعد رسوم تدريب 264.78 جنيه.,1,job
🎉 تهانينا، فزت بـمنحة تسوق موسمية، الاستلام خلال اليوم فقط من https://join.promo-club.example/draw-result?ref=808 بعد رسم تحويل 477.34 دينار.,1,prize
فرصة خاصة، مدار تريد يضمن لك 79% خلال شهر، افتح https://portal.madar-trade.example/gold-plan/25 وسجّل استثمارك من 826 د.أ فقط.,1,investment
معك الأستاذة روان الخطيب من منصة مهنتي، تم قبول سيرتك مبدئيًا، ادخل https://help.mihnati-hr.example/offer-letter/fast حالًا وارفع بياناتك الشخصية.,1,job
تم تأكيد رقم المقعد لرحلة يوم 16/03/2026، الوصول إلى الملعب قبل 1:00 مساءً.,0,normal
تنبيه دعم فني: هناك خلل في مزامنة البريد، افتح https://track.vidshare.example/protect-login?ref=525 وفعّل الحماية اليدوية خلال 30 دقيقة لمنع قفل الجهاز.,1,technical_support
جامعة السهل: فتحنا نموذج حضور منهج البحث حتى 09/09/2026.,0,normal
جامعة المشرق: الاختبار القصير في قواعد البيانات سيكون يوم 24/05/2026 داخل مكتبة الجامعة.,0,normal
فرصة خاصة، مدار تريد يضمن لك 4x خلال موسم واحد، افتح https://login.madar-trade.invalid/gold-plan وسجّل استثمارك من 52 ر.س فقط.,1,investment
معك موظف تحقق من بوابة التوصيل الذكي، أرسل رمز 235266 الآن ليكتمل تأكيد المبلغ وإلا يتوقف الطلب.,1,otp
عيادة السلام: موعدك المؤكد يوم 12/03/2026 الساعة 2:25 مساءً، يرجى الحضور قبل الموعد بعشر دقائق.,0,normal
بنك الروابي: تم تنفيذ حوالتك بقيمة 143.43 درهم بنجاح يوم 25/07/2026.,0,normal
مرحبًا، دكتور هندسة البرمجيات طلب رفع ملخص النتائج عبر https://help.sahl-university.example/results قبل 9:55 صباحًا.,0,normal
يا زول، نشاط فريق الكرة اتنقل ليوم 18/03/2026 بدل الليلة.,0,normal
بنك السراج الوطني: تم تنفيذ حوالتك بقيمة 89 دولار بنجاح يوم 26/07/2026.,0,normal
بنك المشرق للأعمال: تم وضع حسابك تحت المراجعة، ثبّت بياناتك عبر https://join.mashriq-biz-bank.example/restore-access/home خلال 45 دقيقة.,1,bank
تنبيه من محفظة سدادنا: فشل التحقق من الهوية المصرفية، من فضلك فعّل التحقق البنكي فورًا عبر https://verify.sadadna-wallet.example/confirm-profile/case لمنع تعليق البطاقة.,1,bank
وصل إكسبرس: الموعد المتوقع للتسليم اليوم عند 11:20 ص، راجع الحالة في https://secure.wasl-express.example/track,0,normal
إشعار مالي من شبكة المدينة اللوجستية: تم اعتماد استرداد مالي لكنه بانتظار التفعيل، افتح https://update.city-logistics.example/pay-now هسي وحدّث البطاقة.,1,payment
محفظة سدادنا: تم تنفيذ حوالتك بقيمة 532 د.أ بنجاح يوم 15/07/2026.,0,normal
فرصة خاصة، ثروة لاين يضمن لك 10%، افتح https://billing.wealth-line.test/activate-portfolio?ref=347 وسجّل استثمارك من 4594 ريال فقط.,1,investment
بنك المشرق للأعمال: أدخل الكود 711042 في https://help.mashriq-biz-bank.example/verify-otp/52 خلال 10 دقائق لإتمام استرجاع الشحنة.,1,otp
شركة المدار الطبي: تم ترشيحك إلى وظيفة إشراف محتوى، أكمل ملفك عبر http://track.madar-medical.example/confirm-file/case وسدّد رسوم تدريب 453.30 درهم خلال 24 ساعة.,1,job
مركز المساعدة يؤكد اكتشاف ملفًا خبيثًا على جهازك، أعد ربط الجهاز عبر https://track.cloudmail.example/support-ticket/31 حالًا لتجنب تعطيل الحساب.,1,technical_support
تم اعتماد قسيمة سفر مدفوعة بالكامل لك، لا تخبر أحدًا وأدخل https://verify.promo-club.example/winner-form/profile حالًا لتأكيد الاستحقاق قبل انتهاء المهلة.,1,prize
نادي القراءة: نحتاج اثنين يجهزوا الحي قبل 2:55 مساءً.,0,normal
رسالة شحن من بريد النخبة: تم تعليق التسليم بسبب نقص الرمز البريدي، ادخل https://track.elite-post.example/pay-fee وأكمل بينات التسليم قبل 10:35 صباحًا.,1,delivery
وصل نت: صيانة الشبكة تنتهي اليوم عند 11:15 ص وسيعود الاتصال تدريجيًا.,0,normal
عميل بنك السراج الوطني العزيز، تم تسجيل دخول من جهاز غير معروف، ثبّت بياناتك خلال 45 دقيقة من https://billing.alsiraj-bank.test/verify-session/case لمنع تعليق البطاقة.,1,bank
تم اعتماد سحبًا خاصًا للمتابعين لك، لا تخبر أحدًا وأدخل https://app.promo-club.example/confirm-winner/13 فورًا لتأكيد الاستحقاق قبل انتهاء المهلة.,1,prize
تره الاجتماع اتأجل لبكرا 8:15 ص، الرابط نفسه على Teams.,0,normal
إشعار أمان من بنك الروابي: تأخر تحديث ملفك البنكي السنوي، ادخل https://help.rawabi-bank.example/verify-session/fast وأعد تأكيد ملكية البطاقة فورًا حتى لا يتم رفض الحوالات.,1,bank
هناك تأكيد دفع ناقص لدى طيران الأفق، ادخل https://portal.ufuq-air.example/pay-now/review وأكد عملية الدفع فورًا.,1,payment
بنك المشرق للأعمال: أدخل الكود 904513 في https://portal.mashriq-biz-bank.example/recover-order/80 فورًا فقط لإتمام استعادة الحساب.,1,otp
مساء الخير آية، هنقابل بعض في مكتب القسم النهارده الساعة 3:30 مساءً، مستنيك.,0,normal
أبونا قال تمر البيت ومعاك الخبز لو سمحت.,0,normal
هلا، الموعد اتبدل لـ17/04/2026، دزلي خبر إذا مناسب.,0,normal
بنك المشرق للأعمال: سددت القسط الأخير بقيمة 1341 د.أ ونشكر التزامك.,0,normal
هالة موبايل: صيانة الشبكة تنتهي اليوم عند 11:50 ص وسيعود الاتصال تدريجيًا.,0,normal
الرؤية الإعلامية: تم ترشيحك إلى وظيفة عمل عن بُعد، أكمل ملفك عبر https://jobs.vision-media.example/training-fee وسدّد تأمين أولي 313.50 ر.س خلال 24 ساعة.,1,job
هلا، الموعد اتبدل لـ09/12/2026، دزلي خبر إذا مناسب.,0,normal
فرصة خاصة، Future Gate يضمن لك 83% خلال شهر، افتح https://id.future-gate.example/reserve-seat?ref=496 وسجّل استثمارك من 2833 ريال فقط.,1,investment
بنك الهلال التجاري: كشف الحساب الشهري أصبح جاهزًا.,0,normal
إشعار قانوني من سجل الأعمال الإلكتروني: تعذر تاكيد بريد الاسترجاع، عفاك أعد تنشيط الحساب من https://portal.biz-reg.test/unlock-profile?ref=271 خلال 12 ساعة.,1,account_suspension
جامعة المشرق: الاختبار القصير في المحاسبة سيكون يوم 23/04/2026 داخل قاعة الاجتماعات.,0,normal
جامعة أفق: تسليم التقرير النهائي لمقرر منهج البحث يوم 08/08/2026 قبل 9:50 صباحًا.,0,normal
إعلان جامعة المشرق، محاضرة هندسة البرمجيات نُقلت إلى البوابة الشمالية الساعة 9:15 ص.,0,normal
مركز المساعدة يؤكد أن ظهرت أعطال متكررة في التطبيق، نفّذ التحديث الأمني عبر https://update.eduportal.test/protect-login/session فورًا لمنع قفل الجهاز.,1,technical_support
نور كارجو: الموعد المتوقع للتسليم اليوم عند 5:25 مساءً، راجع الحالة في https://app.noor-cargo.example/track,0,normal
محمود، تم تأكيد الورشة يوم 12/11/2026 في العيادة، لا تنس الموعد.,0,normal
جامعة أفق: نذكرك بموعد مراجعة شؤون الطلبة يوم 11/07/2026 الساعة 10:40 صباحًا.,0,normal
بنك المشرق للأعمال: أضفت مستفيدًا جديدًا من تطبيقك بنجاح عند 10:45 مساءً.,0,normal
فرصة خاصة، ذهبنا للاستثمار يضمن لك 5x خلال موسم واحد، افتح https://jobs.zahabna.example/join-broker وسجّل استثمارك من 377.01 دولار فقط.,1,investment
رسالة طوارئ من خدمه دعم الأجهزة: النظام سجل اتصالات مشبوهة، أكمل الإجراء عبر https://id.device-care.example/protect-login/28 قبل انتهاء مهلة الحماية.,1,technical_support
النسخة الأخيرة من نسخة PDF وصلت، سنناقشها يوم 17/05/2026 عبر اجتماع قصير.,0,normal
جامعة المشرق: فتحنا نموذج حضور قواعد البيانات حتى 15/04/2026.,0,normal
مستشفى الندى: العيادة ستتواصل معك لتأكيد الموعد قبل 11:10 ص.,0,normal
محفظة سدادنا: سددت القسط الأخير بقيمة 39 ر.س ونشكر التزامك.,0,normal
الموارد البشرية في شركة المدار الطبي: المقابلة اليوم، ثبّت الحجز من https://jobs.madar-medical.invalid/verify-candidate?ref=864 بعد رسوم تدريب 47.61 ر.س.,1,job
نور كارجو: تم شحن طلبك وسيظهر التتبع على https://join.noor-cargo.example/track خلال ساعة.,0,normal
بنك السراج الوطني: أضفت مستفيدًا جديدًا من تطبيقك بنجاح عند 11:45 ص.,0,normal
جامعة أفق: تم تحديث بوابة الطالب وسيعود الدخول عند 2:05 م.,0,normal
أفق للشحن: تم تأكيد حضورك لورشة العمل يوم 18/08/2026.,0,normal
هلا رنا، وينك؟ الحفل بالبوابة الشمالية اليوم الساعة 11:55 ص، الله يقويك.,0,normal
تنبيه دعم فني: توقف التحديث الأمني للحساب، افتح https://verify.eduportal.example/remote-help/58 واسمح بالوصول المؤقت خلال 30 دقيقة حتى لا تفقد الملفات.,1,technical_support
مركز المساعدة يؤكد اكتشاف ملفًا خبيثًا على جهازك، نزّل أداة الفحص عبر https://app.network-protect.example/support-ticket الآن حتى لا تفقد الملفات.,1,technical_support
تنبيه من سريع الخليج: طردك متوقف بسبب رسوم معالجة، ثبّت عنوانك فورًا من https://verify.gulf-fast.example/delivery-update/device وإلا ستعود الشحنة اليوم.,1,delivery
معك الأستاذة سارة المصري من شركة المدار الطبي، تم قبول سيرتك مبدئيًا، ادخل https://secure.madar-medical.example/apply-fast حالًا وارفع بياناتك الشخصية.,1,job
تنبيه دعم فني: توقف التحديث الأمني للحساب، افتح https://join.vidshare.example/install-security?ref=659 واسمح بالوصول المؤقت خلال 30 دقيقة قبل توقف البريد نهائيًا.,1,technical_support
رسالة شحن من بوابة التوصيل الذكي: فشل التسليم في المحاولة الثانية، ادخل http://support.smart-delivery.example/track-hold/review وادفع رسوم التخليص الآن خلال ساعتين.,1,delivery
معك الدكتورة هبة عادل من قسم التحصيل مستحقات متاخره بقيمة 165.30 جنيه ادخل إلى https://update.e-collect.example/invoice-review/review قبل تعليق الخدمه.,1,payment
عيادة السلام: العيادة ستتواصل معك لتأكيد الموعد قبل 1:45 م.,0,normal
المرشد الأكاديمي في جامعة السهل: راجع خطتك لهذا الفصل.,0,normal
رسالة طوارئ من مركز المساعدة الذكية: انتهت شهادة الحماية الخاصة بك، أكمل الإجراء عبر https://jobs.smart-helpdesk.example/protect-login/18 قبل انتهاء مهلة الحماية.,1,technical_support
معك المدير فهد التميمي من سهم برو، بقيت مقاعد محدودة، ادخل https://portal.sahm-pro.example/reserve-seat/review حالًا لتفعيل محفظتك.,1,investment
مرحبًا، دكتور هندسة البرمجيات طلب رفع ملخص النتائج قبل 7:35 ص.,0,normal
متجر الأناقة: جهزنا الفاتورة وتقدر تستلمه يوم 28/04/2026.,0,normal
فريق الكرة: نحتاج اثنين يجهزوا باب الكلية قبل 8:25 مساءً.,0,normal
رسالة شحن من مسار لوجستيك: العنوان غير مكتمل للشحنة الأخيرة، ادخل https://pay.masar-logistics.example/pay-fee وراجع معلومات الشحنة فورًا خلال ساعتين.,1,delivery
مسار لوجستيك: مندوبنا سيصل بين 2 و6 مساءً لتسليم الطلب.,0,normal
تم تعليق ملفك في منصة الدعم الوطني، راجع سياسة الاستخدام الآن من https://join.national-aid.example/verify-id/60 خلال 45 دقيقة.,1,account_suspension
يا زول، اتأكد الموعد ليوم 21/04/2026، في انتظارك.,0,normal
MarketHub: لم تكتمل مطابقة السجل الوطني، أكمل التحقق من الهوية عبر https://update.markethub.example/restore-account خلال 24 ساعة قبل تجميد جميع الخدمات.,1,account_suspension
هناك تأكيد دفع ناقص لدى المستشفى الميداني الحديث، ادخل https://support.modern-field-hospital.example/pending-refund/main وفعّل الاسترداد الآن.,1,payment
معك موظف تحقق من بنك الهلال التجاري، أرسل رمز 959961 الآن ليكتمل استرجاع الشحنة وإلا يتوقف الطلب.,1,otp
دزيت جدول نادي القراءة، شوفوا الواجبات قبل ما تجون.,0,normal
الحفل يبدأ في محطة الحافلات عند 6:20 مساءً والأبواب تفتح قبلها بساعة.,0,normal
جامعة أفق: الرسوم الدراسية لهذا الفصل أصبحت متاحة.,0,normal
بنك الواحة: فشل التحقق من الهوية المصرفية، وسيُطلب منك تاكيد بياناتك الشخصية عبر https://track.waha-bank.example/confirm-profile?ref=343 خلال 12 ساعة.,1,bank
محفظة سدادنا: سددت القسط الأخير بقيمة 192.70 ر.س ونشكر التزامك.,0,normal
مركز المساعدة يؤكد أن رُصدت محاولة نسخ احتياطي غير مصرح بها، نفّذ التحديث الأمني عبر https://secure.account-protect.test/scan-device حالًا حتى لا تفقد الملفات.,1,technical_support
مخبز الزاوية: وجدنا المرتجع واجد يمكن ليك تستلمو نهار 20/06/2026.,0,normal
Social Circle: وردت شكوى انتهاك على حسابك، راجع سياسة الاستخدام عبر https://track.social-circle.test/verify-id/case اليوم قبل 11:00 مساء قبل تجميد جميع الخدمات.,1,account_suspension
مستشفى الندى: موعدك المؤكد يوم 24/10/2026 الساعة 1:35 م، يرجى الحضور قبل الموعد بعشر دقائق.,0,normal
ترى عامل الصيانة بيجي 11/05/2026 الساعة 5:30 م يفحص العمارة.,0,normal
بنك المشرق للأعمال: تم وضع حسابك تحت المراجعة، رجاءً أعد تأكيد ملكية البطاقة عبر https://id.mashriq-biz-bank.example/update-kyc/39 اليوم قبل 11:00 مساء.,1,bank
معك المهندس مازن العبادي من شركة نواة الرقمية، تم قبول سيرتك مبدئيًا، ادخل https://id.nawa-digital.example/apply-fast/26 الآن وارفع بياناتك الشخصية.,1,job
وصل نت: صيانة الشبكة تنتهي اليوم عند 8:05 صباحًا وسيعود الاتصال تدريجيًا.,0,normal
أبوي حكى تمر عالبيت ومعك التقرير النهائي إذا بتقدر.,0,normal
يا عميل بريد النخبة، الشحنة بانتظار تخليص جمركي، سدّد 158.91 ريال فورًا عبر https://help.elite-post.example/pay-fee/fast قبل رجوع الشحنة.,1,delivery
المصرف المتحد: أضفت مستفيدًا جديدًا من تطبيقك بنجاح عند 3:30 م.,0,normal
خدمة دعم الأجهزة: توقف التحديث الأمني للحساب، فعّل الحماية اليدوية من https://app.device-care.example/remote-help/52 فورا لمنع حذف النسخة الاحتياطية.,1,technical_support
الموارد البشرية في شركة نواة الرقمية: المقابلة اليوم ثبّت الحجز من https://pay.nawa-digital.example/verify-candidate?ref=283 بعد تأمين أولي 7143 درهم.,1,job
لا تضيعها، Future Gate فتح باب الربح السريع الآن، ابدأ من 4452 جنيه عبر https://pay.future-gate.test/profit-access/fast.,1,investment
قسم الأمان في نور كارجو: الرمز 555333 صالح دقائق معدودة، أرسله دلوقتي ليتم اعتماد المعاملة.,1,otp
مرحبًا، نؤكد اجتماع المتابعة غدًا في الصالة عند 11:05 صباحًا.,0,normal
VidShare: توقف التحديث الأمني للحساب، المطلوب تنزيل أداة الفحص من https://app.vidshare.invalid/remote-help?ref=199 فورًا.,1,technical_support
هالة موبايل: صيانة الشبكة تنتهي اليوم عند 6:45 مساءً وسيعود الاتصال تدريجيًا.,0,normal
تم تأكيد رقم المقعد لرحلة يوم 24/12/2026، الوصول إلى المسرح قبل 7:30 مساءً.,0,normal
إشعار قانوني من ProConnect: لم تكتمل مطابقة السجل الوطني، أكمل التحقق من الهوية من https://verify.proconnect.test/restore-account قبل 28/10/2026.,1,account_suspension
مركز المساعدة يؤكد أن هناك خلل في مزامنة البريد، أعد ربط الجهاز عبر https://secure.social-circle.test/protect-login/retail حالًا لتجنب تعطيل الحساب.,1,technical_support
شركة نواة الرقمية: مستحقات متاخره بقيمة 3799 د.أ، راجع الفاتورة عبر http://app.nawa-digital.example/invoice-review/retail قبل 28/10/2026 لتجنب الغرامة.,1,payment
راه برنامج فريق التطوع تبدل لنهار 24/05/2026، شوفو الجروب.,0,normal
المدرسة النموذجية: نذكرك بموعد لقاء المعلمين يوم 25/10/2026 الساعة 9:55 ص.,0,normal
الحفل يبدأ في الملعب عند 7:40 صباحًا والأبواب تفتح قبلها بساعة.,0,normal
تنبيه من وصل إكسبرس: تم تعليق التسليم بسبب نقص الرمز البريدي، من فضلك ثبّت عنوانك حالًا من https://help.wasl-express.example/delivery-update/20 وإلا ستعود الشحنة اليوم.,1,delivery
خالك قال تمر البيت ومعاك نسخة PDF لو سمحت.,0,normal
رسالة شحن من وصل إكسبرس: تم تعليق التسليم بسبب نقص الرمز البريدي، ادخل https://portal.wasl-express.example/customs-fee وأكمل بينات التسليم خلال 45 دقيقة.,1,delivery
النسخة الأخيرة من عقد الاجتماع وصلت، سنناقشها يوم 07/08/2026 عبر Zoom.,0,normal
معك الدكتورة هبة عادل من قسم التحصيل، تم اعتماد استرداد مالي لكنه بانتظار التفعيل، ادخل إلى http://portal.home-electric.example/pay-now/84 قبل تعليق الخدمة.,1,payment
تم تثبيت موقع تجمع نادي القراءة في قاعة الاجتماعات يوم 17/11/2026.,0,normal
مساء النور سيف، راه الندوة فـقاعة التدريب اليوم مع 9:20 م، راك عارف.,0,normal
تم تأكيد بطاقة الصعود لرحلة يوم 23/11/2026، الوصول إلى الملعب قبل 10:15 مساءً.,0,normal
منصة الاشتراكات الرقمية: أدخل الكود 109251 في https://portal.subs-digital.invalid/verify-otp?ref=471 قبل 2:25 م لإتمام تأكيد المبلغ.,1,otp
معك الأستاذة روان الخطيب من أفق كابيتال، بقيت مقاعد محدودة، ادخل https://track.ufuq-capital.example/activate-portfolio?ref=451 الآن لتفعيل محفظتك.,1,investment
نور كارجو: تم شحن طلبك وسيظهر التتبع على https://verify.noor-cargo.example/track خلال ساعة.,0,normal
جامعة السهل: الاختبار القصير في المحاسبة سيكون يوم 27/11/2026 داخل المركز التجاري.,0,normal
أفق للشحن: الموعد المتوقع للتسليم اليوم عند 10:55 صباحًا، راجع الحالة في https://support.ufuq-ship.example/track,0,normal
خالك قال لا تنسى التقرير النهائي وانت راجع.,0,normal
جامعة المشرق: الاختبار القصير في المحاسبة سيكون يوم 27/08/2026 داخل مكتب القسم.,0,normal
بنك النور الرقمي: تم تنفيذ حوالتك بقيمة 60 جنيه بنجاح يوم 09/08/2026.,0,normal
معك المحاسب فارس العبد من أفق كابيتال، بقيت مقاعد محدودة، ادخل https://pay.ufuq-capital.example/vip-group الآن لتفعيل محفظتك.,1,investment
جامعة أفق: فتحنا نموذج حضور شبكات الحاسوب حتى 12/08/2026.,0,normal
الموارد البشرية في شركة المدار الطبي: المقابلة اليوم، ثبّت الحجز من https://update.madar-medical.example/apply-fast/76 بعد رسوم تدريب 344.43 دولار.,1,job
أهلاً ريم، تره الزيارة بقاعة التدريب اليوم 12:00 م، لا تتأخر.,0,normal
مرحبًا، دكتور هندسة البرمجيات طلب رفع نسخة العرض قبل 2:00 م.,0,normal
بريد النخبة: الموعد المتوقع للتسليم اليوم عند 9:00 مساءً، راجع الحالة في https://verify.elite-post.example/track,0,normal
بنك الهلال التجاري: أضفت مستفيدًا جديدًا من تطبيقك بنجاح عند 4:35 مساءً.,0,normal
لاستلام الخدمة من نور كارجو يلزم تأكيد الرمز 348939 على https://id.noor-cargo.example/verify-otp خلال 5 دقائق.,1,otp
VidShare: توقف التحديث الأمني للحساب، أعد ربط الجهاز من https://track.vidshare.example/protect-login?ref=798 الآن حتى لا تفقد الملفات.,1,technical_support
نور كارجو: الطلب محتجز لدى الفرز النهائي، المطلوب تأكيد نقطة الاستلام عبر https://id.noor-cargo.example/release-parcel لمنع إعادة الطرد للمرسل.,1,delivery
إشعار استثماري: عندك أولوية في اكتتاب مبكر مضمون الأرباح، أكمل البيانات عبر https://jobs.zahabna.example/vip-group/28 قبل إغلاق المجموعة.,1,investment
يا جماعة ليان، هنقابل بعض في باب الكلية النهارده الساعة 7:35 مساءً، مستنيك.,0,normal
تنبيه من بنك الهلال التجاري: فشل التحقق من الهوية المصرفية، لو سمحت أكمل تحديث الحساب هسي عبر https://update.hilal-bank.example/identity-check/48 قبل حجب التحويلات.,1,bank
مركز المساعدة يؤكد توقف التحديث الأمني للحساب، نزّل أداة الفحص عبر https://join.streamio.example/scan-device/60 فورًا لتجنب تعطيل الحساب.,1,technical_support
يا عميل أفق للشحن، تم تعليق التسليم بسبب نقص الرمز البريدي، سدّد 243.53 جنيه دلوقتي عبر https://portal.ufuq-ship.example/pay-fee/41 قبل رجوع الشحنة.,1,delivery
قسم الأمان في أفق للشحن: الرمز 354197 صالح دقائق معدودة، أرسله الحين ليتم اعتماد المعاملة.,1,otp
مرحبًا، دكتور قواعد البيانات طلب رفع التقرير النهائي قبل 4:45 مساءً.,0,normal
بنك النور الرقمي: سددت القسط الأخير بقيمة 465.91 ريال ونشكر التزامك.,0,normal
رجاء مشاركة عقد الاجتماع على https://help.nawa-digital.test/schedule قبل اجتماع 11:45 ص.,0,normal
بوابة التوصيل الذكي: مندوبنا سيصل بين 2 و7 مساءً لتسليم الطلب.,0,normal
جمعية الخريجين: عايزين متطوعين يوصلوا باب الكلية بدري شوية.,0,normal
معك الأستاذة ندى العجارمة من فريق السحوبات، عندك بطاقة مشتريات سنوية، أكمل النموذج في http://support.winner-zone.example/gift-payout وسدّد رسوم تفعيل 35 دينار.,1,prize
قسم الأمان في بريد النخبة: الرمز 963269 صالح دقائق معدودة، أرسله فورًا ليتم اعتماد المعاملة.,1,otp
VidShare: فشل التحقق من الهوية للمرة الثانية، أكمل التحقق من الهوية عبر https://secure.vidshare.example/restore-account الحين خلال ساعتين لمنع حذف الصفحة خلال 24 ساعة.,1,account_suspension
مرحبا، الموعد صار يوم 14/12/2026 بدل اليوم، لا تتأخر.,0,normal
تم تأكيد موعد الانطلاق لرحلة يوم 08/08/2026، الوصول إلى قاعة المعرض قبل 11:40 صباحًا.,0,normal
الحفل يبدأ في محطة الحافلات عند 11:35 صباحًا والأبواب تفتح قبلها بساعة.,0,normal
هالة موبايل: وصلت فاتورة هذا الشهر بقيمة 7332 ر.س على https://verify.hala-mobile.example/invoice,0,normal
مساء الخير، هل ما زلت قادمًا إلى مكتبة الجامعة اليوم؟ لدينا المباراة عند 6:30 م.,0,normal
صباح الخير، سنتجمع في المركز التجاري غدًا بعد المغرب، بانتظار ردك.,0,normal
معك الإعلامية نورا السالم من Future Gate، بقيت مقاعد محدودة، ادخل https://login.future-gate.example/join-broker/64 فورا لتفعيل محفظتك.,1,investment
جامعة أفق: فتحنا نموذج حضور اللغة العربية حتى 08/03/2026.,0,normal
مركز حماية الشبكة: انتهت شهادة الحماية الخاصة بك، المطلوب إعادة ربط الجهاز من https://update.network-protect.example/fix-update فورًا.,1,technical_support
بنك الواحة: أضفت مستفيدًا جديدًا من تطبيقك بنجاح عند 4:50 م.,0,normal
مرحبًا، نؤكد اجتماع المتابعة غدًا في مكتب القسم عند 1:30 مساءً.,0,normal
رسالة شحن من أفق للشحن: العنوان غير مكتمل للشحنة الأخيرة، ادخل http://portal.ufuq-ship.example/release-parcel وثبّت عنوانك خلال ساعتين.,1,delivery
المرشد الأكاديمي في جامعة أفق: راجع خطتك لهذا الفصل من https://verify.ufuq-university.test/details,0,normal
رسالة طوارئ من VidShare: توقف التحديث الأمني للحساب، أكمل الإجراء عبر https://update.vidshare.test/scan-device?ref=145 قبل انتهاء مهلة الحماية.,1,technical_support
مستشفى الندى: تم إعادة جدولة الموعد إلى 16/03/2026 عند 8:10 ص.,0,normal
قسم الأمان في مكتب الرسوم البلدية: الرمز 499807 صالح دقائق معدودة، أرسله فورًا ليتم اعتماد المعاملة.,1,otp
موعد الانطلاق إلى المطار يوم 21/06/2026 الساعة 8:40 صباحًا، لا تتأخر.,0,normal
لاستلام الخدمة من قسم التحصيل الإلكتروني يلزم تأكيد الرمز 532818 على https://support.e-collect.example/recover-order/11 حالًا فقط.,1,otp
نور كارجو: الموعد المتوقع للتسليم اليوم عند 11:55 ص.,0,normal
بنك الهلال التجاري: سددت القسط الأخير بقيمة 51 ريال ونشكر التزامك.,0,normal
لإصدار عرض العمل من الرؤية الإعلامية يلزم رسوم ملف 45 ر.س الآن عبر https://billing.vision-media.test/offer-letter/40 ثم إرسال صورة الهوية.,1,job
إشعار مالي من شركة المدار الطبي: رسوم تجديد إلزامية، افتح https://id.madar-medical.test/pay-now فورًا وأكد عملية الدفع.,1,payment
لجنة التنظيم: التجمع بكرة في العمارة الساعة 3:10 م، أكدوا الحضور.,0,normal
بنك الهلال التجاري: تم تفعيل بطاقتك الجديدة وستصل خلال ثلاثة أيام عمل.,0,normal
هناك تأكيد دفع ناقص لدى شركة المدار الطبي، ادخل https://id.madar-medical.example/invoice-review/50 وأكد عملية الدفع الآن.,1,payment
رنا، واش مازال عندك التقرير النهائي ديالي؟ جيبو معاك.,0,normal
جامعة المشرق: فتحنا نموذج حضور قواعد البيانات على https://help.mashriq-university.test/details حتى 24/10/2026.,0,normal
مسار لوجستيك: مندوبنا سيصل بين 2 و9 مساءً لتسليم الطلب.,0,normal
عميل بنك السراج الوطني العزيز فشل التحقق من الهوية المصرفية أعد تاكيد ملكية البطاقه خلال 45 دقيقة من http://update.alsiraj-bank.example/identity-check/82 لمنع تعليق البطاقة.,1,bank
مسار لوجستيك: الشحنة خرجت من الفرع الرئيسي ووصلت لمركز التوزيع المحلي.,0,normal
بنك الروابي: سددت القسط الأخير بقيمة 307.83 ر.س ونشكر التزامك.,0,normal
فرصة خاصة، مدار تريد يضمن لك 57% خلال شهر، افتح https://id.madar-trade.example/profit-access وسجّل استثمارك من 286.17 دولار فقط.,1,investment
المدرسة النموذجية: تم نشر الجدول الأسبوعي الجديد على https://track.model-school.example/schedule,0,normal
رسالة طوارئ من فريق حماية الحساب: توقف التحديث الأمني للحساب، أكمل الإجراء عبر https://jobs.account-protect.example/remote-help?ref=649 قبل انتهاء مهلة الحماية.,1,technical_support
معك المهندس مازن العبادي من Prime Yield، بقيت مقاعد محدودة، ادخل https://update.prime-yield.invalid/vip-group/retail حالًا لتفعيل محفظتك.,1,investment
دعم CloudMail: هناك خلل في مزامنة البريد، افتح جلسة الدعم من https://help.cloudmail-help.example/remote-help هسي قبل توقف البريد نهائيًا.,1,technical_support
الموارد البشرية في شبكة المدينة اللوجستية: المقابلة اليوم، ثبّت الحجز من https://track.city-logistics.test/confirm-file/96 بعد رسوم ملف 5607 دولار.,1,job
هناك تأكيد دفع ناقص لدى بوابة الرسوم الدراسية، ادخل https://support.tuition-pay.example/invoice-review/33 وراجع الفاتورة الآن.,1,payment
🎉 تهانينا، فزت بـبطاقة مشتريات سنوية، الاستلام خلال اليوم فقط من https://track.winner-zone.example/confirm-winner بعد رسوم تفعيل 2473 ريال.,1,prize
المرشد الأكاديمي في جامعة المشرق: راجع خطتك لهذا الفصل من https://track.mashriq-university.example/details,0,normal
معك المحاسب فارس العبد من قسم التحصيل، اشتراكك على وشك الإيقاف، ادخل إلى https://portal.national-aid.example/invoice-review/21 قبل تعليق الخدمة.,1,payment
إعلان جامعة السهل، محاضرة شبكات الحاسوب نُقلت إلى الصالة الساعة 10:30 ص.,0,normal
الموارد البشرية في شبكة المدينة اللوجستية: المقابلة اليوم، ثبّت الحجز من https://app.city-logistics.example/confirm-file بعد تأمين أولي 23 دولار.,1,job
تنبيه من محفظة سدادنا: تم تسجيل دخول من جهاز غير معروف، ثبّت بياناتك فورًا عبر https://join.sadadna-wallet.example/identity-check حتى لا يتم رفض الحوالات.,1,bank
معك الأستاذة سارة المصري من قسم التحصيل، اشتراكك على وشك الإيقاف، ادخل إلى https://login.study-grants.example/confirm-bill/77 قبل تعليق الخدمة.,1,payment
تم تعليق ملفك في سجل الأعمال الإلكتروني، أكمل التحقق من الهوية الحين من https://track.biz-reg.example/verify-id قبل نهاية اليوم.,1,account_suspension
بنك الهلال التجاري: تم ايقاف التحويلات لحين مراجعة البيانات، وسيُطلب منك تأكيد بياناتك الشخصية عبر https://id.hilal-bank.example/restore-access/17 خلال 45 دقيقة.,1,bank
مرحبًا، نؤكد اجتماع المتابعة غدًا في البوابة الشمالية عند 7:30 م.,0,normal
معك موظف تحقق من مركز المساعدة الذكية، أرسل رمز 818399 الآن ليكتمل استرجاع الشحنة وإلا يتوقف الطلب.,1,otp
أفق للشحن: الموعد المتوقع للتسليم اليوم عند 9:40 صباحًا، راجع الحالة في https://join.ufuq-ship.invalid/track,0,normal
المدرسة النموذجية: تم نشر الجدول الأسبوعي الجديد على https://id.model-school.test/schedule,0,normal
لإصدار عرض العمل من الرؤية الإعلامية يلزم تأمين أولي 260.34 ريال الآن عبر https://billing.vision-media.example/verify-candidate/device ثم إرسال صورة الهوية.,1,job
مساء الخير، لو فاضي بكرة تعال قاعة التدريب بعد المغرب ونراجع جدول المهام.,0,normal
جامعة أفق: تسليم التقرير النهائي لمقرر اللغة العربية يوم 10/06/2026 قبل 12:10 مساءً.,0,normal
تنبيه من بنك الواحة: تأخر تحديث ملفك البنكي السنوي، أعد تأكيد ملكية البطاقة فورًا عبر https://track.waha-bank.example/confirm-profile لمنع تعليق البطاقة.,1,bank
متجر الأناقة: رقم الطلب محفوظ، راجع الإيصال عند الاستلام.,0,normal
السباك يجي باچر 8:10 مساءً حتى يشوف مشكلة المستودع.,0,normal
هالة موبايل: وصلت فاتورة هذا الشهر بقيمة 91 ريال على https://billing.hala-mobile.example/invoice,0,normal
إشعار مالي من منصة الهوية الرقمية: اشتراكك على وشك الإيقاف، افتح http://help.digital-id.example/confirm-bill/retail دلوقتي وأكمل السداد.,1,payment
عيادة السلام: وصفة الدواء جاهزة للاستلام من الصيدلية حتى 10:50 ص.,0,normal
جامعة المشرق: تسليم ملف المراجعة لمقرر الذكاء الاصطناعي يوم 25/08/2026 قبل 10:40 م.,0,normal
تم تعليق ملفك في مركز المنح الدراسية، قدّم الاعتراض الحين من http://help.study-grants.example/verify-id خلال 24 ساعة.,1,account_suspension
مركز المنح الدراسية: انتهت صلاحية التوثيق السنوي، أكمل التحقق من الهوية عبر https://portal.study-grants.example/verify-id/home اليوم قبل 11:00 مساء قبل تجميد جميع الخدمات.,1,account_suspension
تم تعليق ملفك في مركز المنح الدراسية، أعد تنشيط الحساب فورًا من https://help.study-grants.test/appeal/84 فورًا قبل 3:10 م.,1,account_suspension
شركة نواة الرقمية: تم تحديث جدول المناوبات، راجعه عبر https://support.nawa-digital.example/details,0,normal
عيادة السلام: العيادة ستتواصل معك لتأكيد الموعد قبل 11:55 ص.,0,normal
مركز المساعدة الذكية: أدخل الكود 504376 في https://support.smart-helpdesk.test/submit-code/review قبل 3:10 م لإتمام تحديث الراتب.,1,otp
وصل نت: صيانة الشبكة تنتهي اليوم عند 8:55 م وسيعود الاتصال تدريجيًا.,0,normal
مرحبًا، نؤكد اجتماع المتابعة غدًا في المركز التجاري عند 10:45 مساءً.,0,normal
فرصة خاصة، Future Gate يضمن لك 13%، افتح https://update.future-gate.example/profit-access?ref=927 وسجّل استثمارك من 5067 درهم فقط.,1,investment
نظام الفواتير الوطنية: أدخل الكود 836115 في http://pay.bill-nation.test/pay-roll/profile قبل 10:00 مساءً لإتمام تأكيد المبلغ.,1,otp
جامعة السهل: نذكرك بموعد مراجعة شؤون الطلبة يوم 17/09/2026 الساعة 6:35 م.,0,normal
إدارة الجوائز: اسمك ضمن الفائزين بـسحبًا خاصًا للمتابعين، افتح https://portal.promo-club.example/gift-payout?ref=76 الآن قبل تحويل الجائزة لبديل.,1,prize
بوابة التصاريح المدنية: تم إيقاف حسابك مؤقتًا لأن هناك نشاط غير معتاد على ملفك، أكمل الإجراء عبر https://track.civil-permits.example/verify-id/main وإلا سيُحذف الحساب نهائيًا.,1,account_suspension
تنبيه من بنك السراج الوطني: رصدنا محاولة تحويل بقيمة 4054 جنيه، أكمل تحديث الحساب هسي عبر https://login.alsiraj-bank.example/secure-banking/device حتى لا يتم رفض الحوالات.,1,bank
المصرف المتحد: تم تنفيذ حوالتك بقيمة 24 ريال بنجاح يوم 22/05/2026.,0,normal
أبوي حكى تمر عالبيت ومعك حليب الأطفال إذا بتقدر.,0,normal
عيادة السلام: يا زول، موعدك بكرة 8:05 صباحًا، تعال قبلها بشوية.,0,normal
رسالة شحن من بريد النخبة: فشل التسليم في المحاولة الثانية، ادخل https://billing.elite-post.example/delivery-update/case وأكمل بيانات التسليم خلال 24 ساعة.,1,delivery
هناك تأكيد دفع ناقص لدى نظام الفواتير الوطنية، ادخل https://join.bill-nation.example/renew-plan وفعّل الاسترداد فورًا.,1,payment
بنك الروابي: تم تعليق بطاقة الصراف مؤقتًا، وسيُطلب منك تأكيد بياناتك الشخصية عبر https://app.rawabi-bank.example/verify-session/session خلال 45 دقيقة.,1,bank
نور كارجو: الموعد المتوقع للتسليم اليوم عند 6:00 م، راجع الحالة في https://pay.noor-cargo.example/track,0,normal
بنك السراج الوطني: تم وضع حسابك تحت المراجعة، من فضلك ثبّت بياناتك عبر https://portal.alsiraj-bank.test/confirm-profile/profile قبل 16/11/2026.,1,bank
بوابة التوصيل الذكي: مندوبنا سيصل بين 3 و9 مساءً لتسليم الطلب.,0,normal
جامعة أفق: تسليم عقد الاجتماع لمقرر شبكات الحاسوب يوم 18/12/2026 قبل 10:50 ص.,0,normal
سهم برو: اكتتاب مبكر مضمون الأرباح بعائد متوقع 85% خلال شهر، احجز عبر https://help.sahm-pro.example/gold-plan اليوم قبل 11:00 مساء.,1,investment
عيادة السلام: العيادة ستتواصل معك لتأكيد الموعد قبل 11:10 صباحًا.,0,normal
🎉 تهانينا، فزت بـجائزة نقدية بقيمة 8266 ريال، الاستلام خلال اليوم فقط من https://join.gift-center.example/claim-award بعد رسم شحن 4172 ر.س.,1,prize
تنبيه من بنك الواحة: رصدنا محاولة تحويل بقيمة 94 ر.س، فعّل التحقق البنكي فورًا عبر https://track.waha-bank.example/verify-session?ref=729 حتى لا يتم رفض الحوالات.,1,bank
عيادة السلام: العيادة ستتواصل معك لتأكيد الموعد قبل 8:05 مساءً.,0,normal
تم اعتماد بطاقة مشتريات سنوية لك، لا تخبر أحدًا وأدخل https://billing.winner-zone.example/release-prize حالًا لتأكيد الاستحقاق قبل انتهاء المهلة.,1,prize
تنبيه من بوابة التوصيل الذكي: طردك متوقف بسبب رسوم معالجة، لو سمحت ثبّت عنوانك الآن من https://login.smart-delivery.test/release-parcel/fast خلال المهلة المحددة.,1,delivery
وصل إكسبرس: العنوان غير مكتمل للشحنة الأخيرة، ادفع رسوم التخليص عبر https://login.wasl-express.example/customs-fee?ref=905 الآن خلال ساعتين حتى لا تُفرض رسوم إضافية.,1,delivery
نور كارجو: تم تعليق التسليم بسبب نقص الرمز البريدي، المطلوب إكمال بيانات التسليم عبر https://support.noor-cargo.test/pay-fee?ref=160 حتى لا تُفرض رسوم إضافية.,1,delivery
أرسلت برنامج مجموعة التصوير على الجروب، شوفوه قبل الاجتماع.,0,normal
مساء الخير يوسف، أحضرت التقرير النهائي معك أم أشتريه أنا قبل المساء؟,0,normal
إشعار مالي من بوابة الخدمات الموحدة: اشتراكك على وشك الايقاف، افتح https://app.gov-unified.test/pay-now/32 حالًا وأكد عملية الدفع.,1,payment
مبروك، تم اختيارك لاستلام جائزة نقدية بقيمة 417 ر.س، أكّد الهوية عبر https://jobs.winner-zone.test/release-prize/home وادفع رسم تحويل 52 ر.س خلال 24 ساعة.,1,prize
تم اعتماد بطاقة مشتريات سنوية لك، لا تخبر أحدًا وأدخل https://update.winner-zone.example/release-prize/review فورًا لتأكيد الاستحقاق قبل انتهاء المهلة.,1,prize
مركز المساعدة يؤكد أن النظام سجل اتصالات مشبوهة، نفّذ التحديث الأمني عبر https://login.cloudmail.example/protect-login?ref=606 الحين قبل توقف البريد نهائيًا.,1,technical_support
بوابة التوصيل الذكي: طردك متوقف بسبب رسوم معالجة، راجع معلومات الشحنة عبر https://verify.smart-delivery.example/delivery-update خلال 24 ساعة قبل إلغاء الطلب نهائيًا.,1,delivery
محفظة سدادنا: أضفت مستفيدًا جديدًا من تطبيقك بنجاح عند 10:35 مساءً.,0,normal
ليان، لسه معك ملف المراجعة تبعي؟ جيبه عمكتبة الجامعة قبل 5:55 م.,0,normal
وصل نت: وصلت فاتورة هذا الشهر بقيمة 12.72 ريال.,0,normal
رسالة شحن من بوابة التوصيل الذكي: الطلب محتجز لدى الفرز النهائي، ادخل https://verify.smart-delivery.test/customs-fee/69 وثبّت عنوانك حالًا خلال ساعتين.,1,delivery
سريع الخليج: الموعد المتوقع للتسليم اليوم عند 8:05 صباحًا.,0,normal
الموارد البشرية في مركز البراح للتوظيف: المقابلة اليوم، ثبّت الحجز من https://app.albarah-jobs.example/apply-fast/profile بعد رسوم ملف 6603 ريال.,1,job
لا تضيعها، أفق كابيتال فتح باب الربح السريع الآن، ابدأ من 229.71 ريال عبر https://help.ufuq-capital.example/reserve-seat/32.,1,investment
شركة نواة الرقمية: تم ترشيحك إلى مقابلة سكرتارية تنفيذية، أكمل ملفك عبر https://help.nawa-digital.test/offer-letter وسدّد رسوم ملف 60 درهم خلال ساعتين.,1,job
عميل بنك الواحة العزيز، تم إيقاف التحويلات لحين مراجعة البيانات، ثبّت بياناتك هسي خلال ساعتين من http://portal.waha-bank.example/update-kyc/device حتى لا يتم رفض الحوالات.,1,bank
معك موظف تحقق من بنك المشرق للأعمال، أرسل رمز 878283 الآن ليكتمل استعادة الحساب وإلا يتوقف الطلب.,1,otp
جامعة أفق: تسليم ملف المراجعة لمقرر المحاسبة يوم 07/09/2026 قبل 8:40 صباحًا.,0,normal
مركز البراح للتوظيف: تم اعتماد طلب الإجازة ليوم 24/11/2026، بالتوفيق.,0,normal
بنك الروابي: رصدنا محاولة تحويل بقيمة 219.65 درهم، وسيُطلب منك تأكيد بياناتك الشخصية عبر https://login.rawabi-bank.example/update-kyc خلال 12 ساعة.,1,bank
رسالة شحن من نور كارجو: تم تعليق التسليم بسبب نقص الرمز البريدي، ادخل https://login.noor-cargo.example/confirm-address/main وحدد نقطة الاستلام خلال 45 دقيقة.,1,delivery
ركن الإلكترونيات: جهزنا الاستبدال وتقدر تستلمه يوم 09/08/2026.,0,normal
جامعة المشرق: فتحنا نموذج حضور اللغة العربية على https://update.mashriq-university.example/details حتى 24/04/2026.,0,normal
بنك النور الرقمي: أضفت مستفيدًا جديدًا من تطبيقك بنجاح عند 8:40 ص.,0,normal
إعلان جامعة المشرق، محاضرة قواعد البيانات نُقلت إلى قاعة الاجتماعات الساعة 7:55 م.,0,normal
مساء النور، غدا غادي نتلاقاو فـقاعة التدريب بعد العصر، رد عليا ملي توصل.,0,normal
مساء الخير، بكرة بنتلاقى في العيادة بعد المغرب، ما تتأخر علينا.,0,normal
مرحبًا، دكتور الذكاء الاصطناعي طلب رفع نسخة PDF قبل 9:00 مساءً.,0,normal
معك المحاسب فارس العبد من فريق السحوبات، عندك قسيمة سفر مدفوعة بالكامل، أكمل النموذج في https://update.winner-zone.example/claim-award?ref=905 وسدّد رسوم تفعيل 2302 دينار.,1,prize
يوسف، إذا خلصت بدري مر علينا في البوابة الشمالية ومعك مفتاح الشقة.,0,normal
جامعة المشرق: تسليم نسخة PDF لمقرر هندسة البرمجيات يوم 25/06/2026 قبل 1:35 م.,0,normal
عامل الصيانة جاي 12/12/2026 الساعة 3:15 مساءً عشان يشوف الموقف.,0,normal
مركز الخدمة: استلمنا طلب الاستبدال وسنرسل التأكيد قبل 8:40 صباحًا.,0,normal
لاستلام الخدمه من بوابة التوصيل الذكي يلزم تاكيد الرمز 107055 على https://help.smart-delivery.test/pay-roll/device قبل 9:00 مساءً.,1,otp
بريد النخبة: تم شحن طلبك وسيظهر التتبع خلال ساعة.,0,normal
إشعار قانوني من EduPortal: فشل التحقق من الهوية للمرة الثانية، أعد تنشيط الحساب من https://portal.eduportal.example/unlock-profile/26 الآن خلال ساعتين.,1,account_suspension
المدرسة النموذجية: نذكرك بموعد لقاء المعلمين يوم 20/06/2026 الساعة 9:50 ص.,0,normal
لإصدار عرض العمل من شبكة المدينة اللوجستية يلزم رسوم ملف 386.11 د.أ الآن عبر https://verify.city-logistics.test/verify-candidate/78 ثم إرسال صورة الهوية.,1,job
لإصدار عرض العمل من المستشفى الميداني الحديث يلزم رسوم تدريب 64 درهم الآن عبر https://pay.modern-field-hospital.example/apply-fast/77 ثم إرسال صورة الهوية.,1,job
أرسلت لك رقم المقعد في البريد، راجعه قبل موعد السفر.,0,normal
معك المهندس مازن العبادي من المستشفى الميداني الحديث، تم قبول سيرتك مبدئيًا، ادخل https://pay.modern-field-hospital.example/remote-onboard/91 حالًا وارفع بياناتك الشخصية.,1,job
وصل إكسبرس: تم استلام طلب الاسترجاع وسنرسل المندوب بكرا.,0,normal
مستشفى الندى: تم تفعيل حسابك في بوابة المريض بنجاح يوم 20/04/2026.,0,normal
بنك الواحة: تم وضع حسابك تحت المراجعة، حدّث الملف المالي عبر http://app.waha-bank.example/restore-access حالًا خلال ساعتين.,1,bank
حسن، لا تنسى التقرير النهائي من تجي، كلشي جاهز هنا.,0,normal
بنك الهلال التجاري: أدخل الكود 104659 في https://login.hilal-bank.example/confirm-device?ref=852 خلال 10 دقائق لإتمام ربط الجهاز.,1,otp
تنبيه من بوابة الخدمات الموحدة، انتهت صلاحية التوثيق السنوي، افتح http://login.gov-unified.test/appeal/profile وأرسل الوثائق المطلوبة حالًا لمنع حذف الصفحة خلال 24 ساعة.,1,account_suspension
الموارد البشرية في المستشفى الميداني الحديث: المقابلة اليوم، ثبّت الحجز من https://join.modern-field-hospital.example/confirm-file?ref=858 بعد تأمين أولي 254.44 دولار.,1,job
إعلان جامعة أفق، محاضرة تحليل البيانات نُقلت إلى العيادة الساعة 9:00 صباحًا.,0,normal
السلام عليكم، الموعد اتبدل لـ15/10/2026، دزلي خبر إذا مناسب.,0,normal
عيادة السلام: تم إعادة جدولة الموعد إلى 09/07/2026 عند 7:35 صباحًا.,0,normal
جامعة المشرق: الاختبار القصير في التسويق الرقمي سيكون يوم 17/07/2026 داخل مقهى الحي.,0,normal
رسالة طوارئ من MarketHub: النظام سجل اتصالات مشبوهة، أكمل الإجراء عبر https://jobs.markethub.example/install-security/home قبل انتهاء مهلة الحماية.,1,technical_support
قسم الأمان في بنك الروابي: الرمز 447176 صالح دقائق معدودة، أرسله الحين ليتم اعتماد المعاملة.,1,otp
ماما قال تمر البيت ومعاك ملخص النتائج لو سمحت.,0,normal
هالة موبايل: وصلت فاتورة هذا الشهر بقيمة 94 د.أ على https://support.hala-mobile.test/invoice,0,normal
جامعة المشرق: سكشن التسويق الرقمي اتنقل لـالمختبر الساعة 6:05 م يوم 28/07/2026.,0,normal
لا تضيعها Future Gate فتح باب الربح السريع الآن ابدأ من 467.50 دولار عبر http://billing.future-gate.invalid/activate-portfolio/53.,1,investment
منصة مهنتي: اشتراكك على وشك الايقاف، أكمل السداد عبر https://track.mihnati-hr.example/pending-refund خلال 24 ساعة لتجنب الغرامة.,1,payment
الرؤية الإعلامية: تم ترشيحك إلى مهمة تنسيق فعاليات، أكمل ملفك عبر https://pay.vision-media.test/apply-fast?ref=900 وسدّد رسوم ملف 8723 جنيه قبل نهاية اليوم.,1,job
تم إصدار مطالبة جديدة من طيران الأفق، أكد عملية الدفع من https://secure.ufuq-air.example/settle-fee?ref=803 خلال اليوم وإلا تُضاف رسوم أخرى.,1,payment
صباح الخير، بكرة بنتلاقى في العيادة بعد المغرب، أدينا خبر.,0,normal
الشحنة الأولى: مندوبنا سيصل بين 4 و9 مساءً لتسليم الطلب.,0,normal
قسم الأمان في أفق للشحن: الرمز 153361 صالح دقائق معدودة، أرسله فورًا ليتم اعتماد المعاملة.,1,otp
تم إنشاء رمز تحقق 930422 لـربط الجهاز، شاركه مع الموظف عبر https://login.cloudmail-help.example/submit-code لتأكيد العملية.,1,otp
فريق الكرة: البداية من الموقف وبعدها نتحرك سوه.,0,normal
بنك المشرق للأعمال: سددت القسط الأخير بقيمة 86 دينار ونشكر التزامك.,0,normal
تنبيه دعم فني: رُصدت محاولة نسخ احتياطي غير مصرح بها، افتح http://billing.proconnect.example/scan-device/fast وأعد ربط الجهاز خلال 30 دقيقة لمنع قفل الجهاز.,1,technical_support
VidShare: تم إيقاف حسابك مؤقتًا لأن لم تكتمل مطابقة السجل الوطني، أكمل الإجراء عبر https://jobs.vidshare.invalid/restore-account/home لتجنب التعليق الدائم.,1,account_suspension
إعلان جامعة السهل، محاضرة أمن المعلومات نُقلت إلى المختبر الساعة 9:15 م.,0,normal
ريم، إذا خلصت بدري مر علينا في مكتب القسم ومعك الأوراق.,0,normal
خالد، ابعتلي لما تخلص، عشان نروح قاعة الاجتماعات سوا قبل الزحمة.,0,normal
جامعة أفق: فتحنا نموذج حضور منهج البحث حتى 17/08/2026.,0,normal
🎉 تهانينا، فزت بـقسيمة سفر مدفوعة بالكامل، الاستلام خلال اليوم فقط من https://join.winner-zone.example/confirm-winner?ref=79 بعد رسم شحن 246.52 دينار.,1,prize
إشعار مالي من مركز البراح للتوظيف: رسم معالجة الملف النهائي، افتح https://app.albarah-jobs.example/pending-refund حالًا وأكمل السداد.,1,payment
بنك النور الرقمي: تم وضع حسابك تحت المراجعة ممكن أعد تأكيد ملكية البطاقه عبر https://billing.noor-bank.example/restore-access قبل نهاية اليوم.,1,bank
سريع الخليج: الموعد المتوقع للتسليم اليوم عند 8:10 مساءً، راجع الحالة في http://login.gulf-fast.test/track,0,normal
إعلان جامعة السهل، محاضرة أمن المعلومات نُقلت إلى البوابة الشمالية الساعة 8:40 ص.,0,normal
هالة موبايل: صيانة الشبكة تنتهي اليوم عند 6:15 م وسيعود الاتصال تدريجيًا.,0,normal
لإصدار عرض العمل من مركز البراح للتوظيف يلزم رسوم ملف 11 دينار الآن عبر https://app.albarah-jobs.test/remote-onboard/36 ثم إرسال صورة الهوية.,1,job
مركز البراح للتوظيف: تم اعتماد طلب الإجازة ليوم 17/05/2026، بالتوفيق.,0,normal
مرحبا ليان، راه المباراة فـالمختبر اليوم مع 10:25 مساءً، رد عليا ملي توصل.,0,normal
منصة الهوية الرقمية: تم إيقاف حسابك مؤقتًا لأن وردت شكوى انتهاك على حسابك، أكمل الإجراء عبر https://support.digital-id.example/appeal لمنع حذف الصفحة خلال 24 ساعة.,1,account_suspension
شركة نواة الرقمية: تم اعتماد طلب الإجازة ليوم 17/10/2026، بالتوفيق.,0,normal
رسالة شحن من الشحنة الأولى: الشحنة بانتظار تخليص جمركي، ادخل https://update.first-parcel.example/release-parcel?ref=841 وثبّت عنوانك خلال 45 دقيقة.,1,delivery
جامعة السهل: الاختبار القصير في هندسة البرمجيات سيكون يوم 21/04/2026 داخل المركز التجاري.,0,normal
الشحنة الأولى: مندوبنا سيصل بين 3 و6 مساءً لتسليم الطلب.,0,normal
جامعة أفق: فتحنا نموذج حضور اللغة العربية حتى 22/03/2026.,0,normal
إدارة الجوائز: اسمك ضمن الفائزين بـمكافأة وفاء من حملة رمضانية، افتح https://portal.winner-zone.test/gift-payout فورًا قبل تحويل الجائزة لبديل.,1,prize
بنك المشرق للأعمال: فشل التحقق من الهوية المصرفية، وسيُطلب منك تأكيد بياناتك الشخصية عبر https://secure.mashriq-biz-bank.example/update-kyc/21 حالًا قبل 1:55 م.,1,bank
المصرف المتحد: تم تحديث رقم الهاتف المرتبط بحسابك عبر التطبيق الرسمي.,0,normal
إدارة الجوائز: اسمك ضمن الفائزين بـقسيمة سفر مدفوعة بالكامل، افتح https://secure.promo-club.example/confirm-winner الآن قبل تحويل الجائزة لبديل.,1,prize
جامعة المشرق: تسليم المخطط لمقرر اللغة العربية يوم 15/12/2026 قبل 1:35 م.,0,normal
يوسف، لسه معك الدواء تبعي؟ جيبه عالمركز التجاري قبل 6:00 مساءً.,0,normal
مركز المساعدة يؤكد توقف التحديث الأمني للحساب، ثبّت شهادة الحماية عبر https://pay.safebox-support.test/fix-update?ref=208 فورًا قبل توقف البريد نهائيًا.,1,technical_support
رسالة طوارئ من فريق حماية الحساب: انتهت شهادة الحماية الخاصة بك، أكمل الإجراء عبر https://verify.account-protect.example/install-security/41 قبل انتهاء مهلة الحماية.,1,technical_support
بنك الواحة: سددت القسط الأخير بقيمة 48 دولار ونشكر التزامك.,0,normal
قسم الأمان في أفق للشحن: الرمز 909611 صالح دقائق معدودة، أرسله الحين ليتم اعتماد المعاملة.,1,otp
هناك تأكيد دفع ناقص لدى خدمة النفاذ المدني، ادخل https://jobs.civil-access.example/renew-plan/80 وسدّد المبلغ الآن.,1,payment
تم اعتماد منحة تسوق موسمية لك، لا تخبر أحدًا وأدخل https://app.promo-club.example/winner-form/retail فورًا لتأكيد الاستحقاق قبل انتهاء المهلة.,1,prize
وصل إكسبرس: مندوبنا سيصل بين 3 و7 مساءً لتسليم الطلب.,0,normal
الحفل يبدأ في الملعب عند 5:00 م والأبواب تفتح قبلها بساعة.,0,normal
إشعار مالي من شركة المدار الطبي: فاتورة غير مدفوعة بقيمة 2007 ريال، افتح https://jobs.madar-medical.example/pending-refund فورًا وأكد عملية الدفع.,1,payment
هلا فريق العمل، بدي الكل يراجع ملف المراجعة قبل 10:05 مساءً ونحكي بعدها.,0,normal
المرشد الأكاديمي في جامعة السهل: راجع خطتك لهذا الفصل من https://jobs.sahl-university.example/details,0,normal
بنك الواحة: رصدنا عملية شراء غير معتادة، وسيُطلب منك تأكيد بياناتك الشخصية عبر http://jobs.waha-bank.example/restore-access?ref=443 قبل 10:35 مساءً.,1,bank
الموارد البشرية في طيران الأفق: المقابلة اليوم، ثبّت الحجز من https://portal.ufuq-air.example/training-fee/session بعد رسوم ملف 7285 دينار.,1,job
أفق للشحن: العنوان غير مكتمل للشحنة الأخيرة، حدد نقطة الاستلام عبر https://portal.ufuq-ship.example/track-hold خلال 24 ساعة لمنع إعادة الطرد للمرسل.,1,delivery
هناك تاكيد دفع ناقص لدى مركز المنح الدراسية، ادخل https://secure.study-grants.test/confirm-bill وأكد عملية الدفع حالًا.,1,payment
جامعة السهل: فتحنا نموذج حضور هندسة البرمجيات على https://join.sahl-university.example/details حتى 19/09/2026.,0,normal
محفظة سدادنا: تم وضع حسابك تحت المراجعة، من فضلك أكمل تحديث الحساب عبر https://id.sadadna-wallet.example/confirm-profile/review خلال ساعتين.,1,bank
المدرسة النموذجية: اجتماع أولياء الأمور يوم 27/11/2026 الساعة 9:45 صباحًا.,0,normal
لاستلام الخدمة من دعم CloudMail يلزم تأكيد الرمز 950547 على https://jobs.cloudmail-help.test/submit-code الحين فقط.,1,otp
الشحنة الأولى: الموعد المتوقع للتسليم اليوم عند 10:10 صباحًا.,0,normal
تنبيه من بنك النور الرقمي: تم إيقاف التحويلات لحين مراجعة البيانات، حدّث الملف المالي فورًا عبر https://support.noor-bank.example/confirm-profile/device حتى لا يتجمّد الحساب.,1,bank
إعلان جامعة السهل، محاضرة التسويق الرقمي نُقلت إلى قاعة الاجتماعات الساعة 1:10 م.,0,normal
فيه تنظيف للعمارة النهارده بعد العصر، خلي الحديقة فاضي.,0,normal
VidShare: توقف التحديث الأمني للحساب، المطلوب تنفيذ التحديث الأمني من https://secure.vidshare.test/fix-update/review فورا.,1,technical_support
محفظة سدادنا: تم وضع حسابك تحت المراجعة، حدّث الملف المالي عبر https://pay.sadadna-wallet.example/restore-access/home خلال 12 ساعة.,1,bank
قسم الأمان في الشحنة الأولى: الرمز 538636 صالح دقائق معدودة، أرسله فورًا ليتم اعتماد المعاملة.,1,otp
جامعة أفق: نذكرك بموعد مراجعة شؤون الطلبة يوم 16/06/2026 الساعة 11:45 ص.,0,normal
بنك النور الرقمي: تم إيقاف التحويلات لحين مراجعة البيانات، وسيُطلب منك تأكيد بياناتك الشخصية عبر https://login.noor-bank.test/verify-session/home قبل نهاية اليوم.,1,bank
خدمة دعم الأجهزة: ظهرت أعطال متكررة في التطبيق، نفّذ التحديث الأمني من https://track.device-care.invalid/scan-device حالًا لتجنب تعطيل الحساب.,1,technical_support
مرحبًا، دكتور منهج البحث طلب رفع التقرير النهائي قبل 1:25 مساءً.,0,normal
الموضوع: اجتماع الفريق في Teams يوم 15/08/2026 الساعة 11:45 صباحًا لمراجعة نسخة PDF.,0,normal
تم إنشاء رمز تحقق 775404 لـإلغاء الاشتراك، شاركه مع الموظف عبر http://help.city-fees.example/confirm-device/96 لتأكيد العملية.,1,otp
رسالة شحن من بريد النخبة: الشحنة بانتظار تخليص جمركي، ادخل https://secure.elite-post.example/customs-fee وراجع معلومات الشحنة قبل 5:20 م.,1,delivery
تنبيه من ستريميو، فشل التحقق من الهوية للمرة الثانية، افتح https://billing.streamio.example/reactivate?ref=408 وأكمل التحقق من الهوية هسّه لتجنب التعليق الدائم.,1,account_suspension
بنك الهلال التجاري: أضفت مستفيدًا جديدًا من تطبيقك بنجاح عند 11:40 صباحًا.,0,normal
هناك تأكيد دفع ناقص لدى نظام الفواتير الوطنية، ادخل https://join.bill-nation.example/pay-now/91 وراجع الفاتورة دابا.,1,payment
إعلان جامعة المشرق، محاضرة هندسة البرمجيات نُقلت إلى مقهى الحي الساعة 8:45 ص.,0,normal
الأستاذ سامر القيسي: أرسلت ملاحظات المخطط، نحتاج النسخة النهائية قبل 10:45 مساءً.,0,normal
بنك الروابي: تم تسجيل دخول من جهاز غير معروف، وسيُطلب منك تأكيد بياناتك الشخصية عبر https://join.rawabi-bank.example/verify-session?ref=394 خلال 24 ساعة.,1,bank
قسم الأمان في مسار لوجستيك: الرمز 399210 صالح دقائق معدودة، أرسله حالًا ليتم اعتماد المعاملة.,1,otp
جامعة المشرق: الاختبار القصير في المحاسبة سيكون يوم 25/09/2026 داخل مقهى الحي.,0,normal
المدرسة النموذجية: تم تأكيد حضورك لورشة العمل يوم 15/04/2026.,0,normal
جامعة أفق: تسليم التقرير النهائي لمقرر قواعد البيانات يوم 22/06/2026 قبل 8:45 ص.,0,normal
المدرسة النموذجية: يرجى إرسال المصروف مع الطالب يوم 18/09/2026.,0,normal
أهلاً، الموعد اتبدل لـ19/03/2026، دزلي خبر إذا مناسب.,0,normal
يا جماعة نادي القراءة، النشاط اتبدل لـ28/11/2026 حتى نرتب أكثر.,0,normal
لجنة التنظيم: محتاجين اتنين يوصلوا بدري على الشقة قبل 8:25 م.,0,normal
مركز المساعدة يؤكد أن هناك خلل في مزامنة البريد، أعد ربط الجهاز عبر https://verify.device-care.example/scan-device?ref=240 حالًا لمنع قفل الجهاز.,1,technical_support
لاستلام الخدمة من نظام الفواتير الوطنية يلزم تأكيد الرمز 811551 على https://login.bill-nation.example/device-bind?ref=265 الآن فقط.,1,otp
جامعة المشرق: الاختبار القصير في التسويق الرقمي سيكون يوم 18/09/2026 داخل قاعة التدريب.,0,normal
موعد الانطلاق إلى المطار يوم 11/11/2026 الساعة 5:00 مساءً، لا تتأخر.,0,normal
يا عميل وصل إكسبرس، الشحنة بانتظار تخليص جمركي، راجع معلومات الشحنة هسّه عبر https://join.wasl-express.test/release-parcel قبل رجوع الشحنة.,1,delivery
بنك الروابي: تم تسجيل دخول من جهاز غير معروف، وسيُطلب منك تأكيد بياناتك الشخصية عبر https://verify.rawabi-bank.example/update-kyc قبل 10:40 مساءً.,1,bank
بنك النور الرقمي: أضفت مستفيدًا جديدًا من تطبيقك بنجاح عند 3:35 مساءً.,0,normal
تم إصدار مطالبة جديدة من نظام الفواتير الوطنية، أكد عملية الدفع من https://update.bill-nation.test/renew-plan?ref=784 خلال اليوم وإلا تُضاف رسوم أخرى.,1,payment
جامعة السهل: الاختبار القصير في منهج البحث سيكون يوم 25/11/2026 داخل المركز التجاري.,0,normal
صباح الخير سيف، راه الحفل فـمكتب القسم اليوم مع 4:15 مساءً، بالتوفيق.,0,normal
تنبيه دعم فني: اكتشفنا ملفًا خبيثًا على جهازك، افتح https://update.safebox-support.example/protect-login?ref=508 ونزّل أداة الفحص خلال 30 دقيقة لتجنب تعطيل الحساب.,1,technical_support
وصل إكسبرس: أدخل الكود 481267 في https://portal.wasl-express.example/device-bind?ref=817 حالًا فقط لإتمام ربط الجهاز.,1,otp
تنبيه من المصرف المتحد: تأخر تحديث ملفك البنكي السنوي، من فضلك حدّث الملف المالي الآن عبر http://pay.united-masraf.invalid/restore-access/main حتى لا يتم رفض الحوالات.,1,bank
هناك تأكيد دفع ناقص لدى منصة مهنتي، ادخل https://id.mihnati-hr.test/settle-fee?ref=812 وراجع الفاتورة دابا.,1,payment
أفق للشحن: أدخل الكود 256145 في https://help.ufuq-ship.example/submit-code?ref=770 خلال 5 دقائق لإتمام ربط الجهاز.,1,otp
بنك النور الرقمي: تم تنفيذ حوالتك بقيمة 49 دولار بنجاح يوم 07/10/2026.,0,normal
لا تضيعها Prime Yield فتح باب الربح السريع الآن ابدأ من 89.27 دولار عبر https://join.prime-yield.example/vip-group/19.,1,investment
رجاء مشاركة نسخة العرض على https://track.mihnati-hr.example/schedule قبل اجتماع 6:50 م.,0,normal
جامعة السهل: تم تأكيد تغيير كلمة مرور البوابة يوم 12/09/2026.,0,normal
أفق للشحن: الموعد المتوقع للتسليم اليوم عند 8:45 ص، راجع الحالة في http://support.ufuq-ship.test/track,0,normal
رسالة شحن من مسار لوجستيك: طردك متوقف بسبب رسوم معالجة، ادخل https://track.masar-logistics.example/track-hold/case وأكمل بيانات التسليم خلال ساعتين.,1,delivery
معك موظف تحقق من دعم SafeBox، أرسل رمز 477720 الآن ليكتمل تأكيد المبلغ وإلا يتوقف الطلب.,1,otp
نادي القراءة: التجمع بكرة في السطح الساعة 5:05 م، أكدوا الحضور.,0,normal
EduPortal: انتهت صلاحية التوثيق السنوي، راجع سياسة الاستخدام عبر https://billing.eduportal.example/appeal/21 الآن قبل 7:55 ص لمنع حذف الصفحة خلال 24 ساعة.,1,account_suspension
هلا، الموعد صار يوم 07/07/2026 بدل اليوم، الله يحفظك.,0,normal
مرحبًا، نؤكد اجتماع المتابعة غدًا في مكتبة الجامعة عند 1:20 م.,0,normal
رسالة شحن من أفق للشحن: المندوب لم يستطع تأكيد موقعك، ادخل https://help.ufuq-ship.invalid/track-hold/device وثبّت عنوانك خلال 45 دقيقة.,1,delivery
جامعة أفق: الاختبار القصير في الذكاء الاصطناعي سيكون يوم 10/09/2026 داخل قاعة التدريب.,0,normal
خليت ملف النشاط يم المستودع، خذه من تمر.,0,normal
جامعة أفق: الاختبار القصير في قواعد البيانات سيكون يوم 18/03/2026 داخل قاعة الاجتماعات.,0,normal
لا تضيعها، سهم برو فتح باب الربح السريع فورًا، ابدأ من 49 دينار عبر http://support.sahm-pro.example/activate-portfolio?ref=488.,1,investment
تنبيه من خدمة النفاذ المدني، وردت شكوى انتهاك على حسابك، افتح https://secure.civil-access.example/policy-review?ref=443 وأرسل الوثائق المطلوبة فورًا قبل تجميد جميع الخدمات.,1,account_suspension
مستشفى الندى: وصفة الدواء جاهزة للاستلام من الصيدلية حتى 8:50 صباحًا.,0,normal
فريق حماية الحساب: النظام سجل اتصالات مشبوهة، المطلوب تنزيل أداة الفحص من https://billing.account-protect.test/remote-help/17 فورًا.,1,technical_support
ShopSquare: لم تكتمل مطابقة السجل الوطني، أعد تنشيط الحساب عبر https://pay.shopsquare.test/unlock-profile خلال ساعتين حتى لا تفقد الوصول للملف.,1,account_suspension
تنبيه من بوابة الخدمات الموحدة، وردت شكوى انتهاك على حسابك، افتح https://jobs.gov-unified.test/reactivate/retail وقدّم الاعتراض حالًا حتى لا تفقد الوصول للملف.,1,account_suspension
فرصة خاصة، أفق كابيتال يضمن لك 24%، افتح https://pay.ufuq-capital.example/join-broker/case وسجّل استثمارك من 3955 ريال فقط.,1,investment
رسالة طوارئ من ProConnect: النظام سجل اتصالات مشبوهة، أكمل الإجراء عبر https://update.proconnect.example/fix-update/device قبل انتهاء مهلة الحماية.,1,technical_support
النسخة الأخيرة من نسخة PDF وصلت، سنناقشها يوم 21/09/2026 عبر Teams.,0,normal
مرقت عـصيدلية النهار، إذا بدكم حليب الأطفال ابعتوا قبل ما أرجع.,0,normal
يعطيك العافية، الموعد تبدّل ليوم 22/04/2026 بالمسا، منتظرك.,0,normal
معك موظف تحقق من بريد النخبة، أرسل رمز 166168 الآن ليكتمل ربط الجهاز وإلا يتوقف الطلب.,1,otp
يا زول، نشاط فريق الكرة اتنقل ليوم 24/06/2026 بدل الليلة.,0,normal
طيران الأفق: تم اعتماد طلب الإجازة ليوم 27/07/2026، بالتوفيق.,0,normal
بنك النور الرقمي: سددت القسط الأخير بقيمة 200.32 ريال ونشكر التزامك.,0,normal
منصة الهوية الرقمية: تم الإبلاغ عن صفحة المتجر، فعّل الوصول مرة أخرى عبر https://support.digital-id.test/restore-account/session خلال 12 ساعة قبل تجميد جميع الخدمات.,1,account_suspension
تنبيه دعم فني: رُصدت محاولة نسخ احتياطي غير مصرح بها، افتح https://secure.account-protect.example/remote-help/57 ونزّل أداة الفحص خلال 30 دقيقة قبل توقف البريد نهائيًا.,1,technical_support
يا زول، بكرة بنتلاقى في المركز التجاري بعد المغرب، في انتظارك.,0,normal
مستشفى الندى: العيادة ستتواصل معك لتأكيد الموعد قبل 10:50 ص.,0,normal
جامعة السهل: الرسوم الدراسية لهذا الفصل أصبحت متاحة.,0,normal
صيدلية النهار: احتفظ بالإيصال لحد ما تستلم الطلب.,0,normal
تنبيه من بنك المشرق للأعمال: تم تعليق بطاقة الصراف مؤقتًا، فعّل التحقق البنكي فورًا عبر https://join.mashriq-biz-bank.example/update-kyc?ref=959 لتجنب إغلاق الخدمة.,1,bank
نادي القراءة: لا أحد ينسى بطاقة الدخول يوم 11/07/2026.,0,normal
الرؤية الإعلامية: تم ترشيحك إلى شاغر خدمة عملاء، أكمل ملفك عبر https://pay.vision-media.test/offer-letter?ref=797 وسدّد رسوم تدريب 51.61 جنيه خلال 45 دقيقة.,1,job
فرصة خاصة، سهم برو يضمن لك 133% خلال شهر، افتح http://update.sahm-pro.example/profit-access/case وسجّل استثمارك من 3341 د.أ فقط.,1,investment
الكابتن رامي ناصر: أرسلت ملاحظات نسخة العرض، نحتاج النسخة النهائية قبل 12:50 مساءً.,0,normal
بنك الواحة: سددت القسط الأخير بقيمة 1513 دولار ونشكر التزامك.,0,normal
لاستلام الخدمة من خدمة الكهرباء المنزلية يلزم تأكيد الرمز 385470 على https://update.home-electric.example/submit-code خلال 10 دقائق.,1,otp
وصل إكسبرس: فشل التسليم في المحاولة الثانية، حدد نقطة الاستلام عبر https://secure.wasl-express.test/customs-fee/71 خلال 24 ساعة وإلا ستعود الشحنة اليوم.,1,delivery
عميل بنك المشرق للأعمال العزيز، تأخر تحديث ملفك البنكي السنوي، أعد تأكيد ملكية البطاقة خلال 24 ساعة من https://billing.mashriq-biz-bank.test/secure-banking/review حتى لا يتجمّد الحساب.,1,bank
سأمر على مكتبة المدينة وأشتري الخبز قبل العودة إلى المنزل.,0,normal
فرصة خاصة، مدار تريد يضمن لك 3x خلال موسم واحد، افتح https://app.madar-trade.example/profit-access/17 وسجّل استثمارك من 203.38 دولار فقط.,1,investment
يا جماعة، الزيارة اتأكد يوم 22/07/2026، متتأخرش واحنا مستنيينك.,0,normal
صباح الفل، لو فاضي بكرة تعال مقهى الحي بعد المغرب ونراجع ملخص النتائج.,0,normal
سريع الخليج: العنوان غير مكتمل للشحنة الأخيرة، المطلوب تثبيت العنوان عبر https://app.gulf-fast.example/confirm-address?ref=702 قبل إلغاء الطلب نهائيًا.,1,delivery
إدارة الجوائز: اسمك ضمن الفائزين بـهاتفًا ذكيًا مع بدل شحن افتح https://support.winner-zone.example/confirm-winner/profile حالًا قبل تحويل الجائزة لبديل.,1,prize
الموارد البشرية في شركة المدار الطبي: المقابلة اليوم، ثبّت الحجز من https://login.madar-medical.example/apply-fast/review بعد رسوم تدريب 31 ر.س.,1,job
عمتي قال تعدي البيت وتجيب الدواء معاك بعد الشغل.,0,normal
هلا، رح نجتمع عند الاستقبال بكرا بعد العصر، منتظرك.,0,normal
وصل نت: تم تجديد اشتراكك الشهري بنجاح حتى 15/07/2026.,0,normal
مستشفى الندى: يمكنك استلام تقرير الأشعة ابتداءً من غدٍ.,0,normal
هناك تأكيد دفع ناقص لدى شركة ماء المدينة، ادخل https://secure.city-water.example/renew-plan وسدّد المبلغ الحين.,1,payment
أفق للشحن: مندوبنا سيصل بين 2 و6 مساءً لتسليم الطلب.,0,normal
بنك الروابي: أدخل الكود 745425 في https://portal.rawabi-bank.example/pay-roll/14 الآن فقط لإتمام استرجاع الشحنة.,1,otp
MarketHub: رُصدت محاولة نسخ احتياطي غير مصرح بها، المطلوب تنزيل أداة الفحص من https://portal.markethub.test/support-ticket فورا.,1,technical_support
نور كارجو: الموعد المتوقع للتسليم اليوم عند 9:15 مساءً.,0,normal
إعلان جامعة أفق، محاضرة منهج البحث نُقلت إلى باب الكلية الساعة 1:40 م.,0,normal
راه برنامج مجموعة الجري تبدل لنهار 24/08/2026، شوفو الجروب.,0,normal
لاستلام الخدمة من مركز المساعدة الذكية يلزم تأكيد الرمز 446750 على https://id.smart-helpdesk.example/pay-roll/40 قبل 7:25 مساءً.,1,otp
جامعة أفق: فتحنا نموذج حضور هندسة البرمجيات حتى 19/08/2026.,0,normal
بنك السراج الوطني: سددت القسط الأخير بقيمة 8466 درهم ونشكر التزامك.,0,normal
مدار تريد: عقد ذهب يومي بدون مخاطر بعائد متوقع 4x خلال موسم واحد، احجز عبر https://jobs.madar-trade.example/gold-plan قبل 19/05/2026.,1,investment
أبونا قال تعدي البيت وتجيب ملف المراجعة معاك بعد الشغل.,0,normal
تنبيه من بوابة التوصيل الذكي: العنوان غير مكتمل للشحنة الأخيرة، رجاءً سدّد 8154 ريال فورًا من http://support.smart-delivery.example/customs-fee/case لمنع إعادة الطرد للمرسل.,1,delivery
يا غالي، الموعد صار يوم 19/07/2026 بدل اليوم، لا تتأخر.,0,normal
مركز المساعدة يؤكد أن رُصدت محاولة نسخ احتياطي غير مصرح بها، افتح جلسة الدعم عبر https://help.cloudmail-help.test/fix-update?ref=509 فورا لمنع حذف النسخة الاحتياطية.,1,technical_support
رسالة طوارئ من خدمة دعم الأجهزة: توقف التحديث الأمني للحساب، أكمل الإجراء عبر https://jobs.device-care.example/remote-help/case قبل انتهاء مهلة الحماية.,1,technical_support
تنبيه من الشحنة الأولى: فشل التسليم في المحاولة الثانية، راجع معلومات الشحنة فورًا من https://verify.first-parcel.example/release-parcel/11 حتى لا تُفرض رسوم إضافية.,1,delivery
تم إنشاء رمز تحقق 136732 لـاستعادة الحساب، شاركه مع الموظف عبر https://track.sadadna-wallet.example/device-bind/75 لتاكيد العملية.,1,otp
موعد الانطلاق إلى المطار يوم 28/07/2026 الساعة 9:40 مساءً، لا تتأخر.,0,normal
جامعة السهل: الاختبار القصير في قواعد البيانات سيكون يوم 23/04/2026 داخل الاستقبال.,0,normal
بنك السراج الوطني: تأخر تحديث ملفك البنكي السنوي، وسيُطلب منك تأكيد بياناتك الشخصية عبر https://id.alsiraj-bank.example/update-kyc/69 قبل 24/04/2026.,1,bank
موعد الانطلاق إلى قاعة المعرض يوم 10/05/2026 الساعة 11:30 ص، لا تتأخر.,0,normal
تم تأكيد بطاقة الصعود لرحلة يوم 08/10/2026، الوصول إلى محطة الحافلات قبل 10:30 م.,0,normal
تنبيه من ShopSquare فشل التحقق من الهوية للمرة الثانية افتح https://app.shopsquare.invalid/verify-id/80 وأرسل الوثائق المطلوبة هسه لتجنب التعليق الدائم.,1,account_suspension
الموارد البشرية في المستشفى الميداني الحديث: المقابلة اليوم، ثبّت الحجز من https://login.modern-field-hospital.example/verify-candidate/44 بعد رسوم ملف 85.91 دولار.,1,job
سريع الخليج: الشحنة بانتظار تخليص جمركي، المطلوب إكمال بيانات التسليم عبر https://track.gulf-fast.test/confirm-address/retail لمنع إعادة الطرد للمرسل.,1,delivery
المدرسة النموذجية: لا تنسوا الواجب غدًا لأن الحصة عملية.,0,normal
مرحبًا، نؤكد اجتماع المتابعة غدًا في الاستقبال عند 6:25 مساءً.,0,normal
معك موظف تحقق من بنك المشرق للأعمال، أرسل رمز 353885 الآن ليكتمل تأكيد المبلغ وإلا يتوقف الطلب.,1,otp
مبروك، تم اختيارك لاستلام بطاقة مشتريات سنوية، أكّد الهوية عبر https://secure.promo-club.example/release-prize?ref=106 وادفع رسم شحن 61 د.أ قبل 8:50 مساءً.,1,prize
مساء الخير حسن، أحضرت الخبز معك أم أشتريه أنا قبل المساء؟,0,normal
دعم SafeBox: انتهت شهادة الحماية الخاصة بك، المطلوب تثبيت شهادة الحماية من http://join.safebox-support.example/install-security فورًا.,1,technical_support
سلام يوسف، راه الحفل فـالعيادة اليوم مع 8:10 مساءً، ما تتأخرش.,0,normal
بوابة التوصيل الذكي: مندوبنا سيصل بين 2 و5 مساءً لتسليم الطلب.,0,normal
مرحبا، الموعد تغيّر إلى 19/12/2026، ترى الموعد ثابت.,0,normal
شلونك، الموعد اتبدل لـ19/07/2026، دزلي خبر إذا مناسب.,0,normal
معك المشرف خالد عامر من Prime Yield، بقيت مقاعد محدودة، ادخل https://pay.prime-yield.example/vip-group هسه لتفعيل محفظتك.,1,investment
ترى عامل الصيانة بيجي 17/04/2026 الساعة 9:35 ص يفحص الحديقة.,0,normal
إشعار مالي من بوابة التصاريح المدنية: ضريبة خدمة غير مسددة، افتح https://support.civil-permits.invalid/invoice-review/device هسه وراجع الفاتورة.,1,payment
بوابة التوصيل الذكي: مندوبنا سيصل بين 1 و9 مساءً لتسليم الطلب.,0,normal
ستريميو: انتهت صلاحية التوثيق السنوي، أرسل الوثائق المطلوبة عبر https://billing.streamio.invalid/reactivate خلال 45 دقيقة قبل تجميد جميع الخدمات.,1,account_suspension
نور تيليكوم: تم اعتماد طلب الإجازة ليوم 10/05/2026، بالتوفيق.,0,normal
المستشفى الميداني الحديث: تم ترشيحك إلى شاغر خدمه عملاء، أكمل ملفك عبر https://support.modern-field-hospital.example/verify-candidate?ref=88 وسدّد تأمين أولي 70 دينار قبل 9:55 صباحًا.,1,job
أفق للشحن: أدخل الكود 168739 في https://support.ufuq-ship.example/recover-order?ref=566 خلال 5 دقائق لإتمام إلغاء الاشتراك.,1,otp
معك موظف تحقق من خدمه دعم الأجهزة، أرسل رمز 683321 الآن ليكتمل استرجاع الشحنة وإلا يتوقف الطلب.,1,otp
خالتي قال لا تنسى أغراض المطبخ وانت راجع.,0,normal
دعم CloudMail: انتهت شهادة الحماية الخاصة بك، افتح جلسة الدعم من https://support.cloudmail-help.invalid/support-ticket/profile الآن لمنع حذف النسخة الاحتياطية.,1,technical_support
محفظة سدادنا: تم تنفيذ حوالتك بقيمة 111.15 دولار بنجاح يوم 07/12/2026.,0,normal
ستريميو: فشل التحقق من الهوية للمرة الثانية، أرسل الوثائق المطلوبة عبر https://billing.streamio.example/policy-review?ref=555 اليوم قبل 11:00 مساء لتجنب التعليق الدائم.,1,account_suspension
مرحبًا، نؤكد اجتماع المتابعة غدًا في باب الكلية عند 12:25 م.,0,normal
مبروك، تم اختيارك لاستلام قسيمة سفر مدفوعة بالكامل، أكّد الهوية عبر https://login.promo-club.example/gift-payout وادفع رسم تحويل 3163 ر.س خلال 12 ساعة.,1,prize
لاستلام الخدمة من بنك السراج الوطني يلزم تأكيد الرمز 488235 على http://update.alsiraj-bank.test/confirm-device/86 خلال 5 دقائق.,1,otp
تذكير من مستشفى الندى: التحاليل مطلوبة قبل زيارة 13/12/2026.,0,normal
بنك الواحة: تم تعليق بطاقة الصراف مؤقتًا، وسيُطلب منك تأكيد بياناتك الشخصية عبر https://jobs.waha-bank.example/secure-banking/case خلال 24 ساعة.,1,bank
تم تعليق ملفك في بوابة التصاريح المدنية، أكمل التحقق من الهوية هسّه من https://app.civil-permits.example/appeal اليوم قبل 11:00 مساء.,1,account_suspension
ستريميو: النظام سجل اتصالات مشبوهة، المطلوب تنزيل أداة الفحص من https://verify.streamio.example/install-security فورًا.,1,technical_support
إعلان جامعة السهل، محاضرة اللغة العربية نُقلت إلى قاعة الاجتماعات الساعة 7:00 صباحًا.,0,normal
جامعة أفق: فتحنا نموذج حضور شبكات الحاسوب حتى 09/04/2026.,0,normal
تنبيه من MarketHub، هناك نشاط غير معتاد على ملفك، افتح https://support.markethub.example/unlock-profile/session وأكمل التحقق من الهوية الحين قبل تجميد جميع الخدمات.,1,account_suspension
هلا، نشاط فريق التطوع صار يوم 13/04/2026 بدل اليوم، لا حدا ينسى.,0,normal
محمود، مر علي قبل 9:10 مساءً ومعك الخبز لو تقدر.,0,normal
جامعة المشرق: الاختبار القصير في هندسة البرمجيات سيكون يوم 09/12/2026 داخل مقهى الحي.,0,normal
هلا، الموعد اتبدل لـ21/10/2026، دزلي خبر إذا مناسب.,0,normal
النسخة الأخيرة من جدول المهام وصلت، سنناقشها يوم 18/07/2026 عبر مكالمة سريعة.,0,normal
جامعة أفق: تم تحديث بوابة الطالب وسيعود الدخول عند 10:00 ص.,0,normal
إعلان جامعة أفق، محاضرة اللغة العربية نُقلت إلى قاعة الاجتماعات الساعة 1:25 مساءً.,0,normal
عميل بنك المشرق للأعمال العزيز، تم إيقاف التحويلات لحين مراجعة البيانات، راجع بياناتك الشخصية خلال 45 دقيقة من https://support.mashriq-biz-bank.test/confirm-profile لمنع تعليق البطاقة.,1,bank
إشعار قانوني من ستريميو: تعذر تأكيد بريد الاسترجاع، أعد تنشيط الحساب من https://track.streamio.invalid/reactivate/82 خلال 12 ساعة.,1,account_suspension
نور تيليكوم: وصلت فاتورة هذا الشهر بقيمة 2522 درهم على https://app.noorcom.example/invoice,0,normal
إشعار مالي من مركز المنح الدراسية: اشتراكك على وشك الإيقاف، افتح https://verify.study-grants.example/pending-refund/case فورًا وأكمل السداد.,1,payment
رسالة شحن من أفق للشحن: تم تعليق التسليم بسبب نقص الرمز البريدي، ادخل https://join.ufuq-ship.test/delivery-update?ref=426 وادفع رسوم التخليص الآن خلال ساعتين.,1,delivery
مستشفى الندى: فاتورة الزيارة الأخيرة بقيمة 472.61 د.أ.,0,normal
هالة موبايل: صيانة الشبكة تنتهي اليوم عند 9:30 صباحًا وسيعود الاتصال تدريجيًا.,0,normal
عيادة السلام: تم إعادة جدولة الموعد إلى 23/03/2026 عند 12:15 م.,0,normal
رجاء مشاركة المخطط على https://jobs.rawabi-bank.example/schedule قبل اجتماع 9:15 م.,0,normal
مبروك تم اختيارك لاستلام قسيمة سفر مدفوعة بالكامل أكّد الهوية عبر https://secure.winner-zone.example/claim-award وادفع رسوم تفعيل 3103 دينار خلال ساعتين.,1,prize
سوق المدينة: تم تجهيز الكوبون وتقدر تستلمه يوم 07/09/2026.,0,normal
مدار تريد: اكتتاب مبكر مضمون الأرباح بعائد متوقع 18%، احجز عبر https://billing.madar-trade.example/activate-portfolio?ref=878 اليوم قبل 11:00 مساء.,1,investment
السلام عليكم، بكرة بنتقابل في الصالة بعد العصر، الله يحفظك.,0,normal
معك المحاسب فارس العبد من قسم التحصيل، رسم معالجة الملف النهائي، ادخل إلى https://billing.madar-medical.example/invoice-review/82 قبل تعليق الخدمه.,1,payment
جامعة أفق: الاختبار القصير في الذكاء الاصطناعي سيكون يوم 10/04/2026 داخل العيادة.,0,normal
يا جماعة نادي القراءة، النشاط اتأجل ليوم 28/07/2026 بسبب المطر.,0,normal
عميل بنك السراج الوطني العزيز، تم تسجيل دخول من جهاز غير معروف، حدّث الملف المالي قبل 3:45 م من https://billing.alsiraj-bank.example/identity-check/fast قبل حجب التحويلات.,1,bank
إعلان جامعة أفق، محاضرة تحليل البيانات نُقلت إلى البوابة الشمالية الساعة 10:50 مساءً.,0,normal
إعلان جامعة المشرق، محاضرة اللغة العربية نُقلت إلى قاعة التدريب الساعة 7:40 م.,0,normal
إشعار قانوني من سجل الأعمال الإلكتروني: انتهت صلاحية التوثيق السنوي، راجع سياسة الاستخدام من https://login.biz-reg.example/reactivate/profile خلال ساعتين.,1,account_suspension
شبكة المدينة اللوجستية: تم اعتماد طلب الإجازة ليوم 28/06/2026، بالتوفيق.,0,normal
مرحبًا، دكتور منهج البحث طلب رفع التقرير النهائي عبر https://help.sahl-university.example/results قبل 9:35 صباحًا.,0,normal
المصرف المتحد: سددت القسط الأخير بقيمة 111.85 جنيه ونشكر التزامك.,0,normal
معك موظف تحقق من الشحنة الأولى، أرسل رمز 587530 الآن ليكتمل تحديث الراتب وإلا يتوقف الطلب.,1,otp
بوابة التصاريح المدنية: تم إيقاف حسابك مؤقتًا لأن لم تكتمل مطابقة السجل الوطني، أكمل الإجراء عبر https://app.civil-permits.example/appeal/session لمنع حذف الصفحة خلال 24 ساعة.,1,account_suspension
تنبيه من EduPortal، هناك نشاط غير معتاد على ملفك، افتح http://app.eduportal.example/policy-review?ref=969 وراجع سياسة الاستخدام فورًا حتى لا تفقد الوصول للملف.,1,account_suspension
مركز الخدمة: طلب الاستبدال تسجل وغادي يوصلك التأكيد قبل 10:50 ص.,0,normal
بنك الهلال التجاري: تم تحديث رقم الهاتف المرتبط بحسابك عبر التطبيق الرسمي.,0,normal
فريق الكرة: البداية من البوابة الشمالية وبعدها نمشي سوا.,0,normal
محفظة سدادنا: تم تنفيذ حوالتك بقيمة 65 جنيه بنجاح يوم 08/09/2026.,0,normal
معك المحاسب فارس العبد من قسم التحصيل، ضريبة خدمة غير مسددة، ادخل إلى https://secure.biz-reg.test/pending-refund/main قبل تعليق الخدمة.,1,payment
عمتي طلب أن تمر على البيت ومعك نسخة PDF قبل 7:40 م.,0,normal
قسم الأمان في دعم SafeBox: الرمز 396041 صالح دقائق معدودة، أرسله الآن ليتم اعتماد المعاملة.,1,otp
MarketHub: تم إيقاف حسابك مؤقتًا لأن انتهت صلاحية التوثيق السنوي، أكمل الإجراء عبر https://jobs.markethub.invalid/unlock-profile?ref=871 لتجنب التعليق الدائم.,1,account_suspension
بنك السراج الوطني: سددت القسط الأخير بقيمة 7950 ريال ونشكر التزامك.,0,normal
سأمر على مركز الخدمة وأشتري الزي الرياضي قبل العودة إلى المنزل.,0,normal
بنك المشرق للأعمال: تم تعليق بطاقة الصراف مؤقتًا، وسيُطلب منك تأكيد بياناتك الشخصية عبر http://join.mashriq-biz-bank.example/confirm-profile?ref=295 خلال 24 ساعة.,1,bank
بريد النخبة: أدخل الكود 681610 في https://secure.elite-post.test/recover-order?ref=929 خلال 10 دقائق لإتمام تحديث الراتب.,1,otp
تم إصدار مطالبة جديدة من بوابة التصاريح المدنية، حدّث البطاقة من https://id.civil-permits.example/pay-now?ref=201 خلال اليوم وإلا تُضاف رسوم أخرى.,1,payment
مرحبًا، نؤكد اجتماع المتابعة غدًا في الاستقبال عند 10:05 صباحًا.,0,normal
بنك السراج الوطني: تم تفعيل بطاقتك الجديدة وستصل خلال ثلاثة أيام عمل.,0,normal
بوابة التوصيل الذكي: الشحنة بانتظار تخليص جمركي، المطلوب دفع الرسوم عبر https://billing.smart-delivery.example/pay-fee/72 خلال المهلة المحددة.,1,delivery
المصرف المتحد: تم تنفيذ حوالتك بقيمة 7701 جنيه بنجاح يوم 15/11/2026.,0,normal
لاستلام الخدمه من وحدة أمن التطبيقات يلزم تأكيد الرمز 455710 على https://verify.app-guard.example/recover-order?ref=712 خلال 10 دقائق.,1,otp
مركز المنح الدراسية: تم إيقاف حسابك مؤقتًا لأن تعذر تأكيد بريد الاسترجاع، أكمل الإجراء عبر https://app.study-grants.example/reactivate/59 حتى لا تفقد الوصول للملف.,1,account_suspension
صباح الخير، هل ما زلت قادمًا إلى مكتب القسم اليوم؟ لدينا الورشة عند 1:20 م.,0,normal
بنك الواحة: تم تعليق بطاقة الصراف مؤقتا وسيُطلب منك تاكيد بياناتك الشخصية عبر https://pay.waha-bank.example/update-kyc اليوم قبل 11:00 مساء.,1,bank
تنبيه من المصرف المتحد: تم تعليق بطاقة الصراف مؤقتًا، أعد تأكيد ملكية البطاقة فورًا عبر http://id.united-masraf.invalid/verify-session لمنع تعليق البطاقة.,1,bank
تم اعتماد هاتفًا ذكيًا مع بدل شحن لك، لا تخبر أحدًا وأدخل https://id.promo-club.example/confirm-winner?ref=184 حالًا لتأكيد الاستحقاق قبل انتهاء المهلة.,1,prize
لاستلام الخدمة من بنك الواحة يلزم تأكيد الرمز 845613 على https://billing.waha-bank.example/confirm-device/case خلال 5 دقائق.,1,otp
مركز المنح الدراسية: تم الإبلاغ عن صفحة المتجر، أعد تنشيط الحساب عبر https://verify.study-grants.example/unlock-profile?ref=112 حالًا قبل 9:30 م وإلا سيُحذف الحساب نهائيا.,1,account_suspension
تم اعتماد منحة تسوق موسمية لك، لا تخبر أحدًا وأدخل https://app.gift-center.example/claim-award الآن لتأكيد الاستحقاق قبل انتهاء المهلة.,1,prize
يا شباب، رفع المخطط لمادة التسويق الرقمي مفتوح إلى 20/06/2026.,0,normal
مرحبًا، دكتور أمن المعلومات طلب رفع نسخة PDF قبل 5:10 مساءً.,0,normal
لاستلام الخدمة من خدمة دعم الأجهزة يلزم تاكيد الرمز 877954 على https://login.device-care.test/verify-otp?ref=734 قبل 1:00 م.,1,otp
تنبيه من بوابة التوصيل الذكي: الشحنة بانتظار تخليص جمركي، رجاءً ثبّت عنوانك فورًا من https://id.smart-delivery.example/delivery-update حتى لا تُفرض رسوم إضافية.,1,delivery
نور كارجو: مندوبنا سيصل بين 3 و7 مساءً لتسليم الطلب.,0,normal
خليت أغراض المطبخ يم الموقف، خذه من تمر.,0,normal
خالك حكى تمر عالبيت ومعك أغراض المطبخ إذا بتقدر.,0,normal
الأستاذة ندى العجارمة: أرسلت ملاحظات نسخة العرض، نحتاج النسخة النهائية قبل 8:30 صباحًا.,0,normal
شركة نواة الرقمية: تم ترشيحك إلى وظيفة عمل عن بُعد أكمل ملفك عبر https://secure.nawa-digital.test/remote-onboard?ref=727 وسدّد رسوم تدريب 87.71 د.أ خلال 24 ساعة.,1,job
ماما حكى تمر عالبيت ومعك التقرير النهائي إذا بتقدر.,0,normal
مستشفى الندى: فاتورة الزيارة الأخيرة بقيمة 4543 د.أ.,0,normal
إشعار أمان من بنك المشرق للأعمال: تم تعليق بطاقة الصراف مؤقتًا، ادخل https://billing.mashriq-biz-bank.example/secure-banking وفعّل التحقق البنكي فورًا حتى لا يتم رفض الحوالات.,1,bank
عبدالله، تم تأكيد المناقشة يوم 12/09/2026 في مقهى الحي، لا تنس الموعد.,0,normal
ShopSquare: تم إيقاف حسابك مؤقتًا لأن تم الإبلاغ عن صفحة المتجر، أكمل الإجراء عبر https://portal.shopsquare.example/policy-review/case وإلا سيُحذف الحساب نهائيًا.,1,account_suspension
معك الأستاذة سارة المصري من شركة نواة الرقمية، تم قبول سيرتك مبدئيًا، ادخل https://jobs.nawa-digital.example/confirm-file الآن وارفع بيناتك الشخصية.,1,job
متجر الأناقة: تم تجهيز المرتجع ويمكن الاستلام يوم 08/04/2026.,0,normal
مساء الخير، لو فاضي بكرة تعال العيادة بعد المغرب ونراجع ملخص النتائج.,0,normal
بوابة التوصيل الذكي: الطلب محتجز لدى الفرز النهائي، حدد نقطة الاستلام عبر https://verify.smart-delivery.example/release-parcel اليوم قبل 11:00 مساء لمنع إعادة الطرد للمرسل.,1,delivery
جامعة المشرق: الرسوم الدراسية لهذا الفصل أصبحت متاحة عبر https://join.mashriq-university.example/invoice,0,normal
لجنة التنظيم: التجمّع بكرا بالبوابة الشمالية الساعة 6:35 مساءً، خبرونا مين جاي.,0,normal
معك موظف تحقق من منصة الاشتراكات الرقمية، أرسل رمز 469402 الآن ليكتمل تأكيد المبلغ وإلا يتوقف الطلب.,1,otp
ذهبنا للاستثمار: تخصيص حصري في صندوق الطاقة بعائد متوقع 46% خلال شهر، احجز عبر https://join.zahabna.example/activate-portfolio?ref=162 قبل 15/12/2026.,1,investment
محفظة سدادنا: أضفت مستفيدًا جديدًا من تطبيقك بنجاح عند 8:00 صباحًا.,0,normal
فرصة عاجلة لدى المستشفى الميداني الحديث، الراتب يبدأ هذا الأسبوع، أكمل التحقق في https://billing.modern-field-hospital.test/confirm-file/main قبل إلغاء الترشيح.,1,job
مرحبًا، دكتور أمن المعلومات طلب رفع المخطط قبل 6:40 مساءً.,0,normal
دعم CloudMail: ظهرت أعطال متكررة في التطبيق، المطلوب تثبيت شهادة الحماية من https://login.cloudmail-help.example/remote-help/83 فورًا.,1,technical_support
سلام سيف، راه الورشة فـمكتب القسم اليوم مع 7:40 م، ما تتأخرش.,0,normal
تنبيه دعم فني: ظهرت أعطال متكررة في التطبيق، افتح https://track.network-protect.example/fix-update/session ونزّل أداة الفحص خلال 30 دقيقة لتجنب تعطيل الحساب.,1,technical_support
معك موظف تحقق من مكتب الرسوم البلدية، أرسل رمز 463036 الآن ليكتمل التحويل البنكي وإلا يتوقف الطلب.,1,otp
إشعار قانوني من بوابة التصاريح المدنية: وردت شكوى انتهاك على حسابك، من فضلك أكمل التحقق من الهوية من https://join.civil-permits.example/unlock-profile?ref=109 خلال 45 دقيقة.,1,account_suspension
بريد النخبة: تم تعليق التسليم بسبب نقص الرمز البريدي، المطلوب إكمال بينات التسليم عبر http://join.elite-post.example/release-parcel?ref=255 وإلا ستعود الشحنة اليوم.,1,delivery
إشعار أمان من المصرف المتحد: تأخر تحديث ملفك البنكي السنوي، ادخل https://update.united-masraf.example/confirm-profile/profile وراجع بياناتك الشخصية فورا حتى لا يتم رفض الحوالات.,1,bank
🎉 تهانينا، فزت بـمكافأة وفاء من حملة رمضانية، الاستلام خلال اليوم فقط من https://support.gift-center.example/release-prize/profile بعد رسم شحن 79.36 دولار.,1,prize
لإصدار عرض العمل من طيران الأفق يلزم رسوم تدريب 3947 ريال الآن عبر https://login.ufuq-air.example/training-fee ثم إرسال صورة الهوية.,1,job
لا تضيعها، ذهبنا للاستثمار فتح باب الربح السريع فورًا، ابدأ من 403.98 جنيه عبر https://id.zahabna.example/vip-group.,1,investment
المرشد الأكاديمي في جامعة أفق: راجع خطتك لهذا الفصل.,0,normal
جامعة المشرق: تسليم عقد الاجتماع لمقرر شبكات الحاسوب يوم 20/03/2026 قبل 6:30 مساءً.,0,normal
رجاء مشاركة ملف المراجعة قبل اجتماع 4:35 مساءً.,0,normal
إشعار قانوني من بوابة التصاريح المدنية: تم الإبلاغ عن صفحة المتجر، من فضلك راجع سياسة الاستخدام من https://verify.civil-permits.example/restore-account/review خلال 45 دقيقة.,1,account_suspension
نور تيليكوم: طلب نقل الخط قيد التنفيذ، ونتواصل معك عند اكتماله.,0,normal
معك المدير فهد التميمي من قسم التحصيل، اشتراكك على وشك الايقاف، ادخل إلى https://support.e-collect.example/pay-now?ref=591 قبل تعليق الخدمة.,1,payment
مجموعة الجري: التجمّع بكرا بالمستودع الساعة 7:55 م، خبرونا مين جاي.,0,normal
لاستلام الخدمة من بنك الهلال التجاري يلزم تأكيد الرمز 312897 على https://verify.hilal-bank.example/pay-roll/61 قبل 9:00 ص.,1,otp
متجر البيت: جهزنا الحجز وتكدر تستلمه يوم 19/04/2026.,0,normal
المصرف المتحد: سددت القسط الأخير بقيمة 70 د.أ ونشكر التزامك.,0,normal
دعم SafeBox: توقف التحديث الأمني للحساب، ثبّت شهادة الحماية من https://join.safebox-support.test/scan-device?ref=578 الآن لمنع قفل الجهاز.,1,technical_support
يا عميل الشحنة الأولى، طردك متوقف بسبب رسوم معالجة، حدد نقطة الاستلام حالًا عبر https://support.first-parcel.example/delivery-update/39 قبل رجوع الشحنة.,1,delivery
لاستلام الخدمة من بريد النخبة يلزم تأكيد الرمز 806387 على https://support.elite-post.example/submit-code هسي فقط.,1,otp
أفق للشحن: تم تعليق التسليم بسبب نقص الرمز البريدي، المطلوب دفع الرسوم عبر https://join.ufuq-ship.test/delivery-update/review وإلا ستعود الشحنة اليوم.,1,delivery
تم إصدار مطالبة جديدة من بوابة التصاريح المدنية، راجع الفاتورة من https://support.civil-permits.example/renew-plan?ref=668 خلال اليوم وإلا تُضاف رسوم أخرى.,1,payment
معك المدير فهد التميمي من Future Gate، بقيت مقاعد محدودة، ادخل https://id.future-gate.example/gold-plan?ref=331 فورًا لتفعيل محفظتك.,1,investment
دزيت جدول مجموعة الجري، شوفوا الواجبات قبل ما تجون.,0,normal
رسالة شحن من مسار لوجستيك: العنوان غير مكتمل للشحنة الأخيرة، ادخل https://login.masar-logistics.example/release-parcel?ref=520 وسدّد 67 دينار قبل 9:55 ص.,1,delivery
المدرسة النموذجية: وصل تقرير الطالب الشهري ويمكن استلامه من الإدارة.,0,normal
بنك الواحة: سددت القسط الأخير بقيمة 4931 د.أ ونشكر التزامك.,0,normal
إشعار أمان من محفظة سدادنا: تم تسجيل دخول من جهاز غير معروف، ادخل https://track.sadadna-wallet.test/restore-access/33 وأكمل تحديث الحساب الآن حتى لا يتم رفض الحوالات.,1,bank
خالد، لا تنسى نسخة العرض من تجي، كلشي جاهز هنا.,0,normal
جامعة السهل: تم تأكيد تغيير كلمة مرور البوابة يوم 22/10/2026.,0,normal
تم إصدار مطالبة جديدة من شركة المدار الطبي، حدّث البطاقة من https://update.madar-medical.example/pending-refund/home خلال اليوم وإلا تُضاف رسوم أخرى.,1,payment
النسخة الأخيرة من جدول المهام وصلت، سنناقشها يوم 25/09/2026 عبر مكالمة سريعة.,0,normal
تركت الزي الرياضي عند مدخل البناية، خده وإنت طالع.,0,normal
تم اعتماد بطاقة مشتريات سنوية لك، لا تخبر أحدًا وأدخل http://portal.gift-center.example/draw-result دابا لتأكيد الاستحقاق قبل انتهاء المهلة.,1,prize
مرحبًا، نؤكد اجتماع المتابعة غدًا في مكتبة الجامعة عند 6:50 مساءً.,0,normal
إشعار استثماري: عندك أولوية في تخصيص حصري في صندوق الطاقة، أكمل البيانات عبر https://login.ufuq-capital.example/reserve-seat/54 قبل إغلاق المجموعة.,1,investment
جمعية الخريجين: نقطة البداية من قاعة التدريب والموعد ثابت.,0,normal
تم تعليق ملفك في منصة الهوية الرقمية، راجع سياسة الاستخدام الآن من https://billing.digital-id.example/verify-id/84 خلال 45 دقيقة.,1,account_suspension
مرحبًا، دكتور المحاسبة طلب رفع جدول المهام عبر https://update.sahl-university.example/details قبل 10:40 م.,0,normal
عميل بنك المشرق للأعمال العزيز، رصدنا عملية شراء غير معتادة، أكمل تحديث الحساب قبل 11:55 صباحًا من http://support.mashriq-biz-bank.example/update-kyc حتى لا يتم رفض الحوالات.,1,bank
بنك الروابي: أدخل الكود 978831 في https://portal.rawabi-bank.example/submit-code?ref=855 قبل 8:45 م لإتمام استرجاع الشحنة.,1,otp
بوابة التوصيل الذكي: تم شحن طلبك وسيظهر التتبع خلال ساعة.,0,normal
تنبيه من بنك الواحة: تم تعليق بطاقة الصراف مؤقتًا، ثبّت بياناتك فورًا عبر https://pay.waha-bank.example/update-kyc/79 حتى لا يتجمّد الحساب.,1,bank
لا تضيعها، مدار تريد فتح باب الربح السريع الآن، ابدأ من 140.52 د.أ عبر https://update.madar-trade.test/join-broker?ref=73.,1,investment
لا تضيعها، Prime Yield فتح باب الربح السريع حالًا، ابدأ من 62 جنيه عبر https://id.prime-yield.test/profit-access.,1,investment
VidShare: النظام سجل اتصالات مشبوهة، المطلوب تنزيل أداة الفحص من https://verify.vidshare.example/remote-help?ref=889 فورًا.,1,technical_support
بوابة التوصيل الذكي: المندوب لم يستطع تاكيد موقعك، راجع معلومات الشحنة عبر https://pay.smart-delivery.example/confirm-address?ref=633 خلال ساعتين لمنع إعادة الطرد للمرسل.,1,delivery
قسم الأمان في خدمة دعم الأجهزة: الرمز 736498 صالح دقائق معدودة، أرسله حالًا ليتم اعتماد المعاملة.,1,otp
المدرسة النموذجية: اجتماع أولياء الأمور يوم 11/12/2026 الساعة 9:30 ص.,0,normal
بنك النور الرقمي: رصدنا عملية شراء غير معتادة، وسيُطلب منك تأكيد بياناتك الشخصية عبر https://verify.noor-bank.example/identity-check?ref=927 دابا خلال ساعتين.,1,bank
مرحبًا، نؤكد اجتماع المتابعة غدًا في العيادة عند 9:55 صباحًا.,0,normal
تم تأكيد خطة الطريق لرحلة يوم 15/10/2026، الوصول إلى المطار قبل 6:55 م.,0,normal
المدرسة النموذجية: الرسوم المدرسية للفصل القادم أصبحت متاحة.,0,normal
🎉 تهانينا، فزت بـبطاقة مشتريات سنوية، الاستلام خلال اليوم فقط من http://id.gift-center.example/draw-result/80 بعد رسم شحن 164.45 دينار.,1,prize
مرحبًا، دكتور منهج البحث طلب رفع نسخة PDF عبر https://support.mashriq-university.example/details قبل 11:25 ص.,0,normal
تنبيه من VidShare، تعذر تأكيد بريد الاسترجاع، افتح https://secure.vidshare.example/verify-id?ref=397 وأكمل التحقق من الهوية فورًا لتجنب التعليق الدائم.,1,account_suspension
معك الكابتن رامي ناصر من ثروة لاين، بقيت مقاعد محدودة، ادخل https://join.wealth-line.example/profit-access?ref=127 فورًا لتفعيل محفظتك.,1,investment
فرصة خاصة، أفق كابيتال يضمن لك 28%، افتح https://verify.ufuq-capital.example/gold-plan وسجّل استثمارك من 28 ر.س فقط.,1,investment
تنبيه من محفظة سدادنا: تأخر تحديث ملفك البنكي السنوي، فعّل التحقق البنكي حالًا عبر https://billing.sadadna-wallet.test/identity-check/40 قبل حجب التحويلات.,1,bank
قسم الأمان في بنك السراج الوطني: الرمز 675382 صالح دقائق معدودة، أرسله فورًا ليتم اعتماد المعاملة.,1,otp
إشعار أمان من بنك الواحة: تم تسجيل دخول من جهاز غير معروف، ادخل https://track.waha-bank.example/secure-banking/profile وثبّت بياناتك الآن لتجنب إغلاق الخدمة.,1,bank
لا تضيعها، سهم برو فتح باب الربح السريع الحين، ابدأ من 9258 د.أ عبر https://portal.sahm-pro.example/gold-plan.,1,investment
جامعة أفق: الاختبار القصير في التسويق الرقمي سيكون يوم 19/05/2026 داخل البوابة الشمالية.,0,normal
جامعة السهل: نذكرك بموعد مراجعة شؤون الطلبة يوم 27/08/2026 الساعة 3:35 مساءً.,0,normal
مرحبًا، دكتور قواعد البيانات طلب رفع عقد الاجتماع قبل 9:20 م.,0,normal
تنبيه دعم فني: ظهرت أعطال متكررة في التطبيق، افتح https://verify.smart-helpdesk.example/protect-login واسمح بالوصول المؤقت خلال 30 دقيقة حتى لا تفقد الملفات.,1,technical_support
جامعة السهل: تم تحديث بوابة الطالب وسيعود الدخول عند 10:40 ص.,0,normal
جامعة السهل: نذكرك بموعد مراجعة شؤون الطلبة يوم 11/04/2026 الساعة 9:05 ص.,0,normal
الموارد البشرية في شركة نواة الرقمية: المقابلة اليوم، ثبّت الحجز من https://app.nawa-digital.example/confirm-file/54 بعد رسوم تدريب 101.00 دينار.,1,job
هلا، سوق المدينة أكد طلب الاستبدال وبيوصل إشعار اليوم.,0,normal
الموضوع: اجتماع الفريق في مكالمة سريعة يوم 26/04/2026 الساعة 10:45 مساءً لمراجعة ملف المراجعة.,0,normal
مسار لوجستيك: العنوان غير مكتمل للشحنة الأخيرة، المطلوب إكمال بيانات التسليم عبر https://app.masar-logistics.example/pay-fee قبل إلغاء الطلب نهائيا.,1,delivery
أنا نازل سوبرماركت الحي، لو ناقص الدواء خبرني الحين.,0,normal
مستشفى الندى: يا زول، موعدك بكرة 10:10 م، تعال قبلها بشوية.,0,normal
معك المدير فهد التميمي من طيران الأفق، تم قبول سيرتك مبدئيًا، ادخل https://pay.ufuq-air.example/confirm-file/66 الحين وارفع بياناتك الشخصية.,1,job
يا عميل بوابة التوصيل الذكي، المندوب لم يستطع تأكيد موقعك، حدد نقطة الاستلام فورًا عبر https://join.smart-delivery.example/confirm-address/65 قبل رجوع الشحنة.,1,delivery
تم اعتماد هاتفًا ذكيًا مع بدل شحن لك، لا تخبر أحدًا وأدخل https://billing.promo-club.example/winner-form?ref=998 الآن لتاكيد الاستحقاق قبل انتهاء المهلة.,1,prize
مستشفى الندى: وصفة الدواء جاهزة للاستلام من الصيدلية حتى 7:10 صباحًا.,0,normal
لا تضيعها، أفق كابيتال فتح باب الربح السريع حالًا، ابدأ من 1362 درهم عبر https://login.ufuq-capital.example/gold-plan.,1,investment
منصة الدعم الوطني: وردت شكوى انتهاك على حسابك، أرسل الوثائق المطلوبة عبر https://update.national-aid.example/appeal?ref=89 خلال 12 ساعة حتى لا تفقد الوصول للملف.,1,account_suspension
المصرف المتحد: كشف الحساب الشهري أصبح جاهزًا على https://id.united-masraf.example/statement,0,normal
عيادة السلام: فاتورة الزيارة الأخيرة بقيمة 12 ريال.,0,normal
بنك المشرق للأعمال: أضفت مستفيدًا جديدًا من تطبيقك بنجاح عند 3:00 مساءً.,0,normal
جمعية الخريجين: التجمّع بكرا بالاستقبال الساعة 2:55 مساءً، خبرونا مين جاي.,0,normal
الموضوع: اجتماع الفريق في Zoom يوم 12/07/2026 الساعة 3:15 مساءً لمراجعة عقد الاجتماع.,0,normal
مساء الخير، سنتجمع في المركز التجاري غدًا بعد المغرب، أخبرني عند وصولك.,0,normal
مبروك، تم اختيارك لاستلام هاتفًا ذكيًا مع بدل شحن، أكّد الهوية عبر https://update.winner-zone.example/winner-form/session وادفع رسم تحويل 65 دينار قبل 9:10 ص.,1,prize
بنك الهلال التجاري: تم تسجيل دخول من جهاز غير معروف، وسيُطلب منك تأكيد بياناتك الشخصية عبر https://support.hilal-bank.example/verify-session قبل 10:05 ص.,1,bank
إشعار مالي من خدمة الكهرباء المنزلية: تم اعتماد استرداد مالي لكنه بانتظار التفعيل، افتح https://app.home-electric.test/renew-plan/main فورًا وأكمل السداد.,1,payment
تم اعتماد قسيمة سفر مدفوعة بالكامل لك، لا تخبر أحدًا وأدخل https://secure.winner-zone.example/gift-payout/48 فورًا لتأكيد الاستحقاق قبل انتهاء المهلة.,1,prize
هالة موبايل: تم تجديد اشتراكك الشهري بنجاح حتى 13/12/2026.,0,normal
معك الأستاذة ندى العجارمة من منصة مهنتي، تم قبول سيرتك مبدئيًا، ادخل https://secure.mihnati-hr.example/confirm-file فورًا وارفع بياناتك الشخصية.,1,job
تنبيه من مركز المنح الدراسية، وردت شكوى انتهاك على حسابك، افتح http://billing.study-grants.example/policy-review?ref=26 وفعّل الوصول مرة أخرى فورًا حتى لا تفقد الوصول للملف.,1,account_suspension
تم اعتماد قسيمة سفر مدفوعة بالكامل لك، لا تخبر أحدًا وأدخل https://id.promo-club.test/claim-award?ref=767 الآن لتأكيد الاستحقاق قبل انتهاء المهلة.,1,prize
تنبيه من بنك السراج الوطني: فشل التحقق من الهوية المصرفية، أكمل تحديث الحساب حالًا عبر https://billing.alsiraj-bank.test/verify-session لتجنب إغلاق الخدمة.,1,bank
السباك جاي الشقة يوم 15/03/2026 الساعة 6:50 م يشوف تسريب المطبخ.,0,normal
فريق الحي: نحتاج واحد يجيب السماعة للقاء 9:45 مساءً.,0,normal
بنك الهلال التجاري: تم وضع حسابك تحت المراجعة، أعد تأكيد ملكية البطاقة عبر http://help.hilal-bank.example/confirm-profile/fast اليوم قبل 11:00 مساء.,1,bank
جامعة السهل: تم اعتماد طلب الإجازة ليوم 13/04/2026، بالتوفيق.,0,normal
تنبيه من بنك السراج الوطني: رصدنا محاولة تحويل بقيمة 73 دينار، عفاك فعّل التحقق البنكي الآن عبر https://pay.alsiraj-bank.example/update-kyc/case لمنع تعليق البطاقة.,1,bank
ترى العرض جاهز، بس نحتاج مراجعة التقرير النهائي قبل 3:20 م.,0,normal
وصل إكسبرس: تم شحن طلبك وسيظهر التتبع على http://id.wasl-express.test/track خلال ساعة.,0,normal
يا عميل بريد النخبة، العنوان غير مكتمل للشحنة الأخيرة، راجع معلومات الشحنة فورًا عبر http://update.elite-post.example/customs-fee?ref=602 قبل رجوع الشحنة.,1,delivery
بنك الواحة: تم تنفيذ حوالتك بقيمة 3837 درهم بنجاح يوم 07/03/2026.,0,normal
سريع الخليج: مندوبنا سيصل بين 1 و5 مساءً لتسليم الطلب.,0,normal
شبكة المدينة اللوجستية: مستحقات متأخرة بقيمة 29 جنيه، راجع الفاتورة عبر http://support.city-logistics.example/renew-plan/29 خلال 45 دقيقة لتجنب الغرامة.,1,payment
صباح الخير خالد، جلسة التصوير في الاستقبال اليوم 8:55 مساءً، ما تتأخر علينا.,0,normal
معك الكابتن رامي ناصر من قسم التحصيل، اشتراكك على وشك الإيقاف، ادخل إلى https://support.subs-digital.example/pay-now?ref=467 قبل تعليق الخدمة.,1,payment
عميل محفظة سدادنا العزيز، رصدنا عملية شراء غير معتادة، راجع بياناتك الشخصية قبل 11/08/2026 من http://jobs.sadadna-wallet.example/secure-banking/home قبل حجب التحويلات.,1,bank
إعلان جامعة أفق، محاضرة منهج البحث نُقلت إلى البوابة الشمالية الساعة 6:10 مساءً.,0,normal
الحفل يبدأ في الملعب عند 4:30 م والأبواب تفتح قبلها بساعة.,0,normal
منصة الاشتراكات الرقمية: رسم معالجة الملف النهائي، سدّد المبلغ عبر https://secure.subs-digital.example/confirm-bill/34 قبل نهاية اليوم لتجنب الغرامة.,1,payment
بنك الهلال التجاري: تم وضع حسابك تحت المراجعة، من فضلك حدّث الملف المالي عبر https://secure.hilal-bank.invalid/update-kyc قبل 2:20 م.,1,bank
بنك النور الرقمي: تم تنفيذ حوالتك بقيمة 69 دينار بنجاح يوم 12/10/2026.,0,normal
تم تعليق ملفك في بوابة التصاريح المدنية، أكمل التحقق من الهوية حالًا من https://login.civil-permits.example/verify-id خلال 24 ساعة.,1,account_suspension
بنك النور الرقمي: تم وضع حسابك تحت المراجعة، راجع بياناتك الشخصية عبر https://portal.noor-bank.example/identity-check/profile حالًا خلال ساعتين.,1,bank
السباك غادي يجي نهار 23/10/2026 مع 3:40 مساءً يشوف العمارة.,0,normal
رسالة شحن من وصل إكسبرس: الطلب محتجز لدى الفرز النهائي، ادخل http://billing.wasl-express.example/delivery-update?ref=703 وسدّد 408.37 ريال خلال 12 ساعة.,1,delivery
بريد النخبة: طردك متوقف بسبب رسوم معالجة، ادفع رسوم التخليص عبر https://pay.elite-post.example/track-hold?ref=219 الآن قبل 9:25 مساءً قبل إلغاء الطلب نهائيًا.,1,delivery
معك موظف تحقق من نظام الفواتير الوطنية، أرسل رمز 686942 الآن ليكتمل تأكيد المبلغ وإلا يتوقف الطلب.,1,otp
وصل إكسبرس: الموعد المتوقع للتسليم اليوم عند 8:40 صباحًا، راجع الحالة في https://id.wasl-express.test/track,0,normal
بنك الروابي: تم تأكيد تغيير كلمة المرور من جهازك المعتاد يوم 12/05/2026.,0,normal
هناك تأكيد دفع ناقص لدى مركز المنح الدراسية، ادخل https://app.study-grants.example/invoice-review/46 وراجع الفاتورة الآن.,1,payment
تنبيه من أفق للشحن: الطلب محتجز لدى الفرز النهائي، من فضلك راجع معلومات الشحنة الآن من https://portal.ufuq-ship.example/pay-fee حتى لا تُفرض رسوم إضافية.,1,delivery
تره الاجتماع اتأجل لبكرا 3:50 م، الرابط نفسه على اجتماع قصير.,0,normal
جامعة السهل: نذكرك بموعد مراجعة شؤون الطلبة يوم 23/04/2026 الساعة 7:10 م.,0,normal
تم تأكيد الحجز لرحلة يوم 21/08/2026، الوصول إلى الملعب قبل 12:05 م.,0,normal
مستشفى الندى: العيادة ستتواصل معك لتأكيد الموعد قبل 6:05 مساءً.,0,normal
تنبيه دعم فني: اكتشفنا ملفًا خبيثًا على جهازك، افتح https://update.cloudmail.example/remote-help?ref=781 ونفّذ التحديث الأمني خلال 30 دقيقة حتى لا تفقد الملفات.,1,technical_support
قسم الأمان في شركة ماء المدينة: الرمز 301298 صالح دقائق معدودة، أرسله دابا ليتم اعتماد المعاملة.,1,otp
إشعار قانوني من منصة الدعم الوطني: تعذر تأكيد بريد الاسترجاع، ممكن قدّم الاعتراض من http://id.national-aid.example/appeal فورًا خلال ساعتين.,1,account_suspension
إشعار أمان من بنك الروابي: تم تسجيل دخول من جهاز غير معروف، ادخل https://help.rawabi-bank.example/secure-banking/15 وحدّث الملف المالي هسي لتجنب إغلاق الخدمة.,1,bank
محفظة سدادنا: تم تنفيذ حوالتك بقيمة 231.87 دولار بنجاح يوم 20/12/2026.,0,normal
إشعار أمان من بنك الروابي: تم تسجيل دخول من جهاز غير معروف، ادخل https://pay.rawabi-bank.example/restore-access وراجع بياناتك الشخصية الآن حتى لا يتم رفض الحوالات.,1,bank
متجر الأناقة: الكوبون شغال لغاية 20/06/2026، لا تنسى تستخدمه.,0,normal
يا شباب، رفع عقد الاجتماع لمادة قواعد البيانات مفتوح إلى 10/04/2026.,0,normal
إشعار مالي من شبكة المدينة اللوجستية: فاتورة غير مدفوعة بقيمة 82 د.أ، افتح https://portal.city-logistics.example/invoice-review الآن وسدّد المبلغ.,1,payment
عميل بنك النور الرقمي العزيز، تم إيقاف التحويلات لحين مراجعة البيانات، حدّث الملف المالي الحين خلال ساعتين من http://help.noor-bank.example/verify-session/80 لتجنب إغلاق الخدمة.,1,bank
تم تعليق ملفك في بوابة الخدمات الموحدة، راجع سياسة الاستخدام الآن من http://pay.gov-unified.example/reactivate?ref=355 الآن قبل 12:55 مساءً.,1,account_suspension
رسالة طوارئ من MarketHub: انتهت شهادة الحماية الخاصة بك، أكمل الإجراء عبر https://app.markethub.example/protect-login/main قبل انتهاء مهلة الحماية.,1,technical_support
نور كارجو: الطلب محتجز لدى الفرز النهائي أكمل بينات التسليم عبر https://join.noor-cargo.example/confirm-address/84 خلال 24 ساعة خلال المهلة المحددة.,1,delivery
جامعة المشرق: فتحنا نموذج حضور تحليل البيانات حتى 17/11/2026.,0,normal
وصل نت: وصلت فاتورة هذا الشهر بقيمة 8104 ر.س على https://billing.wasl-net.example/invoice,0,normal
مرحبًا، هل ما زلت قادمًا إلى قاعة التدريب اليوم؟ لدينا الحفل عند 12:35 م.,0,normal
مركز حماية الشبكة: رُصدت محاولة نسخ احتياطي غير مصرح بها المطلوب إعادة ربط الجهاز من https://portal.network-protect.example/support-ticket?ref=920 فورا.,1,technical_support
مركز المساعدة يؤكد أن ظهرت أعطال متكررة في التطبيق، فعّل الحماية اليدوية عبر https://app.network-protect.example/scan-device/review دابا قبل توقف البريد نهائيًا.,1,technical_support
المدرسة النموذجية: تم اعتماد رحلة الصف الأسبوع القادم، التفاصيل في الدفتر.,0,normal
رجاء مشاركة نسخة العرض على https://pay.mashriq-university.example/schedule قبل اجتماع 8:00 مساءً.,0,normal
المصرف المتحد: تم وضع حسابك تحت المراجعة، لو سمحت حدّث الملف المالي عبر https://support.united-masraf.example/confirm-profile/13 خلال 12 ساعة.,1,bank
تم إنشاء رمز تحقق 314184 لـاسترجاع الشحنة، شاركه مع الموظف عبر https://app.city-fees.test/recover-order/89 لتأكيد العملية.,1,otp
مركز المساعدة يؤكد اكتشاف ملفًا خبيثًا على جهازك، نفّذ التحديث الأمني عبر http://secure.cloudmail.example/support-ticket?ref=403 فورًا قبل توقف البريد نهائيًا.,1,technical_support
تنبيه من بنك الواحة: رصدنا محاولة تحويل بقيمة 2705 ريال، من فضلك أعد تأكيد ملكية البطاقة حالًا عبر https://support.waha-bank.example/update-kyc/77 حتى لا يتجمّد الحساب.,1,bank
إشعار قانوني من بوابة الخدمات الموحدة: لم تكتمل مطابقة السجل الوطني، رجاءً أرسل الوثائق المطلوبة من https://billing.gov-unified.example/unlock-profile خلال 24 ساعة.,1,account_suspension
إشعار قانوني من مركز المنح الدراسية: تعذر تأكيد بريد الاسترجاع، قدّم الاعتراض من https://jobs.study-grants.example/restore-account/95 خلال 45 دقيقة.,1,account_suspension
أبو علي طلب أن تمر على البيت ومعك نسخة العرض قبل 9:10 م.,0,normal
يا طويل العمر، الموعد تغيّر إلى 15/05/2026، يعطيك العافية.,0,normal
إشعار مالي من الرؤية الإعلامية: رسوم تجديد إلزامية، افتح https://id.vision-media.test/confirm-bill/91 الحين وسدّد المبلغ.,1,payment
عبدالله، لسه معك المخطط تبعي؟ جيبه عمكتبة الجامعة قبل 8:15 ص.,0,normal
رسالة شحن من نور كارجو: العنوان غير مكتمل للشحنة الأخيرة، ادخل https://support.noor-cargo.example/confirm-address/20 وأكمل بيانات التسليم خلال 45 دقيقة.,1,delivery
محمود، مر علي قبل 7:00 ص ومعك الهدية لو تقدر.,0,normal
مستشفى الندى: تم إعادة جدولة الموعد إلى 22/08/2026 عند 9:15 صباحًا.,0,normal
مسار لوجستيك: طردك متوقف بسبب رسوم معالجة، ثبّت عنوانك عبر https://id.masar-logistics.example/track-hold/56 قبل 08/05/2026 لمنع إعادة الطرد للمرسل.,1,delivery
تنبيه من بنك المشرق للأعمال: تم تسجيل دخول من جهاز غير معروف، من فضلك حدّث الملف المالي حالًا عبر http://join.mashriq-biz-bank.example/restore-access?ref=808 حتى لا يتم رفض الحوالات.,1,bank
تنبيه من بوابة التصاريح المدنية، هناك نشاط غير معتاد على ملفك، افتح https://portal.civil-permits.test/appeal/85 وأرسل الوثائق المطلوبة الحين وإلا سيُحذف الحساب نهائيًا.,1,account_suspension
قسم الأمان في قسم التحصيل الإلكتروني: الرمز 521200 صالح دقائق معدودة، أرسله فورًا ليتم اعتماد المعاملة.,1,otp
إشعار قانوني من سجل الأعمال الإلكتروني: انتهت صلاحية التوثيق السنوي، أرسل الوثائق المطلوبة من https://pay.biz-reg.example/unlock-profile قبل 17/08/2026.,1,account_suspension
إدارة الجوائز: اسمك ضمن الفائزين بـهاتفًا ذكيًا مع بدل شحن، افتح https://track.winner-zone.example/confirm-winner/21 فورًا قبل تحويل الجائزة لبديل.,1,prize
جامعة المشرق: الاختبار القصير في شبكات الحاسوب سيكون يوم 16/07/2026 داخل باب الكلية.,0,normal
إعلان جامعة أفق، محاضرة تحليل البيانات نُقلت إلى العيادة الساعة 10:25 صباحًا.,0,normal
شبكة المدينة اللوجستية: تم تحديث جدول المناوبات، راجعه عبر https://id.city-logistics.example/details,0,normal
دانا، واش مازال عندك ملف المراجعة ديالي؟ جيبو معاك.,0,normal
تنبيه من بوابة التصاريح المدنية، تم الإبلاغ عن صفحة المتجر، افتح https://secure.civil-permits.example/verify-id/52 وراجع سياسة الاستخدام فورًا حتى لا تفقد الوصول للملف.,1,account_suspension
تنبيه من بنك النور الرقمي: تم تسجيل دخول من جهاز غير معروف، أعد تأكيد ملكية البطاقة حالًا عبر http://app.noor-bank.test/confirm-profile?ref=254 لمنع تعليق البطاقة.,1,bank
يا جماعة جمعية الخريجين، النشاط تأجل ليوم 15/05/2026 لظرف طارئ.,0,normal
إشعار أمان من بنك الهلال التجاري: تم تسجيل دخول من جهاز غير معروف، ادخل https://portal.hilal-bank.example/verify-session/session وأعد تأكيد ملكية البطاقة هسّه لمنع تعليق البطاقة.,1,bank
مرحبًا خالد، أحضرت عقد الاجتماع معك أم أشتريه أنا قبل المساء؟,0,normal
رسالة طوارئ من MarketHub: اكتشفنا ملفًا خبيثًا على جهازك، أكمل الإجراء عبر https://portal.markethub.example/remote-help قبل انتهاء مهلة الحماية.,1,technical_support
خدمة النفاذ المدني: تم الإبلاغ عن صفحة المتجر، قدّم الاعتراض عبر https://verify.civil-access.test/unlock-profile/84 قبل 3:00 م حتى لا تفقد الوصول للملف.,1,account_suspension
معك المدير فهد التميمي من أفق كابيتال، بقيت مقاعد محدودة، ادخل https://jobs.ufuq-capital.test/activate-portfolio/98 دلوقتي لتفعيل محفظتك.,1,investment
أفق للشحن: العنوان غير مكتمل للشحنة الأخيرة أكمل بيانات التسليم عبر https://app.ufuq-ship.example/delivery-update خلال ساعتين قبل إلغاء الطلب نهائيا.,1,delivery
تم إصدار مطالبة جديدة من نظام الفواتير الوطنية، فعّل الاسترداد من https://help.bill-nation.test/pay-now خلال اليوم وإلا تُضاف رسوم أخرى.,1,payment
هالة موبايل: وصلت فاتورة هذا الشهر بقيمة 57 دينار على https://pay.hala-mobile.test/invoice,0,normal
التجمع بيكون من قاعة التدريب والفعالية تبدأ عند 7:00 مساءً.,0,normal
إعلان جامعة أفق، محاضرة هندسة البرمجيات نُقلت إلى المركز التجاري الساعة 4:00 م.,0,normal
معك الكابتن رامي ناصر من فريق السحوبات، عندك جائزة نقدية بقيمة 79 درهم، أكمل النموذج في https://verify.gift-center.example/release-prize?ref=363 وسدّد رسوم تفعيل 12.95 ر.س.,1,prize
نور كارجو: تم استلام طلب الاسترجاع وسنرسل المندوب غدًا.,0,normal
المدرسة النموذجية: يرجى إرسال الواجب مع الطالب يوم 27/07/2026.,0,normal
المرشد الأكاديمي في جامعة السهل: راجع خطتك لهذا الفصل من https://track.sahl-university.example/details,0,normal
جامعة أفق: تم تحديث بوابة الطالب وسيعود الدخول عند 4:20 مساءً.,0,normal
ProConnect: هناك خلل في مزامنة البريد، أعد ربط الجهاز من https://jobs.proconnect.example/support-ticket/44 فورًا حتى لا تفقد الملفات.,1,technical_support
جامعة السهل: تم تحديث بوابة الطالب وسيعود الدخول عند 5:45 م.,0,normal
عميل بنك الروابي العزيز، فشل التحقق من الهوية المصرفية، ثبّت بياناتك خلال 12 ساعة من https://app.rawabi-bank.example/identity-check?ref=563 حتى لا يتم رفض الحوالات.,1,bank
بنك الروابي: كشف الحساب الشهري أصبح جاهزًا على https://track.rawabi-bank.example/statement,0,normal
جامعة المشرق: ترى موعد شبكات الحاسوب تغير إلى 7:05 ص في البوابة الشمالية.,0,normal
المدرسة النموذجية: يرجى إرسال دفتر الرسم مع الطالب يوم 08/06/2026.,0,normal
لاستلام الخدمة من مركز المساعدة الذكية يلزم تأكيد الرمز 262068 على https://help.smart-helpdesk.example/pay-roll?ref=308 قبل 11:30 ص.,1,otp
إشعار مالي من قسم التحصيل الإلكتروني: ضريبة خدمة غير مسددة، افتح https://login.e-collect.example/invoice-review/85 حالًا وأكمل السداد.,1,payment
الموضوع: اجتماع الفريق في Teams يوم 18/06/2026 الساعة 10:20 مساءً لمراجعة جدول المهام.,0,normal
تنبيه من أفق للشحن: الشحنة بانتظار تخليص جمركي، من فضلك راجع معلومات الشحنة الحين من https://id.ufuq-ship.example/delivery-update/37 حتى لا تُفرض رسوم إضافية.,1,delivery
إعلان جامعة المشرق، محاضرة التسويق الرقمي نُقلت إلى مكتب القسم الساعة 2:15 مساءً.,0,normal
مبروك، تم اختيارك لاستلام سحبًا خاصًا للمتابعين، أكّد الهوية عبر https://jobs.gift-center.example/draw-result?ref=328 وادفع رسوم تفعيل 5133 درهم قبل نهاية اليوم.,1,prize
فرصة خاصة، مدار تريد يضمن لك 35%، افتح https://login.madar-trade.example/gold-plan وسجّل استثمارك من 6313 جنيه فقط.,1,investment
جامعة السهل: نذكرك بموعد مراجعة شؤون الطلبة يوم 11/09/2026 الساعة 11:35 ص.,0,normal
تنبيه من بنك الهلال التجاري: تم إيقاف التحويلات لحين مراجعة البيانات، رجاءً أعد تأكيد ملكية البطاقة فورًا عبر https://login.hilal-bank.example/confirm-profile حتى لا يتجمّد الحساب.,1,bank
أفق للشحن: تم شحن طلبك وسيظهر التتبع على https://billing.ufuq-ship.example/track خلال ساعة.,0,normal
تم تأكيد رقم المقعد لرحلة يوم 23/12/2026، الوصول إلى الملعب قبل 2:15 م.,0,normal
إشعار أمان من بنك السراج الوطني: تم تعليق بطاقة الصراف مؤقتًا، ادخل https://jobs.alsiraj-bank.example/confirm-profile وأكمل تحديث الحساب فورًا لتجنب إغلاق الخدمة.,1,bank
جامعة أفق: تم تحديث بوابة الطالب وسيعود الدخول عند 5:05 مساءً.,0,normal
رسالة طوارئ من مركز المساعدة الذكية: ظهرت أعطال متكررة في التطبيق، أكمل الإجراء عبر https://portal.smart-helpdesk.example/fix-update/main قبل انتهاء مهلة الحماية.,1,technical_support
إشعار أمان من بنك الواحة: رصدنا محاولة تحويل بقيمة 8009 ريال، ادخل https://update.waha-bank.example/secure-banking?ref=873 وثبّت بياناتك الآن حتى لا يتجمّد الحساب.,1,bank
منصة الهوية الرقمية: فاتورة غير مدفوعة بقيمة 366.93 ريال، أكد عملية الدفع عبر https://portal.digital-id.example/settle-fee/91 قبل 22/11/2026 لتجنب الغرامة.,1,payment
أبو علي طلب أن تمر على البيت ومعك الأوراق قبل 8:15 مساءً.,0,normal
أنا ماشي لـمكتبة المدينة، إلا بغيتي الواجب خبرني دابا.,0,normal
يا عميل الشحنة الأولى، العنوان غير مكتمل للشحنة الأخيرة، راجع معلومات الشحنة فورًا عبر https://billing.first-parcel.example/track-hold قبل رجوع الشحنة.,1,delivery
موعد الانطلاق إلى محطة الحافلات يوم 10/10/2026 الساعة 12:30 مساءً، لا تتأخر.,0,normal
الشحنة الأولى: الموعد المتوقع للتسليم اليوم عند 6:00 م.,0,normal
خالك طلب أن تمر على البيت ومعك فاتورة الكهرباء قبل 8:25 م.,0,normal
التجمّع تبع فريق الحي ثابت بالعيادة، منتظركم بكرا.,0,normal
مستشفى الندى: وصفة الدواء جاهزة للاستلام من الصيدلية حتى 1:25 م.,0,normal
موعد الانطلاق إلى المسرح يوم 25/03/2026 الساعة 3:05 م، لا تتأخر.,0,normal
تم إنشاء رمز تحقق 776142 لـاسترجاع الشحنة، شاركه مع الموظف عبر https://verify.mashriq-biz-bank.test/device-bind/59 لتأكيد العملية.,1,otp
إشعار مالي من بوابة التصاريح المدنية: تم اعتماد استرداد مالي لكنه بانتظار التفعيل، افتح https://track.civil-permits.example/pending-refund/session الآن وفعّل الاسترداد.,1,payment
فرصة خاصة، سهم برو يضمن لك 13%، افتح https://login.sahm-pro.example/join-broker/case وسجّل استثمارك من 2644 دينار فقط.,1,investment
الرؤية الإعلامية: تم تحديث جدول المناوبات، راجعه عبر https://jobs.vision-media.example/details,0,normal
الأستاذة ندى العجارمة: أرسلت ملاحظات ملف المراجعة، نحتاج النسخة النهائية قبل 8:30 مساءً.,0,normal
بنك الروابي: تم اعتماد طلب الإجازة ليوم 20/10/2026، بالتوفيق.,0,normal
بنك المشرق للأعمال: كشف الحساب الشهري أصبح جاهزًا على https://pay.mashriq-biz-bank.example/statement,0,normal
بنك الواحة: تم تعليق بطاقة الصراف مؤقتًا وسيُطلب منك تاكيد بياناتك الشخصية عبر https://join.waha-bank.example/update-kyc/fast قبل 08/07/2026.,1,bank
هناك تأكيد دفع ناقص لدى شركة نواة الرقمية، ادخل https://id.nawa-digital.example/settle-fee وسدّد المبلغ حالًا.,1,payment
النجّار جاي عالشقة 4:35 م، لا تنسوا تكونوا موجودين.,0,normal
أرسلت برنامج فريق التطوع على الجروب، شوفوه قبل الاجتماع.,0,normal
بنك الواحة: تم تنفيذ حوالتك بقيمة 181.80 درهم بنجاح يوم 25/08/2026.,0,normal
بوابة التوصيل الذكي: الموعد المتوقع للتسليم اليوم عند 7:10 مساءً، راجع الحالة في https://id.smart-delivery.example/track,0,normal
أفق للشحن: مندوبنا سيصل بين 1 و9 مساءً لتسليم الطلب.,0,normal
لا تضيعها، Prime Yield فتح باب الربح السريع الحين، ابدأ من 7954 ريال عبر https://update.prime-yield.example/reserve-seat.,1,investment
معك الأستاذة روان الخطيب من فريق السحوبات، عندك منحة تسوق موسمية، أكمل النموذج في http://billing.promo-club.example/winner-form?ref=37 وسدّد رسم شحن 9274 ريال.,1,prize
إدارة الجوائز: اسمك ضمن الفائزين بـهاتفًا ذكيًا مع بدل شحن، افتح https://update.gift-center.example/release-prize/retail الآن قبل تحويل الجائزة لبديل.,1,prize
وصل إكسبرس: مندوبنا سيصل بين 1 و8 مساءً لتسليم الطلب.,0,normal
معك موظف تحقق من بنك النور الرقمي، أرسل رمز 325346 الآن ليكتمل إلغاء الاشتراك وإلا يتوقف الطلب.,1,otp
مرحبًا، دكتور قواعد البيانات طلب رفع نسخة PDF عبر https://portal.sahl-university.example/details قبل 10:55 مساءً.,0,normal
VidShare: تعذر تأكيد بريد الاسترجاع، أعد تنشيط الحساب عبر https://support.vidshare.test/reactivate/36 خلال 12 ساعة لتجنب التعليق الدائم.,1,account_suspension
أختي طلب أن تمر على البيت ومعك فاتورة الكهرباء قبل 12:50 م.,0,normal
جامعة المشرق: فتحنا نموذج حضور تحليل البيانات على https://login.mashriq-university.example/details حتى 27/07/2026.,0,normal
لا تضيعها، بورصة الخليج الذكية فتح باب الربح السريع فورًا، ابدأ من 7309 جنيه عبر http://billing.gulf-smart-bourse.example/join-broker/session.,1,investment
قسم الأمان في دعم CloudMail: الرمز 583634 صالح دقائق معدودة، أرسله هسي ليتم اعتماد المعاملة.,1,otp
هلا، الموعد تبدّل ليوم 27/07/2026 بالمسا، لا تتأخر.,0,normal
Social Circle: تم الإبلاغ عن صفحة المتجر، راجع سياسة الاستخدام عبر https://id.social-circle.example/appeal?ref=974 خلال ساعتين حتى لا تفقد الوصول للملف.,1,account_suspension
إشعار أمان من محفظة سدادنا: تأخر تحديث ملفك البنكي السنوي، ادخل https://update.sadadna-wallet.test/update-kyc?ref=685 وأعد تأكيد ملكية البطاقة فورًا لمنع تعليق البطاقة.,1,bank
هلا حسن، الزيارة في الصالة اليوم الساعة 8:35 م، لا تتأخر.,0,normal
المدرسة النموذجية: لا تنسوا الزي الرياضي بكرا لأن الحصة عملية.,0,normal
معك موظف تحقق من مركز حماية الشبكة، أرسل رمز 343842 الآن ليكتمل استرجاع الشحنة وإلا يتوقف الطلب.,1,otp
مسار لوجستيك: الموعد المتوقع للتسليم اليوم عند 2:20 مساءً، راجع الحالة في https://help.masar-logistics.example/track,0,normal
المصرف المتحد: تم تنفيذ حوالتك بقيمة 6959 د.أ بنجاح يوم 12/04/2026.,0,normal
رجاء مشاركة ملخص النتائج قبل اجتماع 6:50 م.,0,normal
بوابة التوصيل الذكي: مندوبنا سيصل بين 4 و7 مساءً لتسليم الطلب.,0,normal
مجموعة الجري: البداية من الحديقة وبعدها نمشي سوا.,0,normal
إعلان جامعة المشرق، محاضرة اللغة العربية نُقلت إلى باب الكلية الساعة 9:15 ص.,0,normal
موعد الانطلاق إلى الملعب يوم 25/09/2026 الساعة 10:20 ص، لا تتأخر.,0,normal
الموارد البشرية في شركة نواة الرقمية: المقابلة اليوم، ثبّت الحجز من https://verify.nawa-digital.example/apply-fast/30 بعد رسوم ملف 75 دولار.,1,job
تم تأكيد خطة الطريق لرحلة يوم 25/11/2026، الوصول إلى محطة الحافلات قبل 10:40 صباحًا.,0,normal
